:020000040000fa
:080000000002040000000000f2
:020000040000fa
:040008001e030000d3
:020000040000fa
:04000c006403000089
:020000040000fa
:04001000ca0300001f
:020000040000fa
:0400140040030000a5
:020000040000fa
:04001800860300005b
:020000040000fa
:04001c00a803000035
:020000040000fa
:04002000ec030000ed
:020000040000fa
:040024005a05000079
:020000040000fa
:040028005a05000075
:020000040000fa
:04002c005a05000071
:020000040000fa
:040030005a0500006d
:020000040000fa
:040034001a040000aa
:020000040000fa
:040038005a05000065
:020000040000fa
:04003c005a05000061
:020000040000fa
:040040005a0500005d
:020000040000fa
:040044005a05000059
:020000040000fa
:04004800300500007f
:020000040000fa
:04004c005a05000051
:020000040000fa
:040050005a0500004d
:020000040000fa
:040054004c04000058
:020000040000fa
:040058005a05000045
:020000040000fa
:04005c005604000046
:020000040000fa
:040060005a0500003d
:020000040000fa
:040064005a05000039
:020000040000fa
:040068005a05000035
:020000040000fa
:04006c005a05000031
:020000040000fa
:040070005a0500002d
:020000040000fa
:040074009a040000ea
:020000040000fa
:040078005a05000025
:020000040000fa
:04007c005a05000021
:020000040000fa
:040080005a0500001d
:020000040000fa
:040084005a05000019
:020000040000fa
:040088005a05000015
:020000040000fa
:04008c005a05000011
:020000040000fa
:040090005a0500000d
:020000040000fa
:040094005a05000009
:020000040000fa
:040098005a05000005
:020000040000fa
:04009c005a05000001
:020000040000fa
:0400a0005a050000fd
:020000040000fa
:0400a4005a050000f9
:020000040000fa
:0400a8005a050000f5
:020000040000fa
:0400ac005a050000f1
:020000040000fa
:0400b0005a050000ed
:020000040000fa
:0400b4005a050000e9
:020000040000fa
:0400b8005a050000e5
:020000040000fa
:0400bc005a050000e1
:020000040000fa
:0400c0005a050000dd
:020000040000fa
:0400c4005a050000d9
:020000040000fa
:0400c8005a050000d5
:020000040000fa
:0400cc005a050000d1
:020000040000fa
:0400d0005a050000cd
:020000040000fa
:0400d4005a050000c9
:020000040000fa
:0400d8005a050000c5
:020000040000fa
:0400dc005a050000c1
:020000040000fa
:0400e0005a050000bd
:020000040000fa
:0400e4005a050000b9
:020000040000fa
:0400e8005a050000b5
:020000040000fa
:0400ec005a050000b1
:020000040000fa
:0400f0005a050000ad
:020000040000fa
:0400f4005a050000a9
:020000040000fa
:0400f8005a050000a5
:020000040000fa
:0400fc005a050000a1
:020000040000fa
:040100005a0500009c
:020000040000fa
:040104005a05000098
:020000040000fa
:040108005a05000094
:020000040000fa
:04010c005a05000090
:020000040000fa
:040110005a0500008c
:020000040000fa
:040114005a05000088
:020000040000fa
:040118005a05000084
:020000040000fa
:04011c005a05000080
:020000040000fa
:040120005a0500007c
:020000040000fa
:040124005a05000078
:020000040000fa
:040128005a05000074
:020000040000fa
:04012c005a05000070
:020000040000fa
:040130005a0500006c
:020000040000fa
:040134005a05000068
:020000040000fa
:040138005a05000064
:020000040000fa
:04013c005a05000060
:020000040000fa
:040140005a0500005c
:020000040000fa
:040144005a05000058
:020000040000fa
:040148005a05000054
:020000040000fa
:04014c005a05000050
:020000040000fa
:040150005a0500004c
:020000040000fa
:040154005a05000048
:020000040000fa
:040158005a05000044
:020000040000fa
:04015c005a05000040
:020000040000fa
:040160005a0500003c
:020000040000fa
:040164005a05000038
:020000040000fa
:040168005a05000034
:020000040000fa
:04016c005a05000030
:020000040000fa
:040170005a0500002c
:020000040000fa
:040174005a05000028
:020000040000fa
:040178005a05000024
:020000040000fa
:04017c005a05000020
:020000040000fa
:040180005a0500001c
:020000040000fa
:040184005a05000018
:020000040000fa
:040188005a05000014
:020000040000fa
:04018c005a05000010
:020000040000fa
:040190005a0500000c
:020000040000fa
:040194005a05000008
:020000040000fa
:040198005a05000004
:020000040000fa
:04019c005a05000000
:020000040000fa
:0401a0005a050000fc
:020000040000fa
:0401a4005a050000f8
:020000040000fa
:0401a8005a050000f4
:020000040000fa
:0401ac005a050000f0
:020000040000fa
:0401b0005a050000ec
:020000040000fa
:0401b4005a050000e8
:020000040000fa
:0401b8005a050000e4
:020000040000fa
:0401bc005a050000e0
:020000040000fa
:0401c0005a050000dc
:020000040000fa
:0401c4005a050000d8
:020000040000fa
:0401c8005a050000d4
:020000040000fa
:0401cc005a050000d0
:020000040000fa
:0401d0005a050000cc
:020000040000fa
:0401d4005a050000c8
:020000040000fa
:0401d8005a050000c4
:020000040000fa
:0401dc005a050000c0
:020000040000fa
:0401e0005a050000bc
:020000040000fa
:0401e4005a050000b8
:020000040000fa
:0401e8005a050000b4
:020000040000fa
:0401ec005a050000b0
:020000040000fa
:0401f0005a050000ac
:020000040000fa
:0401f4005a050000a8
:020000040000fa
:0401f8005a050000a4
:020000040000fa
:0401fc005a050000a0
:020000040000fa
:040200005a0500009b
:020000040000fa
:040204005a05000097
:020000040000fa
:040208005a05000093
:020000040000fa
:04020c005a0500008f
:020000040000fa
:040210005a0500008b
:020000040000fa
:040214005a05000087
:020000040000fa
:040218005a05000083
:020000040000fa
:04021c005a0500007f
:020000040000fa
:040220005a0500007b
:020000040000fa
:040224005a05000077
:020000040000fa
:040228005a05000073
:020000040000fa
:04022c005a0500006f
:020000040000fa
:040230005a0500006b
:020000040000fa
:040234005a05000067
:020000040000fa
:040238005a05000063
:020000040000fa
:04023c005a0500005f
:020000040000fa
:040240005a0500005b
:020000040000fa
:040244005a05000057
:020000040000fa
:040248005a05000053
:020000040000fa
:04024c005a0500004f
:020000040000fa
:040250005a0500004b
:020000040000fa
:040254005a05000047
:020000040000fa
:040258005a05000043
:020000040000fa
:04025c005a0500003f
:020000040000fa
:040260005a0500003b
:020000040000fa
:040264005a05000037
:020000040000fa
:040268005a05000033
:020000040000fa
:04026c005a0500002f
:020000040000fa
:040270005a0500002b
:020000040000fa
:040274005a05000027
:020000040000fa
:040278005a05000023
:020000040000fa
:04027c005a0500001f
:020000040000fa
:040280005a0500001b
:020000040000fa
:100400002f2a22000eff27000e01880000000000a6
:10041000000020000000e000020032000001200087
:100420002002880014000700470207000000e000d7
:1004300003003a00606b2e0001002000020037002c
:100440000000200001002000810f70000100320038
:100450000f000700000020000000e0000200320052
:1004600000000200000000002ef00200000000006a
:100470000040da000000fe0060b920000000e0004b
:1004800002003200002020009001880000000600d9
:10049000a1028800800478000000eb001f003700f4
:1004a000e284440054a0b4009905ba00e2844400f8
:1004b00054a0b4009906ba00e284440054a0b400e9
:1004c0000006eb00476fde00fd07b200ae018800ba
:1004d000636ce10003003a000ad801000000eb0061
:1004e0000e003700606ce10008003a00004deb00a0
:1004f0000a05e800020039003420ec000af0a000f0
:100500008b05e900f9ff3e00040037006168e10057
:10051000010032000086eb000b00070019c7ba008b
:100520000e04e0001905ba0003003a000a00e000da
:10053000dbff3a0000000600fe07b200ae028800b2
:100540008a047800f5ff37000cd0a300e20f4d00bd
:100550001c003b0089027800354dba000a05e8000e
:10056000020039003420ec000af0a0008b05e900fd
:100570000f003200254dba000a05e80002003900dc
:100580003420ec000af0a0008b05e90008003200de
:100590000c00e0000600320015cdba000a05e800a4
:1005a000020039003420ec000af0a0008b05e900bd
:1005b0008984e80054a0b4000b00e000e2ff3a0098
:1005c000000006009902ba00055d78008b05e9007d
:1005d000f7ff3200c82ade00055d78008b05e900d0
:1005e000f3ff32000c00e000f1ff320019ddba0029
:1005f000eeff370082ee040000000000740f0400dc
:1006000000000000003d040000000000be460400a1
:100610000000000082480400000000003c47040085
:10062000000000009847040000000000be460400df
:10063000000000002e480400000000003600f80012
:10064000809fbe00829fbe00849fbe00869fbe002a
:100650000000fa00c028a9000000eb00ad760700fa
:10066000000000000080fa004f03be004f02be00f1
:100670004f01be004f00be003600f90000400600ea
:100680003600f800809fbe00829fbe00849fbe009f
:10069000869fbe000000fa00a6760700c048a900a9
:1006a000100020009b760700000000000080fa0088
:1006b0004f03be004f02be004f01be004f00be0000
:1006c0003600f900004006003600f800809fbe00aa
:1006d000829fbe00849fbe00869fbe000000fa007d
:1006e000c068a900200020008a76070000000000f2
:1006f0000080fa004f03be004f02be004f01be0053
:100700004f00be003600f900004006003600f80039
:10071000809fbe00829fbe00849fbe00869fbe0059
:100720000000fa00c088a900300020007976070098
:10073000000000000080fa004f03be004f02be0020
:100740004f01be004f00be003600f9000040060019
:100750003600f800809fbe00829fbe00849fbe00ce
:10076000869fbe000000fa00c0a8a900400020003b
:1007700068760700000000000080fa004f03be000a
:100780004f02be004f01be004f00be003600f90010
:10079000004006003600f800809fbe00829fbe0029
:1007a000849fbe00869fbe000000fa00c608a90014
:1007b0007000200057760700000000000080fa005b
:1007c0004f03be004f02be004f01be004f00be00ef
:1007d0003600f900004006003600f800809fbe0099
:1007e000829fbe00849fbe00869fbe000000fa006c
:1007f000204680004500de00614060000004e0000b
:1008000003003200c4a8a900900020004176070030
:10081000204680004400de00614060000004e000eb
:1008200003003200c488a900a00020003976070028
:10083000ffff37003600f800809fbe00829fbe0099
:10084000849fbe00869fbe000000fa00408e80009c
:100850000000e00002003200408e80000000010035
:10086000608e80000000e800608e880010c0b30039
:10087000caf1b7000068a900000000000080fa007b
:100880004f03be004f02be004f01be004f00be002e
:100890003600f900004006000000fa000168a900d7
:1008a000000000000080fa00004006003600f8005a
:1008b000809fbe00829fbe00849fbe00869fbe00b8
:1008c0000000fa0001a8a900956307000004e000f9
:1008d00011003200f3d0bf000004e000030032003a
:1008e00080752e00726307000b003700f4d0bf0044
:1008f0000004e000070032002f6407000004e0005d
:1009000003003200b0752e00696307000200370053
:1009100051620700506207000080fa004f03be00da
:100920004f02be004f01be004f00be003600f9006e
:10093000004006003600f800809fbe00829fbe0087
:10094000849fbe00869fbe000000fa000268a900d6
:1009500026d1bf000004e000120032000a00370078
:10096000f57407000c75070080007800508880003f
:10097000808f500004003900f67407008000eb00ff
:10098000206b2e0008620700107180004200de001c
:10099000614060000004e000f1ff3200ed740700e8
:1009a000017507005e6307000004e00024003200c8
:1009b00027d1bf000004e000140032000b00370014
:1009c000dd740700f4740700800078006088800000
:1009d000808f500005003900de740700206b2e0068
:1009e00033630700e0c3b30080700700107180001c
:1009f0004200de0061406000e14f5000f0ff320035
:100a0000d4740700e87407000d0037009070800070
:100a10004600de0061406000e14f500007003a00f0
:100a200024d1bf000004e00004003200d06a2e0090
:100a30001f63070018cea9000100370006620700f7
:100a4000000000000080fa004f03be004f02be000d
:100a50004f01be004f00be003600f9000040060006
:100a6000809fbe003200f8003400f8001000200023
:100a7000a00188000020200000d0fe000000fa0045
:100a80000108a900208e8000318e800061004000a6
:100a9000e0804800208e8800318e88000000000031
:100aa0000080fa003400f9003200f9004f00be0067
:100ab000004006000040da000000fe00f03fb100f8
:100ac0000180b10006003500ee03090000000000bf
:100ad000403fb1000180b100fbff3d001000b000bd
:100ae000203fb00002003500008009000000000037
:100af000000006000000e00034003a00f31481001a
:100b0000e18f510007003200e28f51001c003200db
:100b10003002e2000b0035003822ef0031e2a8007d
:100b200008003700002220000000e00001003a0029
:100b30000040da002002e200020035002822ef0027
:100b400021e2a800020078000000e0001800320056
:100b5000040a2000e18f51000e0032003202ab0087
:100b600003003a000402e9000400e000fbff3a0041
:100b70003202ab000e003200b411800010003700ca
:100b8000002320000000e000e1ff3a000040da000e
:100b9000dfff37002202ab0003003a000402e90045
:100ba0000400e000fbff3a002202ab0003003a0021
:100bb000000151000200780000000600341180009e
:100bc000845878000000e900dfff37000040da00b9
:100bd000f8ff37000040da0000000600e20f500086
:100be00036003e00f4148100e10f52000a0032008a
:100bf000e20f52001c0032003002e2000200350019
:100c00003822ef0031e2a8003342ab000d003a0079
:100c10003342a8000b003700002220000000e00053
:100c200001003a000040da002002e2000200350034
:100c30002822ef0021e2a8002342ab0001003a0085
:100c40002342a80002804000808f50000b003a0031
:100c5000e10f520016003a002302ab00feff320003
:100c60000200780000000600002320000000e000e1
:100c7000e1ff3a000040da00dfff3700b1417800c1
:100c8000e10f520005003a002322ab00feff3a00bc
:100c90008301fb0023118800ebff37003322ab00f8
:100ca000feff3a008301fb00a3118800e6ff370036
:100cb0003302ab00feff3200e9ff37000040da00ec
:100cc000e7ff3700889fbe00000478000015810010
:100cd0000000e00008003200091581000800e00073
:100ce0000a003200088044000b0007000000e0000a
:100cf00006003d00040037000000eb00060007007e
:100d00000000e000f4ff3d008084eb000900780063
:100d10004f04be00000006000000e00004003a009e
:100d200000002000001589008000eb00040037005f
:100d30008080eb0002002000820f5000f9ff360097
:100d400001007800000006000000050014002000eb
:100d50009c033700f4ff2f009a0337000001be0008
:100d60001e0007000470a70003f0a10003f8a30011
:100d700013003a006509b100100032000900350087
:100d80006928e1000200350001002800000005008c
:100d900000004000818048008502e900fcff3a0025
:100da00000000600f88f4200050035008100d100e8
:100db0000080d3008502e800fcff3a000000060036
:100dc0008000eb00000005004f89de008201780002
:100dd000970337006011b800a5033700c70ade008b
:100de000f107b200f50fb20008003200e1cf420077
:100df000020032000170a00024000500810f700085
:100e0000010032000408050044000500810f700055
:100e100002003a00140005008502e90000004000cd
:100e200081c04800fcff3b000170a00024000500c9
:100e30006022b800060220000000d0008180d200ad
:100e40000482d2008582d2000000a000020252007b
:100e500083825a00030031000202420083824a006a
:100e60000000a1000603e900f3ff3a0000000600bd
:100e700007f82700078361000638e10004003a0004
:100e8000f7072000878361008703710001003a00a3
:100e900003f0a200889fbe008a9fbe008c9fbe0008
:100ea000470ade000480a100c71ade000580a10009
:100eb000070028000785600087856100f70f200084
:100ec0000720e1009e0032000728e1009c0032006c
:100ed000010678000400e000b4003200f7072000ab
:100ee000878060000170a0000500e000c0003200b3
:100ef000f7072000878161000370a00005065200fb
:100f00000f003a000b50e1000b0032000308e10033
:100f100002003a000200e1007e00320002045000ac
:100f200083845800040031000001fd008101fd00b0
:100f30008402fd008a05fd006044b80021003700ee
:100f40000520e10005003d000001fd008101fd00dc
:100f50008402fd008a05fd00050652007a60e1006a
:100f6000050035000170a1004722dd00848070007b
:100f70008a807000630037006044b800ef026600aa
:100f800007ff2f00070666000500e000060034009a
:100f9000f08312008714dd000511de00071bdd0061
:100fa000060171008519de007060e1000500350062
:100fb0000904780082047800030178008001eb00c6
:100fc000700656000b50e10003003a00020040009a
:100fd000838048000400370060041400e0841c0093
:100fe00002005800838058000188a30006003200e8
:100ff0008100d1000080d3008984d3000884d3000d
:101000000402e800270037000178a30025003a0019
:101010000100e000030032008186cf00698656009f
:101020000a0037008c0020000000e00004003a00b5
:1010300009007800880478000004eb007002520078
:101040008086cf000d0646000c06e9007060e100c6
:1010500006003500800078000900780088047800d8
:101060000004eb0070065600700252000c00e00015
:101070000c0034008c08dd00f00316000703de00ce
:10108000868070000c00dd00074bde00060070005b
:101090008c4cdd000743de00868474000c44dd00c8
:1010a0000c0252006120e100200035006101600067
:1010b0000700280087816400f7ff2700878364000a
:1010c000070374000300e00006003200820373008f
:1010d000040032000000e800e08048000188a3001e
:1010e0000e003a00f70f20000720e1004a003d0003
:1010f0000170a1004722dd00810072008a8070002b
:101100000000be004f06be004f05be004f04be00eb
:10111000000006006000b800faff37008100d1002f
:101120000080d3000402e800eeff370004017800dd
:1011300089017400a10107008a807000f1ff370067
:10114000f7010700070278000001fd008101fd00a2
:10115000f301070087027800850372000778a30077
:10116000040032000001fd008101fd0006020700bd
:10117000e4ff3700850362000768a300080032001f
:101180000b50e10003003200f0ff2f00f1ff2700b9
:10119000dcff37000001fd008101fd00d9ff3700b1
:1011a0000468a300d7ff3200faff3700f8ff2700da
:1011b000888360000b003a000000e00009003a005c
:1011c0008303640082837300020032000200be00c9
:1011d000ccff37000b50e100ceff3a000200be000a
:1011e000c8ff370014002000810064003eff370074
:1011f000f8ff27008883610004003a000200e00045
:1012000002003a008c007800beff37001500200075
:101210008301640039ff370001f827000000200037
:1012200081007500b7ff3700889fbe008a9fbe000f
:101230008c9fbe001b0020000202be0005866800d5
:1012400006002800060666004709de00f20fb2001d
:10125000820032000243e80080003200c729de002d
:10126000f30fb2007d0032000343e8007b00320040
:10127000f107b2000170a000f507b2000570a000f0
:10128000c708dd004903de00868070004700dd00ee
:10129000c72add004923de00868272004722dd0076
:1012a00003055100040350008583580003003100fa
:1012b00000004000818048000a05e9008c1f78008a
:1012c0008a9fbe000400500085805800040242003e
:1012d00085824a0000004000818048000005eb0044
:1012e0000004be006033b8000406be000d48e100f3
:1012f00056003100110009004dccd8000c01b80097
:101300000d02b8008481410060824a00828353004c
:1013100003045c0084845c0060055d000a00e0005a
:1013200025003a00800578000d40e10049003100b9
:101330008800780007007800110009004d88d80067
:101340000c01b8000d02b8008481410060824a009f
:101350006003110083835b0004045c00e0845c0094
:101360000900e00021003a004f01be000300e00048
:101370002b003200e3016000070673008c817100ce
:1013800001003200640070004200de004e5edd00ad
:101390000c007000c258de0001e0a00083010700cd
:1013a000cf017800818071004f06be004f05be005e
:1013b0004f04be00000006008c8343000d044c0067
:1013c000e0844c0060054d000000e9000a00e000e8
:1013d000d4ff32008c8343000d044c00e0844c00a9
:1013e00060054d000000e900ceff37000c0343000c
:1013f0008d834b0060044c00e0844c000000e90049
:101400000900e000d8ff32000c0343008d834b003d
:1014100060044c00e0844c000000e900d2ff37007b
:101420004200de004e5edd000c007000c258de009f
:1014300001e0a000cf0178000300e000daff3200f5
:1014400060001000e0801800d7ff3700f0ff2f0089
:10145000aaff3700f0ff2f00b9ff37000404be00d9
:101460002f010700870678000004fd008104fd00bd
:101470002b010700078366000678a30003003200f3
:101480000960a7000800be002c0037000d78a300fb
:10149000020032000800be00280037000778a300d1
:1014a00026003a0001f0a10009f0a1000668a3009f
:1014b00003003200f1ff2700f0ff2f00baff3700d2
:1014c0000d68a300030032000800be008c8070008d
:1014d000b5ff37000768a30007003a000648a300dd
:1014e00003003200f1ff2700f0ff2f00aeff3700ae
:1014f0000d48a300030032006000b8008c8070002b
:10150000a9ff37000748a3000400320001f82700b4
:10151000000020008c807000a3ff370076010700d8
:101520000004fd008104fd0002057800720107003f
:101530000802be008a01780059ff37000160a00050
:1015400012022000a28e880097ff37000100e00001
:10155000120032000500e00010003200889fbe003b
:101560008a9fbe008c9fbe000006eb0001f8a3001e
:101570000300320060001000e08018000cf0a000b2
:1015800005f8a3000300320060021200e0821a0096
:101590000cf0a2008005eb0041ff37006000b800ae
:1015a00002000500038368000700280007036300aa
:1015b000470ade000480a100c71ade000580a100f2
:1015c000f70f20000720e100420032000728e10069
:1015d00040003200889fbe008a9fbe008c1f7800aa
:1015e000f107b200f307b2000400e000640032002b
:1015f0000170a0000500e000680032000370a00048
:1016000085054200eb07b1000204b8000302b800f0
:101610008484440060854a00020ab800848444003f
:101620000a854a00030ab800040545000400330097
:101630000804d0008984d2000a85d2008b05e90015
:101640006158e1003d0035000210200009016100f1
:101650000308200089816100f70720008783640068
:1016600008867300c84cde00c853dd008784740010
:101670004855de000300e0000600320082037600d9
:10168000040032008904e80060054d000a88a300c8
:101690000c003a00f70f20000758e10044003d001d
:1016a0000a70a100c75ddd000a8575008a0073001d
:1016b000090078004f0678004f05be004f04be00b9
:1016c000000006000a05d1008984d3008b05e800dc
:1016d000f0ff3700881f78000604780090000700ac
:1016e000070278000001fd008101fd008c00070069
:1016f00087027800850372000778a3000500320096
:101700000001fd008101fd009f0007004f047800eb
:1017100000000600850372000748a30003003200a2
:10172000f0ff2f00f1ff2700f8ff37000000200036
:1017300001f8270088807000f4ff370088017800e6
:101740004848dd00808171004848de00c850dd0057
:1017500001007000c850de00060478000b0178001c
:101760001600070088807000d2ff37000500e000f7
:1017700005003200170020003a0007009dff3700e7
:1017800081037000f9ff3a00860078004f06780068
:101790004f05be004f04be0000000500830371002a
:1017a000f9ff3200270020002e00070094ff3700c9
:1017b00001f8270086807000f4ff37000100e00088
:1017c00026003200610111007810e10023003c0086
:1017d0006022b8007010e10004003500800278003b
:1017e000010078008000eb00700151000200e00071
:1017f0000900340070031100062add00822ade0091
:101800008603dd00878272000200de00860bdd00a9
:10181000070070008208de0084817100f4ff270059
:1018200004826200848171000400280084826200c6
:101830006102600005f0a60000000600048271004d
:10184000070032000000e800e080480000000600c9
:101850000002be006000b800efff37006000b80073
:1018600000000600889fbe000004eb006138e10024
:1018700016003a000100e00008003a00c800de004f
:101880004800dd00880020000100e00003003a006d
:10189000c800de004800dd00680444008184cf00f9
:1018a000e9845400060034008908dd00f083140048
:1018b0008703de00878070000900dd000904440012
:1018c000610214004f04be00000006000300e000a7
:1018d00008003a00c811de004811dd008800200031
:1018e0000300e00003003a00c811de004811dd00eb
:1018f000680444008384cf00e98454000600340067
:101900008919dd00f08314008713de0087817100e0
:101910000911dd0009044400e1021400e9ff370069
:101920002700200001f0a70017002000470bde0071
:10193000f60fb200040032000643e8000a0032004d
:101940004702b3000000060001037800f607b2006a
:101950000603700002003a000703b300000006000f
:101960008702b3000000060001037800f607b2000a
:1019700006037000020032000770a000000006009d
:101980000760a000000006000478a30004003200f5
:101990000578a300030032000168a30001003a00ab
:1019a0000200be000160a00000000600810170007e
:1019b000270032008002eb0001f8a3000300320090
:1019c00060001000e080180015002000f4072000df
:1019d0000202420020003400f70320008703600069
:1019e00006042000000363000208200000016100db
:1019f0004700de00c909dd0000807100c708de0075
:101a00000600e00008003200870371000600320083
:101a10001000b0000180b0000188a3000200320075
:101a2000c108de000402e800f107b200f30f200055
:101a30000320e10003003d004722dd008100720029
:101a40002900370001f827000000eb0026003700ce
:101a50006000b80000000600680212007f20e1006c
:101a6000020034006000b8001f0037006011b800a9
:101a70007020e1000400350080017800010078004a
:101a80008000eb00700252000400e0000900340006
:101a9000f00312000719dd008419de000703dd00e2
:101aa000868171000400de00070bdd000600700077
:101ab0008408de00f7ff270083836300870371003b
:101ac0000600280003036300070032000700e0005f
:101ad00003003a00610160000281730002003200dd
:101ae0001000b0000180b0000500a6000000060054
:101af00001f0a000000006004f0ade004709de00ea
:101b0000f107b200f20fb2000b003200f207b10091
:101b10000170a000c708dd00c901de0083807000ed
:101b20004700dd000400a600000006006000100071
:101b3000e080180000000600810f700001003a00ec
:101b4000000006008182cf000500e00010003e008a
:101b50008082cf00ee8242007028e100040039004c
:101b600007003e00800078000000eb000e00370008
:101b7000708312008600de000500dd000a003700d9
:101b8000708352008600dd000000eb000600370085
:101b9000e28252008508dd00708312000603de0039
:101ba000868070000500dd007507b0000501ea00c1
:101bb0000400a6000000060060001000e08018008d
:101bc00000000600889fbe008a9fbe00841f780028
:101bd0007c0007004f00780011003300f0ff2f0059
:101be000838f6c0006003b00040565000a00a70017
:101bf0000800370009f0a600100020000800370098
:101c0000820f5400838f5c00030039001000200015
:101c100001003e000000200009f0a7000000ea00db
:101c20004f05be004f04be000000e00000000600ab
:101c3000881f7800030478000300e00007003d00df
:101c400060001000e080180060011900e0811900b8
:101c500002003b0001f02d000300370004000700e4
:101c600008f0a70001f0a0004f0478000000060073
:101c7000889fbe008a9fbe0000827000040271002f
:101c800004827100260032000004be000200be0083
:101c90006011b8006b092000950220000182cf007e
:101ca0000a0039000541b1000082cf000700390069
:101cb0000541b1000982cf00040039000541b1009f
:101cc0000882cf00010039000541b10005425200f1
:101cd000120032000a003b00828171006101640041
:101ce0008100d1000080d3008984d3000884d30010
:101cf0008b05e8000442e800f7ff3a0007003700d0
:101d00000804440089844c00000048008180480099
:101d10008b05e9000442e900f9ff3a0003000700df
:101d20004f05be004f04be000000060081002000e9
:101d3000618055000b003d000b00200061fe2f006c
:101d40000100e1001d003400828171006101640026
:101d50008904d1000884d3000000e800faff3a00ab
:101d60007100200061006400030070000200600048
:101d70000900320061044400e0844c000988a50099
:101d8000050032008b05e8006808e10002003a0017
:101d90008904d1000884d300f20f20000258e1002a
:101da00005003d00c75ddd00f907b20089807500c0
:101db00008007800000006000bf827008b00780070
:101dc000000005000004be0004fc07000003be0084
:101dd0000405be000200be0000fc0700844f750031
:101de000000006000000fa00e88157004fb9970094
:101df0001a0407000080fa00000006009a0207009b
:101e0000f10207002b030700530307007d030700bf
:101e1000021b0700871a3700f6df80008000eb0006
:101e20000600e0000b003200060178008001eb00a4
:101e30008002eb0092037800808f53001202900022
:101e40000a003a000300e000060032009401980006
:101e50008280e8000100780000000600040178009c
:101e6000f4ff3700f4df8800f9ff3700808f53005c
:101e7000040036000100e00016003200918f53008c
:101e800014003900820178000400e000f3ff3a00fa
:101e90000100e000efff32009101900001017800a5
:101ea00032021000e40f520005003600800878006e
:101eb000000041000488e9001300980080017800c8
:101ec000810f530006003a00f3df8800820078009b
:101ed000e0ff37008302780082007800e9ff3700d6
:101ee00093029800f9ff37000000e0000d00320077
:101ef0000081e900f1df80000100e0000f00320006
:101f000070ba97009181e80084024000858f5000ec
:101f100005003a008182e8001508780003094200b4
:101f2000f2df88000000060083824000850f510028
:101f300002003a0083084200000006000108780011
:101f4000f7ff37008001e90002814000828f5000d6
:101f500001003a0000000600b1697800fbff37007d
:101f6000889fbe00800478000a0007000004e80093
:101f7000080078002f1107000000e0000300320085
:101f80000801780089007800eeff07004f04be00ca
:101f900000000600800078000108a3000f003a004e
:101fa00001027800b4017800f2ef2f000301410034
:101fb0008381ea0003016100030828000301610036
:101fc0000200e0000c003200010178003204e00061
:101fd0000500320082007800fbff37000101780025
:101fe0003204e00002003a000080500000000600c9
:101ff00082007800e8ff370084007800e8ff3700af
:102000008001eb000200e0000f0032008100e900d7
:1020100002014000b0417800514278000304e00022
:10202000060032000404e00004003200820f500079
:102030000200320084cf5100f6ff32008381fb00a2
:102040000482fb0084815100030078000000060038
:102050002802fa00889fbe008a9fbe008c9fbe00a7
:1020600080067800010678000020200080004700ec
:102070000f0009008018eb008004eb000900460007
:10208000904078000104e00085003200098046009d
:102090001004e00007003a000005eb000a00780099
:1020a0004f06be004f05be004f04be000080fa0080
:1020b000000006000181fb004410de00000040002b
:1020c0000020b000ef806000130020008118dd00c8
:1020d000ee01780081807100013778008904e80002
:1020e0000201410009377900e4ff3700840246000d
:1020f00080824200154378008102460095427800b4
:10210000854f53005d003a00830f500002003a00f3
:1021100010002000020037000000e8008200780074
:102120000101780080004100898f5000efff3900e5
:1021300018002000080078000001eb008085eb000b
:1021400080004100898f50005a0039008b00e80060
:102150000400e800808f500002003e0084057800f3
:10216000030478008b01e800880046000301780032
:102170000c00780033179a001a110700be11920064
:102180000000e000630032000904e9000b04540081
:102190008b0f5400010031000b0478000804e800a4
:1021a0000002eb000d0578008002eb000a8056006b
:1021b000890f50001400310009037800f603b300c2
:1021c000060178008000eb000d00780033179a00bc
:1021d00014179a0005179a0026179a00d2100700c4
:1021e000be1192001e1292008e1292002e139200c7
:1021f0000000e000490032008a005000898f500042
:10220000a5ff3900800678000903450076f897009d
:102210008080fb004409de00020141000220b00082
:102220006f006000170020000038dd006e017900ab
:10223000020060000000e0003a00320081804000af
:1022400081004700118054000000e0003700320098
:102250000400e000050032000500e0000300320049
:10226000800f54000100360008805400000545002e
:102270000000eb0080027800ccff3700854f530050
:102280000200360084815000a1ff37008200e80080
:10229000020278001300200003007800a0ff37003e
:1022a00013002000030078000001eb000082eb0027
:1022b0009cff37008b024600808242001543780065
:1022c0008102460095427800854f530008003a008d
:1022d000880f500002003a00100020000200370072
:1022e0000000e800820078000101780094ff3700c8
:1022f000854f5300020031000b845000f6ff370079
:102300008200e800820578001800200008007800ac
:10231000f5ff370008825400a2ff3700868646008a
:10232000b9ff370006057800d2ff37008300780038
:10233000858f5100010031008500780001014600c1
:10234000124178000204e000080032000103450059
:10235000964f5100030032008b805000010545006c
:10236000c4ff37008100e800f4ff37000300780065
:10237000850f500049ff36000000e90000014600cb
:102380008000450012417800914f5100f8ff320063
:102390000805450004007800b6ff3700889fbe009e
:1023a0008a9fbe008c9fbe00010478009140780097
:1023b0000104e000940032008100fb00d9190700fd
:1023c0000000e00090003200184190000204e0009c
:1023d0008d003200904090000104e0008e00320039
:1023e000284590000a04e00017003a00b880fb007e
:1023f0000281fb004811dd0002817000c810dd0081
:102400004811de00028170009081fb00d080fb004b
:10241000c808dd0081807100c809dd00c808de0041
:10242000838070001004e0007b003200828f500037
:1024300002003a000000e90073003700c808dd0020
:10244000d081fb00f6ff3700204390000604e00037
:1024500071003200384690000c04e0002d003a0074
:102460001882fb008002eb00c822dd00040020007f
:102470000281fb008001eb00c011dd0002002000a2
:1024800002017200838172004855dd008005eb0077
:102490000a0171008b8171001084fb008004eb0045
:1024a000c844dd00080020000182fb008002eb0030
:1024b000c022dd0004002000040474008584740040
:1024c0004833dd008003eb0006037400878374004b
:1024d0000080e8001004e0004f003200860f510039
:1024e000878f590002003a000080e900460037005b
:1024f0005082fb008002eb000602720087827200ad
:10250000482bdd00c823de00870373004823dd006d
:10251000f0ff3700304290000404e0003e0032003b
:10252000c84190000304e00035003a001884fb0025
:102530008004eb00c844dd00080020000c86fb008e
:102540008006eb000c0674008d8674000281fb008f
:102550008001eb00c011dd000200200002017600c6
:10256000838176004855dd008005eb000a0171008b
:102570008b8171001084fb008004eb00c844dd00f7
:10258000080020000482fb008002eb0004027400bb
:10259000858274000184fb008004eb00c044dd00f0
:1025a0000800200008027200898272004833dd00b2
:1025b0008003eb0006027200878272006300400015
:1025c0001004e00014003200840f5100858f590080
:1025d00002003a00630050000b003700482bdd007a
:1025e000c823de00870373004823dd005082fb0010
:1025f0008002eb000602720087827200f0ff370053
:102600008800780092fe07004f06be004f05be000e
:102610004f04be00000006000000eb00faff370088
:102620004400fa00889fbe008a9fbe000004be00de
:102630000205780040fb2f000f0040001d0009003c
:102640000018eb00c003b100c89f9f0098af9f0027
:102650000080eb00a0af9f006022b8006033b8009c
:1026600040fb2f000f004000f40f07001200200075
:102670008a00780040fb2f000f004000700907001f
:102680000900e000110032001faa9700cf9a9700be
:10269000050552002fb29700bfb297004fb39700c5
:1026a000dfb39700cfd5de000402450085824d00e0
:1026b00006834d0087834d0084bf9f0095bf9f0018
:1026c000a6bf9f00b7bf9f00840c44004f05be000b
:1026d0004f04be000080fa00000006000001eb007d
:1026e000cfff0700b11c370012002000ccff07000d
:1026f000ae1c370022002000c9ff3700889fbe00b3
:102700000004be000000e00003003a00c81481008d
:102710000800e000080032000800be00ad1007000d
:10272000000444001804e00006003a000000eb003a
:10273000c01489000004eb00080078004f04be00bc
:10274000000006000800be006f10070000004400f3
:10275000c01489001004e000040032008129220026
:102760008008e8000048eb00f3ff37000000eb00b2
:10277000c0148900f0ff37004400fa00889fbe00b3
:102780008a1f78000004be000205780094bf9f00f5
:10279000a5bf9f00b6bf9f00c7bf9f000000eb0012
:1027a000c09f9f00a8af9f00d89f9f000080eb00b4
:1027b000b0af9f006022b8006033b80060fb2f000c
:1027c0000f0040009d0f07001fba9700afba970097
:1027d0003fbb9700cfbb9700120020008a00780013
:1027e00060fb2f000f004000e20c07000900e00032
:1027f00006003200afaa97003fb39700068242005e
:10280000df9a970005025200840c44004f057800bf
:102810004f04be000080fa0000000600f4ff2f0005
:10282000f5ff2f00f6ff2f00f7ff2f00d2ff370034
:102830006022b8000600200007002800ceff370005
:10284000f4ff2f00f5ff2f006033b800caff3700f8
:1028500004002000050028006033b800c6ff3700e0
:10286000f3ff3700edff3700e4874700889fbe0085
:102870008a9fbe008c9fbe008e1f780000067800e5
:10288000010478009106900021059000110778005e
:102890008ebf9f00b1059000120278009202900056
:1028a00022039000b20390000400be000601be00a7
:1028b0004f98de00e10460000900e0003f003200b4
:1028c00060021200e0821a0060031b00e0831b001c
:1028d0000d00e00008003500708057000e087800f9
:1028e0001010a1000900e00003003a000fb89700a3
:1028f0000028a300260032008a00e900f08157007a
:10290000a200200008007800641007000900e00021
:1029100003003a008fb897000128a300200032007e
:102920000000e900d1c2b3000900e00001003a0054
:10293000b1c2b3000081450001497800e8004400bd
:102940001101e90000015100808045000fba970095
:102950008a0178000c007800730107009c00900049
:102960000188a3000400320098009000810f5000fd
:1029700001003d00010078004f0778004f06be00bf
:102980004f05be004f04be004f00b100000006001e
:102990000038a300d8ff3a008a007800d7ff37003c
:1029a0000138a300e5ff32000000e9008080450007
:1029b00002c2b30082487800e0ff37000d00e0005b
:1029c000c5ff3d00c9ff37000200fa00889fbe0026
:1029d0008a9fbe000005780001047800a1059000e0
:1029e00011007800b0bf9f00b104900091009000ea
:1029f0000100e00003003500ea80570080087800fd
:102a00001110a1001202780092029000220390009f
:102a1000b2039000ea815700820020008b0078000a
:102a2000080078001d1007003fb99700f000610012
:102a30000100e000040032000000e9008080440052
:102a400002c3b300824878003fb99700e8006100f4
:102a50000100e000040032000000e9008080440032
:102a600002c2b30082487800e80044001101e90086
:102a700000015100808044003fba97008b0178002c
:102a80000a007800280107009a0090000188a3003e
:102a90000400320098009000810f500001003d00ba
:102aa000010078004f05be004f04be000080fa0010
:102ab00000000600ea874700889fbe008a9fbe008c
:102ac0008e1f7800800478000207780003007800e9
:102ad00082e2260053c72600f2b79f0083bf9f0003
:102ae000c296220092bf9f000041eb00c2f79f00f8
:102af0001104900021059000910578000e00e0007f
:102b000001003a00728757000000e00002003a001e
:102b10000e0078001ffd07000800e00003003500ec
:102b2000880f500001003600080078000b02780082
:102b30008a017800000178008e0078000900780092
:102b4000f90007004f0778004f05be004f04be0094
:102b5000af00b100000006000200fa00889fbe002e
:102b60008a9fbe000005780001047800a10590004e
:102b700011007800b0bf9f00b10490009100900058
:102b80000100e00003003500ea805700800878006b
:102b90001110a1001202780092029000220390000e
:102ba000b2039000ea815700a20020008b00780059
:102bb00008007800b90f0700e80044001101e9009f
:102bc00000015100808044003fba97008b017800db
:102bd0000a007800d40007009a0090000188a30042
:102be0000400320098009000810f500001003d0069
:102bf000010078004f05be004f04be000080fa00bf
:102c000000000600fa874700889fbe008a9fbe002a
:102c10008c9fbe008e1f7800e0af9f0001057800fa
:102c200082bf9f00a3df9f0091009000aa06900042
:102c30009a057800ba0490000100e0005b003500be
:102c40000b10a1007081650082b79f000fb997003b
:102c5000120278009202900022039000b2039000ca
:102c60008fb197000300e00052003200e00f5200e5
:102c7000e08f5a00e00f5b00e08f5b004d003200f8
:102c80000d86e90068816500f2af9f000200e00058
:102c9000010032000c06e900680045001004e9005c
:102ca000088044000048eb0001077800e10f540061
:102cb0000d003400e00f5200e08f5a00e00f5b007f
:102cc000e08f5b003d003a000e00e0003b003c005e
:102cd000010056000e0040000000e0000200340039
:102ce0000b18a30035003a000fb297000400e00073
:102cf000110032000fba9700140078009400900081
:102d000024019000b4019000e00f5000e08f5800c3
:102d1000e00f5900e08f590007003200088044009e
:102d2000afd8970071f89f000884e900088044003c
:102d300001c3b300014878007fa997000200e000ba
:102d4000040032000804e9000880440001c2b30016
:102d500001487800680045001001e90008015100b1
:102d6000888044000b0278008d0178006fa89700de
:102d70006d000700efa99700930090000188a30061
:102d8000040032009a009000810f500001003d00c5
:102d9000010078004f0778004f06be004f05be00c7
:102da0004f04be00af01b10000000600110020007a
:102db000a4ff37000d067800b2ff37000804e900d1
:102dc0006f006200e90f500022003c000003b000d9
:102dd000afd997008301fb00f2fb2f0003014100f4
:102de000f90f510010003e00800178000350a00050
:102df0001306b100f98f51000b003e00d1b79f00c0
:102e000094b79f00a5b79f00b6b79f00c7b79f00b4
:102e100073170700cfb397003fb39700afb2970087
:102e20001fb29700dfb09700888144008049780086
:102e30000e07e900430020008703d1000683d3007a
:102e40008582d3000482d3008301e900faff3a00af
:102e500096ff37007005b000ddff37001000fa0064
:102e600001027800820078000081eb0082bf9f00a1
:102e70002210200092bf9f000000e00001003a00f5
:102e80000f80e900a0bf9f00b4bf9f008002eb004d
:102e90000400e000010032008402e900c5bf9f0089
:102ea0000400e00005003d00b0042000e0148900ab
:102eb0000080eb000080fa00000006000048eb00f4
:102ec000e0bf9f00d0bf9f000301780070805700d3
:102ed000580f0700f7ff3700889fbe0000047800f6
:102ee000c0049000828f54000100360082047800f4
:102ef0000900e0000a003200090178005800900043
:102f000010fc07006a004400108044005004980040
:102f1000c800900089845000490498000048eb00e4
:102f20004f04be0000000600f2874700889fbe00e5
:102f30008a9fbe008c9fbe008e1f7800000578001f
:102f4000010678000204be00e10562000b00e0000b
:102f500002003a00828f51000e003e000801780006
:102f60008c0078000a00780086170700888f5400cc
:102f700008003e0088047800090078004f077800b8
:102f80004f06be004f05be004f04be002f01b1002a
:102f900000000600888654000d0778000d017800b7
:102fa000f08f5600010036000201200001022000cf
:102fb0007e8057009a0d0700ef0f57000e003e006d
:102fc0004469de0000ff2f008091b9000d0141002f
:102fd000fe8057000a0078006a1707000b00e00027
:102fe000e5ff3a00080178008c0078000a007800bc
:102ff00064170700e0ff370002012000fe80570041
:103000000a0078005f17070070075700eaff3700d3
:103010000000050000000500000005008040eb00f6
:103020008181fb008381410062262200030141006f
:10303000124278000404e00003003a00924090003d
:10304000014078000000060090017800934f520084
:1030500005003a00924090000308e800eacf5000d3
:10306000efff3600f6ff37008140e800fbff370036
:103070009400fa00889fbe008a9fbe008c9fbe000d
:103080000005780082047800118f98008005eb001d
:103090009e8890001104e0000a0132000008200020
:1030a0000001eb00023778008081eb001387980065
:1030b000228798003e879800408798000004eb0024
:1030c00008804000104078000004e0000300320057
:1030d00052c2b300824f500028003a000800e000be
:1030e00006003200080178000a0078002517070062
:1030f0001e88900008004000108f98009e8e90005f
:1031000050c2b3009d4f1000e8003a008d06e80061
:103110001d8f98001e88900090407800b2c2b300c6
:1031200082cf50001e00320082cf500028003c00a9
:1031300002c2b30082cf50001d00320032c2b30081
:1031400082cf50001e003200a2c2b30082cf5000d6
:10315000290032007b160700208798009e88900087
:103160001100fb000003b100e90f500031003e00e8
:103170008100e800118f9800f8ff37000804e8008c
:10318000cfff370002082000ee0079000100a00008
:10319000013779000000e800108f9800ddff37004c
:1031a00002082000ee0079000120a000f8ff37009f
:1031b00002082000ee0079000130a000f4ff370083
:1031c00002082000ee0079000140a000f0ff370067
:1031d000d2c2b30082cf5000eaff320002c3b30074
:1031e00082cf5000d8ff3a0002082000ee0079009c
:1031f0000110a000e6ff37000000e800108f9800e3
:1032000019007800808ce90070b89700030820004e
:1032100042082000003779000000e00005003d0072
:10322000ee807900e180680001b779000000ea00d3
:1032300000377900010820006e8078000008a300a4
:10324000020032000010a10000b778009e889000b4
:10325000e0c2b300914f10000f003a002c0820008c
:103260000000eb0000377e000100e800108f98009e
:1032700091419000a2c2b30082cf510026003a00d3
:103280008180e800118f980019007800808ce90097
:1032900070b8970000377e00200920000e00400023
:1032a0005eff0700004678001e8890001000fb00bb
:1032b0004416070091062000810f5000870032005d
:1032c000810f500036003c0031062000810f500075
:1032d000e4003200810f500019003c005102200030
:1032e000810f5000f100320011062000810f5000c4
:1032f0005c0032001d8f98000000eb0000879800f2
:10330000208798000080eb00108798000002eb00f7
:103310008001eb00ed0037000a16070000377e0041
:103320009e8890001100fb000003b100e90f5000df
:10333000d9ff3e008100e800118f9800f8ff3700a8
:1033400041062000810f5000640032007106200009
:10335000810f5000e7ff3c008c80fb0009017800e2
:10336000a00820000e004000241607000000e00026
:10337000b80032001e8890008000e800118f98008d
:1033800090417800a20820000e01410001082000b1
:103390008e8040000a007800bd0e07004200370012
:1033a00001072000810f500083003200810f500080
:1033b00018003c00e1062000810f50009f00320001
:1033c000f1062000810f5000caff3a008c80fb00fc
:1033d000890178000001eb00a00820000e004000e9
:1033e000141507000000e0009a0032001e889000cb
:1033f0000000e800108f9800a20820000e01410094
:10340000010820008e8040000a0078006efd070051
:103410002500370051072000810f50004100320085
:1034200081072000810f500050003200310720003a
:10343000810f5000afff3a0000c8b300804f560024
:1034400084003a009e8890008100e800118f980067
:1034500019007800808ce90070b997008001eb00ba
:103460008d0037008c80fb0009017800a008200047
:103470000e004000e11507000000e000750032007a
:103480001e8890008000e800118f9800904178001d
:10349000a20820000e014100010820008e8040009b
:1034a0000a007800dbfe07000004440008844500a1
:1034b000888f550088003400b0042000e014890093
:1034c0008085eb000b0078004f06be004f05be0064
:1034d0004f04be000080fa00000006008c80fb0054
:1034e0008901780012002000a00820000e00400092
:1034f000d01407000000e000560032001e88900043
:103500000000e800108f9800a20820000e01410082
:10351000010820008e8040000a007800d2fc0700dd
:10352000e1ff37008c80fb00890178000001eb008f
:10353000a00820000e004000be1407000000e000bc
:10354000440032009e8890008100e800118f9800ae
:10355000a20820000e014100010820008e804000da
:103560000a0078007cfd0700cfff37008c80fb004d
:10357000890178000001eb00a00820000e00400047
:10358000ac1407000000e000320032001e889000fa
:103590008000e800118f980090417800a208200078
:1035a0000e014100010820008e8040000a007800d2
:1035b00094fd0700bcff3700890178000001eb0093
:1035c000010f2000a00820000e0040009914070001
:1035d0000000e0001f0032001e8890000000e8009c
:1035e000108f98005e809000ee8090007e819000a9
:1035f0008e899000e00f5000e08f5800e00f5900d6
:10360000e08f59000b003a008e8690002e869000c5
:10361000e02522005ffa07000d0278008c01780097
:1036200000017800e12522000a0078003efe070034
:103630009dff370083c7b300d8ff370008814500de
:103640008c80fb0089017800a00820000e0040005b
:10365000f21407009e8890008100e800118f980006
:1036600092ff370000c8b300804f5600f9ff3a00c0
:103670001e8890000000e800108f98001900780064
:10368000808ce90060f89700204f9900130020001b
:10369000a20820000e014100010820008e80400099
:1036a0000a00780003fd07007fff370000c8b30061
:1036b000804f5600e7ff3a001e8890000000e800a7
:1036c000108f98000e829000ae81900012002000b2
:1036d00041262200d4ff3700880578006cfe3700b1
:1036e0000800fa00889fbe008a9fbe000004780090
:1036f0008105780070089000b8109000810f50008c
:1037000034003100fe0044008008e8009084fb0093
:10371000b0022000808f5400040032000005eb004e
:10372000d0022000808f540018003a00090578006c
:10373000da82b2000af0a7000a05ea000a05e900e9
:103740004f55de0078089000b8109000810f5000af
:1037500024003100fe0044008008e8009084fb0053
:1037600000fd2f0009004000e90f5000070036005f
:103770000b00e00005003200381090000000e0006f
:10378000020032007e0044001008e90000fd2f0016
:10379000090040008005eb00e90f500015003600dd
:1037a000b81090000100e000020032007e004400ea
:1037b0001008e9006022b800060020000700280079
:1037c00084bf9f0095bf9f00a6bf9f00b7bf9f000b
:1037d0003600370008007800ba0b07008004780034
:1037e000cbff370008007800b60b07008004780094
:1037f000dbff3700ea58b900890440000bfd2f00b9
:103800008985450078089000b8109000810f50001d
:103810002e003100fe0044008008e8009084fb0088
:1038200000fd2f0009004000e90f500003003e009a
:10383000b0cc2000808f5500eeff34006158b900f5
:103840006109b90080bf9f0091bf9f00a2bf9f0088
:10385000b3bf9f00b815900000fd2f000900400085
:10386000e90f50003f003600b81290000500e0005c
:1038700058003a000a00e0000c0032000fb8970030
:103880009fb897002fb99700bfb99700600010004c
:10389000e080180060011900e081190080bf9f00de
:1038a00091bf9f00a2bf9f00b3bf9f000fb89700ba
:1038b0009fb897002fb99700bfb997004f05be007a
:1038c0004f04be000080fa000000060008007800e7
:1038d0007c0b070080047800d1ff3700a400200093
:1038e000050020006033b8000fb897009fb897001c
:1038f0002fb99700bfb99700c31c07004fcade005d
:103900000080440081004a0002014a0083014a000d
:103910000203be000002be000403b1000580b10036
:103920000680b1000780b10084bf9f0095bf9f0053
:10393000a6bf9f00b7bf9f00780890008b0f500074
:1039400004003100fe0044008008e8009084fb0081
:10395000c0ff3700080078005a0b07008004780089
:10396000bcff37000fb897009fb897002fb997009a
:10397000bfb99700d47a24000400e10014ae2700f8
:103980000488e10044e12a000490e100741420005e
:103990000498e100d1ff3400b81090000903b10091
:1039a000e98f5400b0ff3e0078089000810f50006e
:1039b00004003100fe0044008008e8009084fb0011
:1039c000f5ff3700080078003e0b07008004780000
:1039d000f1ff37007e0044001008e900a5ff370022
:1039e000ef1fb0006f04b000889fbe008a9fbe002a
:1039f0008c9fbe008e1f78000004780001007800c4
:103a000082af9f00d3a79f00d49f9f000505780039
:103a10008006eb0001032000810f5000710032008e
:103a20000006eb006022b8006033b800d4af9f00fe
:103a3000e5af9f00f6af9f0087b79f00e10220002f
:103a4000810f500011003a0078089000b8109000e3
:103a5000810f50006f003100fe0044008008e80034
:103a60001080fb006022b8006033b800d4af9f0024
:103a7000e5af9f00f6af9f0087b79f0001032000ce
:103a8000810f5000660032001c0020006033b80037
:103a9000869f9d00979f9d008003eb00c7a79f0016
:103aa0006022b8006033b80094b79f00a5b79f00ac
:103ab000b6b79f00c7b79f000007eb008002eb007e
:103ac000e5a79f0002fd2f0000014100e90f510012
:103ad000e30220006a003600830f50006a003200c3
:103ae0000c00e00008003a001fb29700afb2970048
:103af0003fb39700cfb39700d4af9f00e5af9f00cf
:103b0000f6af9f0087b79f000d00e0002c04320045
:103b1000000178000250a00051062000810f5100e2
:103b200044043a008a00780008007800ecfe0700a0
:103b3000e00f5000e08f5800e00f5900050028000a
:103b40000598e1000b003a000a00e000270432006b
:103b50006000b8006011b800381390000600e00063
:103b6000040032007e0044001008e9006000b80044
:103b70006011b8005fac9700efac97007fad970085
:103b80008fb597000004440081844c0002054d006d
:103b900083854d00d8af9f00e9af9f00faaf9f002b
:103ba0008bb79f000f9e95009f9e9500e00f5600db
:103bb000e08f5e005f9d97006150b9008c003a0075
:103bc00081f407006011b80076f607002717070098
:103bd00000027800810378000203780083027800f5
:103be0000904370078089000b8109000810f500049
:103bf00005003100fe0044008008e8001080fb0052
:103c00001d00200083ff370008007800ad0a070080
:103c1000fbff370008007800aa0a070091ff370071
:103c20005faa9700efaa97007fab97008fb397002a
:103c300061025200e0825a0060035b00e0835b0097
:103c4000d4af9f00e5af9f00f6af9f0087b79f00fe
:103c500078089000b8109000810f500005003100e6
:103c6000fe0044008008e8001080fb001d002000da
:103c700082ff370008007800920a0700fbff370038
:103c8000830f500013003a000c00e00056003a0089
:103c90001fb29700afb297003fb39700cfb3970022
:103ca000d4af9f00e5af9f00f6af9f0087b79f009e
:103cb0001c00200078089000b8109000810f500080
:103cc00046003100fe0044008008e8001080fb0040
:103cd0007cff37001fb29700afb297003fb3970049
:103ce000cfb3970061024200e0824a0060034b00bc
:103cf000e0834b0094b79f00a5b79f00b6b79f0025
:103d0000c7b79f00c1072000810f570001032000a3
:103d100028003c00810f5000020032009fb2970043
:103d2000c5a79f006fa397000600e0001f003200a8
:103d3000c270dd0007db2f008f83430081804300ca
:103d400011029000ea22b900110178006a11b8004e
:103d50008301420004fd2f00f5ff2f00cf84de0019
:103d60000400400085804c0002014000838148002f
:103d70004270dd000bdb2f008f8545000080450081
:103d80000288be006fa297000402e800e4a79f002b
:103d90001d002000e90f5200c6ff3a000d07470042
:103da0008002eb00e5a79f00c2ff37006111b90058
:103db000efff3700810f5000beff32000f909700d9
:103dc0009f9097000000a00080979f0091979f0010
:103dd000c6452000c6a79f00b6ff37000800780040
:103de000380a070037ff3700e002200046ff37009f
:103df0001fb29700afb297003fb39700cfb39700c1
:103e00005fac9700efac97007fad97008fb5970040
:103e10000820e10009a8e1000ab0e1000bb8e100c8
:103e20001d003a00920020000240e100e08f5c009b
:103e3000e00f5d00e08f5d0017003c000fa99700c8
:103e4000fe0f51000a003c000c01be000faa9700b3
:103e50000402e900030033008301d1000281d30092
:103e6000fbff3700e00f5100e08f59000a003a00d5
:103e7000c91607000205be000004be000c00be000b
:103e8000c81607000203be000002be000800be0004
:103e90000a01be0024003700bf16070090af9f0044
:103ea000a1af9f00b2af9f00c3af9f0022002000d0
:103eb0005fa49700110009000204d8000000ea0086
:103ec000cf80de006109b9005faa9700efaa9700d2
:103ed0007fab97008fb397000400e1000588e100f5
:103ee0000690e1000798e10011003d00200220004b
:103ef000e0148900f4ff2f00f5ff2f00f6ff2f00dc
:103f0000f7fe27001fa89700afa897003fa99700ca
:103f1000cfa99700d3170700f4ff2f00f5ff2f005c
:103f2000f6ff2f00f7fe2700ce17070028ff370007
:103f30005fa4970069f92f0009004400cf80de00dc
:103f40006109b9005faa9700efaa97007fab9700bd
:103f50008fb397000400e1000588e1000690e100be
:103f60000798e1000e00340020022000e0148900d0
:103f70006022b80006002000070120001fa897005b
:103f8000afa897003fa99700cfa99700b5170700e2
:103f90006022b8000600200007012000e2ff370081
:103fa000efa297000500e00020003a00dfae970086
:103fb000cfa49700e88f540060003c008d8f540020
:103fc0005e003c00f18f56005c003c000f9a9500ab
:103fd0009f9a9500e98f560019003a000400be0030
:103fe000701607001faa9700afaa97003fab970073
:103ff000cfab9700ccff37004271dd0006db2f000e
:104000000f0343000201430012029000ea22b900ac
:10401000120078006a00b800810042000089be00ea
:10402000efa397008703e800e7a79f006fa497001e
:10403000e80f5400f0ff34000e07e800dbff370004
:10404000e88f560016003c000400be00551607001d
:104050001faa9700afaa97003fab9700cfab97007e
:10406000801707000205be000004be00e8861600a7
:104070004268dd004d1e2200808646001d0078004b
:104080009d009000441607000203be000002be001f
:104090000800be000a01be00c3160700ccfe3700b0
:1040a00069805600d1ff2f008180b9000fa99700c9
:1040b00002004000fe0f50000a003c000403be0056
:1040c000000478000804e900030033008703d100ee
:1040d0000683d300fbff3700e00f5300e08f5b0047
:1040e00016003a00ea8656004268dd004d1e2200a6
:1040f000808646001d0078009d00900084bf9f00d0
:10410000d5b79f00241607000205be000004be00bc
:104110000fba9700dfb297000400be002116070017
:104120001faa9700afaa97003fab9700cfab9700ad
:104130004c17070053ff3700020778000e01e90013
:104140004210dd0009db2f008f8444000080440012
:104150009000900010007800e00f5000e08f5800b1
:10416000f5ff32009c002000110009008c06d800e9
:10417000010678000100e0001e0032000d00e000a2
:1041800001003d0069864000e8001600c208dd001d
:10419000401e2200010040001002780090029000b2
:1041a000d4af9f00e5af9f000adb2f000f0545004d
:1041b0006044b8008005eb000002eb008e0f520057
:1041c0000f003a00e00f5400e08f5c000600320060
:1041d0004270dd0007db2f008f8343000080430027
:1041e0000888be000e07e800690616008c864600a7
:1041f0000b0678008004eb00d9af9f009d003700cc
:104200001a0378009a0390005fa99700efa997001e
:104210000600be0084bf9f00e6b79f00f7b79f006f
:1042200003f307000001440081814c0092b79f0016
:10423000a3b79f00029dbe005fa99700efa997005a
:1042400000a02c00a1b92300741507000004be00d3
:104250005fa99700efa997006fb39700ffb397008e
:104260000600be00fc15070080c9b900888bb900a4
:10427000060141000044b800890441000fba9700cc
:104280008b0f520009003a001fb39700afb397009d
:10429000e00f5300e08f5b0004003a000400e800e8
:1042a00080057800fb07b200e98656000402e800aa
:1042b000c2ff37005fac97007d045400d8af9f0069
:1042c0000e00e900f007b20090b79f006055b800fb
:1042d000eaa79f00fba79f009fb597004258dd000b
:1042e00001db2f008f804000008040001004780028
:1042f000900490006055b800cd55dd004349de00c4
:104300008b0571004d4ddd004341de000a05710053
:10431000cd44dd000004eb006fa29700ffa29700e0
:104320000804420089844a0060054d00e0854d0084
:1043300005a02c000540e100a5b9230005c8e10057
:10434000e00f5d00e08f5d002400360004a02c002b
:10435000a5b923006033b8000800be000a01be0002
:10436000d8190700e0a79f00f1a79f0004a02c0028
:10437000a5b923006033b8000800be000a01be00e2
:10438000d71907000004be009fb597004258dd0012
:1043900001db2f008f804000008040000888be00b5
:1043a0008e00e900f107b2008b8f50000f003a0039
:1043b0008c8f55007d003200e00f5400e08f5c00d0
:1043c00001003a000b0778009fb497000900e9004c
:1043d000f007b20090b79f00bfff37006055b800ec
:1043e000eaa79f00fba79f00e7ff37001fb49700d5
:1043f0008c0f5400f4ff3a006fa59700ffa59700bb
:10440000e00f5500e08f5d001a003200e98646009b
:104410000c06e900f2072000020666008c0f570028
:104420000d003a000100e900020060004200dd00da
:104430000bdb2f008f854500008045004209dd0021
:10444000028145001202780092029000101872005a
:1044500010907200010778004260dd0005db2f003c
:104460008f824200008042006fa49700ffa4970053
:104470000888be00f18f56008eff3400f28f560080
:1044800009003a004261dd000adb2f000f054500fc
:1044900002014500e005270091082000b20f10003e
:1044a000a28f180083ff3600c51d22000002eb001a
:1044b0000c004200f007b200800f570011003200dc
:1044c0004200dd000bdb2f008f854500008045009a
:1044d000100178009001900035007800b500780058
:1044e000800f5100818f590006003900800f510064
:1044f000818f590005003e000402e800e20f5200df
:10450000ebff3a00f28f56005600320017002000f1
:10451000fb8f560001003400970020005fac97002d
:1045200007044400d8af9f00100020000700dd0002
:104530000000e9006105b9009ab79f00abb79f0082
:104540000aa02c00abb92300070078000000e900a6
:10455000030033008b85d1000a85d300fbff3700b1
:104560000c0378006011b8008e0f530011003a0060
:10457000e00f5100e08f5900cbff32000e00e80041
:10458000f1072000010060008c0f50002d00320068
:10459000c270dd0009db2f008f844400818044005d
:1045a0008288be0000077800bfff37008c007800cb
:1045b00091ff37004234dd0001db2f008f80400087
:1045c0000884400018007800980090000002be00a7
:1045d000870478008904e900030033008502d100d4
:1045e0000482d300fbff37000402410085824900aa
:1045f000048cbe009fb19700030160002fb49700a8
:10460000088060008a80b90082dcb90008004000a0
:104610000a11b800830140008c0f530006003a00d5
:10462000e00f5200e08f5a0003003a000606e8004f
:10463000fc07b200e98656000603e800f607b20060
:10464000c9ff37000e00e900010060004200dd00f4
:104650000adb2f000f054500000045001000a000f8
:1046600091ff37008005eb009bb79f008006eb00b1
:104670000005eb008004eb000c844400f4072000ec
:10468000040464008e0f540009003a000e07e8008d
:10469000040767000e02e9004222dd0000db2f0064
:1046a0000f00400004024000000aeb0034127800c2
:1046b0006022b80056d62c00d71c24001fb09700eb
:1046c0008d0078000b0178008a017800e51507005d
:1046d0000203be000002be004244dd0001db2f00e9
:1046e0008f804000088440001800780098009000f7
:1046f00084bf9f00d5b79f00e6b79f00f7b79f0024
:10470000a81407000fba9700dfb297006fb39700a5
:10471000ffb39700d914070090b79f008106780077
:1047200082057800030578008904e800e28f5400d0
:10473000d1ff3a000002be000203be001fa897008e
:10474000afa897003fa99700cfa99700c51507000c
:10475000c0a79f00b1a79f00a2a79f0003047800f5
:10476000b09f9f00a19f9f00929f9f00839f9f00eb
:10477000dfac97005903b000c99f9f005fa5970069
:104780000a855400eaa79f000fa99700820f5500e1
:10479000e2003d009ab79f000a00e00002003d00e1
:1047a0008004eb0099b79f001a0020009aaf9f0089
:1047b000920620001fb597000a015100000020005a
:1047c00001f82300711b0700281407004fa297006f
:1047d000bfa297002fa39700880378004a1907000b
:1047e000e09f9f00f19f9f0082a79f0093a79f00db
:1047f000520320000a0151000000200001f82300ac
:10480000621b0700191407000203be000002be006d
:104810004fa09700bfa097002fa1970088017800b4
:10482000e51907008005780001057800820478000a
:10483000830678000002be000203be004fa097006e
:10484000bfa097002fa1970088017800851407006a
:104850000203be000002be006f989700ff98970009
:104860000fa197009fa1970084140700b09f9f009d
:10487000a19f9f00929f9f00839f9f000c80e80054
:10488000f8072000080060008e0f50004200320040
:104890004200dd0001db2f008f80400000804000df
:1048a0009000900010007800f24f2600d3dc210029
:1048b000820f5000838f5800ae003e00e00f500082
:1048c000e08f580004003a006306460008066600c0
:1048d0008e0f5600120032005f9c97006140b900b5
:1048e00039f107000200200003e823002df3070040
:1048f000de1307000203be000002be000b007800ba
:104900008a007800090178008d0178005b140700a7
:10491000800578000105780082047800830678001d
:10492000500320001fb4970008005000e10f500012
:10493000190034006022b8000600200007ff2300a1
:104940000b0078008a007800090178008d0178005a
:10495000991907006022b8006033b800a51307005a
:104960000000e0000c003a006022b80006002000c1
:1049700007ff23000b0078008a0078000901780007
:104980008d0178003d14070080057800010578004e
:1049900082047800830678005fa497000800ea008c
:1049a0000fa9970002005000d0a79f000b027800cb
:1049b0008a027800090378008d0378003f989700f9
:1049c000af9897001f9997008f9997002b140700b5
:1049d0006f9a9700ff9a97000fa397009fa39700e5
:1049e0002014070080af9f000107780002067800be
:1049f00003047800c0a79f00b1a79f00a2a79f0053
:104a0000e39f9f00dfa197008300e9004f98970084
:104a100000f0a100808f500039003c000fa89700e3
:104a20008e0078000c01780088017800ce1807000d
:104a30006022b8000600200007342400721307002b
:104a40000000e0001a0035001faa97000400e000f3
:104a500008003200efa297001fb3970006806a009b
:104a600000f0a7000000ea000000ea004f00de00ae
:104a700090af9f006022b8000600200007fe2300d0
:104a80000fa897008e0078000c017800880178004c
:104a9000f4140700c0a79f00b1a79f00a2a79f0022
:104aa000e39f9f005fac97000804e800d8af9f0029
:104ab000dfa897004103b0005fa4970063004400a3
:104ac000808f50000c003d001fac97000800e000f4
:104ad0000b0032006022b8006033b8000b00780091
:104ae0008a007800090178008d0178005a130700c8
:104af0000000e0000200320020022000e0148900e3
:104b00005faa97004fa09700bfa097002fa1970022
:104b1000ef999700d01a07002dfc370040032000c2
:104b20000fa99700800f510004003c0092b79f002e
:104b30008004eb0099af9f001dff37008005eb005c
:104b40009baf9f005803200098b79f006044b800b7
:104b50006055b800e89f9f00f99f9f008aa79f00bb
:104b60009ba79f006055b8008004eb008006eb0017
:104b700042ff370002502600d3dc2100820f500094
:104b8000838f58005f9997006110b90004003600c8
:104b90008df007000200200003f4230053ff3700cc
:104ba00089f0070063064600080666008e0f56006f
:104bb000f8ff3a000200200003f023004bff37000b
:104bc0000000e00007003500b81490000900e00084
:104bd000020032007e0044001008e9000d00e000f1
:104be000f0fb3a0060012000e01489006022b80068
:104bf0006033b80008007800900607000002eb0060
:104c00006033b8008002eb00040078008700780071
:104c100006017800850178004f0778004f06be0036
:104c20004f05be004f04be00ef1fb1006f04b1007e
:104c3000000006000000e000e3ff3d00d9fb370064
:104c40002f04b000889fbe008a9fbe008c9fbe00cc
:104c50008e1f780080047800020478000002eb00c8
:104c60006033b8008002eb000100e000670035000f
:104c7000e18f500044003400e28f500063003a009e
:104c8000eabc2f009aa79f005203200082a79f0032
:104c900079089000b9109000810f50003e0031005b
:104ca000fe8044008008e8009085fb0000022000a0
:104cb000808f5500f6ff320069805500e40f5000e8
:104cc000f3ff3600b0022000808f5500360032001e
:104cd0001a002000fa9f9f00d0022000808f55000c
:104ce0000a003a002000200061001000f09f9f00a1
:104cf00079089000b9109000810f50002c0031000d
:104d0000fe8044008008e8009085fb000005eb0071
:104d1000e01c2200000045009000fb000b00780022
:104d20000050a000810f500025003200e30f550015
:104d300006003200e80f55002d003200e30f550049
:104d4000400036000800e0003e003200b91090003c
:104d50000100e000020032007e8044001008e900fb
:104d60000800e00022003200e30f5500200036006a
:104d70000100e000020032007e8044001008e900db
:104d80000a05e900f8ff3700baf62f009aa79f003e
:104d900082012000bdff37000900780049060700a6
:104da00080057800c1ff37000000eb00ceff370020
:104db000090078004306070080057800d3ff37001c
:104dc000e60f550007003e0079089000b9109000ea
:104dd000810f500017003100fe8044008008e80079
:104de0009085fb000a05e800e80f5500c8ff3a006f
:104df000ff9d97000002eb006033b80005ff2f0015
:104e00000b00e0000100350005ff270004007800da
:104e10008700780006017800850178004f07780048
:104e20004f06be004f05be004f04be002f04b10068
:104e300000000600090078002206070080057800bf
:104e4000e8ff37000a00e000190032003910900036
:104e50000000e000cb003a0060012000e01489006f
:104e60006022b8006033b80009007800f30507003d
:104e70000002eb006033b8008002eb00e3ff370074
:104e8000e10f550007003e0079089000b91090002e
:104e9000810f500026003100fe8044008008e800a9
:104ea0009085fb000a05e800e30f55000900320079
:104eb000701d2200000045009000fb000b007800f0
:104ec0000050a000810f5000edff3200e30f5500ad
:104ed00050003a00f908900039109000808f50007f
:104ee000170031007e8044000108e80080c2b30052
:104ef000114068000070a7000040ea000040ea008e
:104f00004700de00610060001a0020000004e0009d
:104f100016003200b91090000100e00010003a00c5
:104f20000002eb006033b80085ff2700b7ff3700b1
:104f300009007800e305070080057800d9ff3700f5
:104f400009007800df0507008082b20000f0a700aa
:104f50000000ea000000ea004f00de00eaff370030
:104f60007e8044001008e900edff370079089000ca
:104f7000b9109000810f500011003100fe804400f4
:104f80008008e8001080fb0001fd2f0080804000b9
:104f9000e98f500008003600800078000150a10021
:104fa0001104b100f98f500003003600f105200014
:104fb000810f500005003a000a05e800ebff3700ba
:104fc00009007800bf050700efff370091022000bd
:104fd000810f5000d2ff3200b91090000100e000b4
:104fe000020032007e8044001008e9000800e00062
:104ff00099ff32000a05e900e10f4500c8ff3200c1
:105000000100e000fbff32007e8044001008e90050
:10501000f8ff37000a00e0008cff3a000003200090
:10502000808f5500c4023a0079089000b9109000b2
:10503000810f500056003100fe8044008008e800d7
:105040001080fb00b91090000050a00082072000e3
:10505000820f5000b4023a0079089000808f50000f
:105060004e003600fe8044008008e8001080fb00ff
:105070008000eb0002032000820f50004a00320043
:10508000e2022000820f5000530032006022b8007c
:105090006033b800d4a79f00e5a79f00f6a79f0044
:1050a00087af9f008005eb006022b8006033b80036
:1050b000b4af9f00c5af9f00d6af9f00e7af9f0082
:1050c0000005eb009a9f9f00da9f9f00ca9f9f00f8
:1050d000ba9f9f000aff2300aa9f9f000005eb00d4
:1050e0008abf9f000007eb006066b8006011b8003f
:1050f00092af9f00a3af9f000afd2f00000545005f
:10510000e90f550063003600000178000250a0004e
:105110001206b100e50f51005e003600e2022000e9
:10512000820f50005e0032000100e00001013a00f1
:10513000b91290000500e000870232007908900063
:10514000fe8044000800e000f40032000b00e000a4
:10515000f0003a008088e9007f9c97006140b90028
:1051600019ef07006011b8000ef10700bf1107002a
:10517000000278008103780002037800830278003f
:1051800022ff37007e8044001008e90032ff37001c
:10519000090078004b050700aaff370009007800d6
:1051a00048050700b2ff370079089000b910900059
:1051b000810f500005003100fe8044008008e800a7
:1051c0001080fb0011002000aaff370009007800c2
:1051d0003c050700fbff370079089000391190006b
:1051e000820f50000e0031007e8144000009e8006b
:1051f0001080fb006022b8006033b800d4a79f0085
:10520000e5a79f00f6a79f0087af9f00020320003d
:10521000820f5000070032001b002000a2ff370061
:1052200009007800f1af9f0026050700ffa897004e
:10523000f0ff370079089000b9109000810f5000fe
:1052400011003100fe8044008008e8001080fb005f
:105250005fa29700efa297007fa397008fab970004
:1052600061025200e0825a0060035b00e0835b0051
:10527000d4a79f00e5a79f00f6a79f0087af9f00d8
:1052800011002000e1ff3700090078000d0507003c
:10529000efff3700e2022000820f500023003a00a7
:1052a0000b00e0002f023a003faa9700cfaa970018
:1052b0005fab9700efab9700c4b79f00d5b79f00d7
:1052c000e6b79f00f7b79f001b0020007908900009
:1052d00039119000820f5000890031007e81440016
:1052e0000009e8001080fb003faa9700cfaa9700b2
:1052f0005fab9700efab9700d4a79f00e5a79f0097
:10530000f6a79f0087af9f004fb29700dfb29700cc
:105310006fb39700ffb39700b4af9f00c5af9f0076
:10532000d6af9f00e7af9f0073ff370091032000c7
:10533000810f5000030034000050a0009afa2f00a3
:10534000000545003fa89700cfa897005fa99700e8
:10535000efa99700740020000400e100e08f5800de
:10536000e00f5900e08f590021003c001fab97006f
:10537000afab97004438dd00cc30de008100700018
:105380004430dd004fd2de000001450081014a00bb
:1053900092af9f00a3af9f003faa9700cfaa9700ac
:1053a0005fab9700efab970061024200e0824a00da
:1053b00060034b00e0834b00c4b79f00d5b79f004c
:1053c000e6b79f00f7b79f005fa09700efa0970098
:1053d0007fa197008fa99700b0af9f00c1af9f003a
:1053e000d2af9f00e3af9f0011002000b7ff37004e
:1053f0003fa89700cfa897005fa99700efa9970053
:10540000d40020000400e100e08f5800e00f5900b4
:10541000e08f59001f003c006022b8000600200009
:1054200007fb23005f989700cf9897003f9997005c
:10543000af9997008b120700d09f9f00c19f9f00dc
:10544000b29f9f00a39f9f006150b90052110700b7
:105450005f9a9700cf9a97003f9b9700af9b97006a
:10546000801207000203be000002be000fb89700c2
:105470008e0078000d0178008c0178007f11070004
:1054800080bf9f000107780082067800030678003d
:10549000c1ff37000a00e000bfff32001f9d9700e8
:1054a0000a00e000bcff3a006022b80006002000bd
:1054b00007fe23005f989700cf9897003f999700c9
:1054c000af999700671207000203be000002be00fa
:1054d0000fb897008e0078000d0178008c017800dd
:1054e0006611070080bf9f000107780082067800e0
:1054f000030678001a0020009a9f9f00a6ff37003d
:1055000009007800f1af9f006e040700ffa8970024
:1055100075ff3700e30850000fff37008008e900ef
:105520006022b8006033b800090078004304070027
:1055300009ff37000b00e00008003a003faa97007f
:10554000cfaa97005fab9700efab9700d4a79f005f
:10555000e5a79f00f6a79f0087af9f003faa97008f
:10556000cfaa97005fab9700efab97007a002000bf
:105570000a20e100e08f5a00e00f5b00e08f5b0043
:10558000630034000050a00001072000810f50008c
:105590007d003a00880078000900780050f8070084
:1055a000b0af9f00c1af9f00d2af9f00e3af9f009d
:1055b000e00f5000e08f5800e00f59000b0028006a
:1055c0000b98e1000b003a000800e00024fe3200d6
:1055d000391090000000e00062003a006022b8003c
:1055e0006033b800b4af9f00c5af9f00d6af9f0037
:1055f000e7af9f001fac9700afac9700e00f5400df
:10560000e08f5c00ff9c97006148b900d4fe320037
:105610005fa29700efa297007fa397008fab970040
:1056200068045200e0845a0060055b00e0855b007e
:105630000802be000a03be00220020000402d000bf
:105640008582d2000683d2008783d2000201e9005e
:10565000faff3a003fac9700cfac97005fad9700e0
:10566000efad97000804420089844a000a054b0008
:105670008b854b00b8af9f00c9af9f00daaf9f008a
:10568000ebaf9f00c4100700d0a79f00e1a79f00c9
:10569000f2a79f0083af9f009fa497000900ea0034
:1056a000cf80de006109b9003fac9700cfac970016
:1056b0005fad9700efad97000040e10001c8e10049
:1056c00002d0e10003d8e1003b00340020022000ba
:1056d000e0148900f4ff2f00f5ff2f00f6ff2f00e4
:1056e000f7fe27005fa09700efa097007fa197002b
:1056f0008fa99700db110700f4ff2f00f5ff2f00a3
:10570000f6ff2f00f7fe2700d611070098fe37009e
:105710001fa99700afa99700441ddd00cc15de003e
:105720008b0575004415dd009aaf9f00abaf9f005d
:105730003faa9700cfaa97005fab9700efab970007
:1057400061024200e0824a0060034b00e0834b00ac
:10575000b4af9f00c5af9f00d6af9f00e7af9f00db
:105760007eff37007e8044001008e9006044b800e6
:105770006055b800b8af9f00c9af9f00daaf9f0077
:10578000ebaf9f009bff3700391590000a00e00047
:1057900092ff32007e8044001008e9006000b800eb
:1057a0006011b800b0af9f00c1af9f00d2af9f00a3
:1057b000e3af9f008fff37009fa497006af92f0087
:1057c0000a804400cf80de006109b9003fac970039
:1057d000cfac97005fad9700efad97000040e100c0
:1057e00001c8e10002d0e10003d8e10041003d0022
:1057f00020022000e01489006022b800060020008a
:10580000070120005fa09700efa097007fa19700fd
:105810008fa99700931107006022b80006002000ae
:1058200007012000b8ff37001fad9700afad97000c
:105830000a0545008b854d009aaf9f00abaf9f00d6
:105840006022b8000600200007fe23000fb8970072
:105850008e0078000d0178008c017800ea0f0700b7
:105860000000e000a800350061054500e0854d001e
:105870009aaf9f00abaf9f006022b80006002000e7
:1058800007ff23000fb897008e0078000d01780005
:105890008c017800731007000203be000002be00f6
:1058a0000fb897008e0078000d0178008c01780009
:1058b0007210070080bf9f00010778008206780001
:1058c000030678003fac9700cfac97005fad970020
:1058d000efad970061045400e0845c0060055d005a
:1058e000e0855d00b8af9f00c9af9f00daaf9f00b1
:1058f000ebaf9f001fad9700afad9700e00f5500d5
:10590000e08f5d00c8ff3d000fa197006112b90054
:10591000612bb9003fa89700cfa897005fa9970017
:10592000efa997000002b0000180b0000280b00033
:105930000380b0001fa49700cfc4de000800500011
:105940008980580009015900898159000020e1002f
:1059500001a8e10002b0e10003b8e1000600340054
:105960003fad9700080055000002b00080a79f00df
:105970000000e000690035006044b8006055b800e0
:1059800098a79f00a9a79f00baa79f00cba79f0039
:10599000400320000fa19700800f510010003c0031
:1059a000420520008fa19700030151000000200054
:1059b00001f82300f5160700ac0f07005fa297005f
:1059c000efa297007fa397008fab9700ce1407003c
:1059d00090a79f00a1a79f00b2a79f00c3a79f0009
:1059e0000fa19700ff0f510019003c006022b80082
:1059f0006033b8000fb897008e0078000d01780072
:105a00008c017800940f07000000e00010003200c5
:105a10009fa99700618061008000eb00e00f5000bb
:105a2000e08f58000a003a001fac9700afac970017
:105a300061044400e0844c0098af9f00a9af9f0030
:105a40008004eb0089bf9f000007eb006066b80090
:105a50005fa29700efa297007fa397008fab9700fc
:105a60000fb897008e0078000d0178008c01780047
:105a7000fc1007000205be000004be001fa897002e
:105a8000afa89700c70f07005fa29700efa297008b
:105a90007fa397008fab9700f21007001fa297001b
:105aa000afa297003fa39700cfa39700f30f070083
:105ab0000802be000a03be00f00f07001fa29700f5
:105ac000afa297003fa39700cfa39700e50f070071
:105ad0000205be000004be006022b8006033b800ba
:105ae000440f07000000e00002003a0020022000fe
:105af000e01489003faa97000800be000a01be001a
:105b0000d51607009afd37000fba97008e0278006d
:105b10000d0378008c03780061ff37000001eb0073
:105b200082a79f009eff37000100e00002003200c4
:105b30007e8044001008e900880278007f9a970070
:105b40009fa197000fa197008b00780009007800b3
:105b5000a3f7070086fd37000800e0007efd3a004d
:105b60006ffe3700e00220000100e0007bfe3a00fb
:105b70006ffd37000f04b000889fbe008a9fbe00f3
:105b80008c9fbe008e1f7800000678000107780009
:105b900082af9f0084b79f0095b79f00a6b79f0074
:105ba000b7b79f0040022000808f500002003e00e7
:105bb000e18f500003003a0060012000e0148900ea
:105bc000570037007c089000bc109000810f5000f7
:105bd00027003100fe0046008008e8009086fb00a8
:105be00000022000808f5600f6ff320069805600c8
:105bf000e40f5000f3ff3600b0022000808f560003
:105c0000050032000000eb00f0a79f00d00220004a
:105c1000808f56000d003a00dd82b2000df0a70023
:105c20008d06ea008d06e900cfeede00fda79f009d
:105c30007c089000bc109000810f500010003100d3
:105c4000fe0046008008e8009086fb000e00e000a1
:105c5000bc1090000e003200f00f57004f003a00c9
:105c600000032000808f56000c0032004b003700ec
:105c70000c0078009302070080067800d8ff3700f8
:105c80000c0078008f02070080067800efff3700d5
:105c900000032000808f56003f003a007c089000ef
:105ca000810f500028003100fe0046008008e80007
:105cb0009086fb008d0078000150a0008007200036
:105cc000808f50002e003a007c089000bc1090009d
:105cd000810f500020003100fe0046008008e800df
:105ce0009086fb00a0f22100008046000e012000fb
:105cf000f1c0b30090cf1000c70036003c119000f7
:105d00000200e000c5013200fc0890000fa99700d6
:105d10007e0046000200e000130032000188e90026
:105d20006044b8006055b8000800be000a01be001b
:105d30004f0778004f06be004f05be004f04be005f
:105d40000f04b100000006000c0078005d0207009f
:105d500080067800d7ff37000c0078005902070052
:105d600080067800dfff37000108e9006022b800f4
:105d70006033b8000c00780030020700e8ff3700fd
:105d80000e00e000a3003200ea0f5700a2003a0024
:105d90000004eb0018003700ae002000a0f2210044
:105da000008046001080fb008e0f5000f6ff390087
:105db0000100e000020032007e0046001008e90009
:105dc0006022b8006033b8000c0078001b020700a6
:105dd00079ff3700ea44b9000d0444000803b1001c
:105de0007c089000810f500072003100fe004600d8
:105df0008008e8009086fb00bc10900000fd2f009a
:105e00000d004000e90f500003003e008099210082
:105e1000800f5400efff36008004eb006055b8009f
:105e200006fd2f0006834600c6af9f00bc139000fe
:105e300087af9f00e90f530040003e009099290072
:105e40000040e10000c8e10000d0e100909921008d
:105e500000d8e1001d003e00a40020000500200045
:105e60006033b8000800be000a01be0066130700d8
:105e70004faa97008002eb006033b800b4a79f00e0
:105e8000c5a79f00d6a79f00e7a79f00cfaa9700ae
:105e90008582ea00c5b79f000083eb00d6b79f005c
:105ea000e6b79f00f6b79f004fb29700dfb29700aa
:105eb0006fb39700ffb397000400e1000588e1008d
:105ec0000690e1000798e1003e003600a0f22100b4
:105ed000808646009d80fb008e8f500080067800f3
:105ee000160031007c089000bc109000810f50001b
:105ef0002f013100fe0046008008e8001080fb0002
:105f0000008046001080fb008e0f5000f5ff390026
:105f100020022000e01489008fb297000fb4970090
:105f20009fb497002fb59700bfb597000508a30051
:105f3000020032000003eb00f6a79f00bc139000a4
:105f40000700e000020032007e0046001008e90071
:105f50000fb097009fb097002fb19700bfb1970087
:105f60000040e10001c8e10002d0e10003d8e100f7
:105f7000220139000008a30010013a00ffa0970099
:105f80000100e0000d013a0020022000e014890029
:105f90000fb297009fb297002fb39700bfb397003f
:105fa00061045200e0845a0060055b00e0855b00fc
:105fb0005dff37000c007800c20107008006780002
:105fc0008dff37003fa29700cfa297005fa39700f5
:105fd000efa39700040440008584480006054900ab
:105fe000878549007c0890008faa9700850f500094
:105ff00004003100fe0046008008e8009086fb00a7
:1060000087ff37000c007800ae010700800678009b
:1060100083ff37008e0020000e05e9000e056500a5
:106020000a00e000a9f22100db003a00f770b90095
:106030004500de006700600001f2210000804000a2
:106040009002fb000d8044001080fb003c1190008a
:10605000800f570003003600f17f2000810f5500ac
:10606000380036006154b8006055b800f0ff2f00ca
:10607000f1ff2f00f2ff2f00f3ff2f000502780041
:106080000402e900050033008301d1000281d3003e
:106090008180d3000080d300f9ff3700c0b79f0094
:1060a000d1b79f00e2b79f00f3b79f00a0f2210095
:1060b00000804600104378003c1290008680fb0070
:1060c000810f570081ff36004fb09700dfb0970077
:1060d0006fb19700ffb197000800e1000988e10067
:1060e0000a90e1000b98e10078ff39008503780001
:1060f0008703e900050033000804d0008984d2003a
:106100000a85d2008b85d200f9ff37000680fb009c
:106110008000eb006011b8000804700089847000f2
:106120000a0571008b8571007c089000840f500077
:1061300013003100fe0046008008e8009086fb0056
:10614000daff37000555dd000a0570007c08900075
:10615000820f500004003100fe0046008008e80075
:106160009086fb00b7ff37000c00780085bf9f00ca
:1061700054010700800678008fba9700b1ff3700fe
:106180000c00780085bf9f004e0107008006780054
:106190008fba9700c5ff370088f4b90000044400a7
:1061a0007c089000820f500077003100fe0046000e
:1061b0008008e8009086fb000d8044001080fb0002
:1061c0003c119000800f570003003600b171200091
:1061d000810f5400f0ff36008004eb006055b800da
:1061e000a0f22100008046001040780080ef9f0060
:1061f0003c139000e69f9f000080fb00800f57003b
:1062000032ff36006170b8006011b80080af9f00a7
:1062100091af9f00a2af9f00b3af9f000a02be00e4
:106220006033b800b4a79f00c5a79f00d6a79f0002
:10623000e7a79f00e00f5200e08f5a00e00f5b00dd
:10624000e08f5b00220032000800be006011b80041
:106250000faa97009faa97006033b800f49f9f0091
:1062600085a79f0096a79f00a7a79f00661207001b
:10627000a09f9f00b19f9f00c29f9f00d39f9f0040
:106280003fa09700cfa097000002be006033b80087
:106290007f9897008fa097001fa19700afa197004c
:1062a000591207002f9a9700bf9a97004f9b9700ab
:1062b000df9b97000000430081804b006001490094
:1062c000e0814900e00f5100e08f5900fffe3a00e5
:1062d0000802be000a03be000fa897009fa89700ff
:1062e0002fa99700bfa99700471207008fea9700d0
:1062f0000582fb008002eb006033b800c4b79f004a
:10630000d5b79f00e6b79f00f7b79f000483ea0068
:10631000c6af9f008083eb00d7af9f00e7af9f0021
:10632000f7af9f004faa9700dfaa97006fab9700c7
:10633000ffab97000400e1000588e1000690e10052
:106340000798e100e1fe3e004fb29700dfb29700f0
:106350006fb39700ffb397000404400085844800a2
:1063600006054900878549007c089000ef9a970050
:10637000850f50000a003100fe0046008008e8004a
:106380009086fb0096ff37000c007800cd000700d8
:106390008006780088ff37000004eb0086ff370096
:1063a0000c007800c7000700800678008cff3700db
:1063b0000c007800c3000700d1fe37000fb0970033
:1063c0009fb097002fb19700bfb197000040e10048
:1063d00001c8e10002d0e10003d8e1000700360067
:1063e00020022000e01489000fb497009fb49700aa
:1063f0002fb59700bfb597004bfe3700ffa0970061
:106400000100e00048fe3d0060041400e0841c0030
:1064100060051d00e0851d0043fe37006044b800a4
:106420006055b8000fa997000200e0003efe3a0058
:106430004efe37000200fa00889fbe008a9fbe0011
:106440000000e00001003a00100020000000e80019
:10645000000478000800a1000800e00007003a00ee
:10646000c0002000e01489000000eb004f05be00d2
:106470004f04be000080fa000000060040f7200034
:106480000000e00026003200e10f54002200360038
:10649000e30f4400f2ff3e00080078005eee0700c4
:1064a0002a0020000000e000f0ff3a008a054400c6
:1064b000a9bf2100e0df800019005000880f5000c4
:1064c0000c003100bbbf9f006a805700fa01070033
:1064d0000000e000e5ff3200e1df8000808f500027
:1064e00001003200d0df8800c1bf21003fb9970012
:1064f00082084000d1df8000010078000a00e0003f
:1065000001003200081878008b8c40009904780054
:10651000d9df8800d5ff370028002000deff3700d4
:106520000005eb00e1ff37008180fb00800178006f
:10653000030078000308a300090032000200e00015
:10654000260032008301e8001082fb00810f520018
:1065500001003a00000006000201e900f4ff3700e4
:106560000200e0001d0032001382fb00810f520088
:106570001b00320016102000868bb900e10f51007d
:106580000a0036008302780035026b00f0ef2f001e
:10659000040040000482ea000400600004082800af
:1065a000040060000000e000090032000301410027
:1065b00003007800828f5100080032008301e80058
:1065c0001082fb00810f5200f9ff3a000000060024
:1065d0000281e90085017800e8ff37000000eb0048
:1065e000000006000002eb00840f51000b00320097
:1065f00084014000934178000402e8008482400056
:10660000f5fa970085cf5100f7ff32000380fb00b9
:106610008582fb0005005000000006000000050018
:106620000200e00004003200800178000201e9006d
:10663000028009008159780000000600889fbe0092
:106640008a9fbe004410980055109800661098006c
:106650007710980070099000a0009000028450000c
:10666000cfc4de00614db9000818980019189800d1
:106670002a1898003b18980080109000e00f5200f4
:10668000e08f5a00e00f5b00e08f5b0009003200f2
:1066900002845000cfc4de00614db9000440e10027
:1066a00005c8e10006d0e10007d8e1000100340090
:1066b00084004100311098004f05be004f04be0019
:1066c000000006002800fa00889fbe008a9fbe00d6
:1066d0000004780070089000e400440011055000a8
:1066e000081890009818900028199000b819900088
:1066f000cfd4de000002450081824c0002834c00b2
:1067000083834c0048109000d810900068119000ce
:10671000f8119000e00f5000e08f5800e00f590092
:10672000e08f5900200032000400e1000588e100fc
:106730000690e1000798e1001b003c00a8009000d3
:106740007809900002805000cf81de0004024000f2
:10675000858249000683490087834900041c98000c
:10676000151c9800261c9800371c980032149800bd
:10677000f0ff2f00f1ff2f00f2ff2f00f3ff2f009b
:1067800040149800511498006214980073149800f3
:106790008085eb000b0078004f05be004f04be0063
:1067a0000080fa000000060008007800c4b79f00cf
:1067b000d5b79f00e6b79f00f7b79f002a010700f3
:1067c000800578004fb29700dfb297006fb3970053
:1067d000ffb397000000e000d8ff350061004200e1
:1067e000e0804a0060014b00e0814b0080bf9f00c9
:1067f00091bf9f00a2bf9f00b3bf9f0048129000af
:10680000d812900068139000f813900084b79f008e
:1068100095b79f00a6b79f00b7b79f008814900058
:10682000780d9000e00f5200e08f5a00e00f5b00ff
:10683000e08f5b00200032008a815400611ab900a9
:10684000612bb900c4af9f00d5af9f00e6af9f009a
:10685000f7af9f000fb097009fb097002fb1970040
:10686000bfb197000fba97009fba97002fbb970050
:10687000bfbb9700040050008580580006015900f6
:10688000878159004faa9700dfaa97006fab970046
:10689000ffab97000020e10001a8e10002b0e10099
:1068a00003b8e100040034008fb297000fbb9700db
:1068b0000681520082044500391498002801900096
:1068c0008a0151000fba97009fba97002fbb97001b
:1068d000bfbb9700cf9cde000482410085824c0044
:1068e00006834c0087834c00041c9800151c9800fc
:1068f000261c9800371c98008a0f5100a5ff39000c
:106900007bfd9f00a3ff37002000fa00889fbe0098
:106910000004be00914078000104e0000300320052
:10692000194090000004e00007003a008100fb00dd
:1069300008007800e8000700080050004f04be007f
:106940000080fa0000000600020220008000eb0038
:106950000e00780032ff07008904e900d940780072
:106960000104e00010003a000800780000027800fe
:10697000344178000204e000efff3200c311de0072
:10698000fe8161006f016100110020008208dd00be
:106990006e817900828060000100e000e6ff3a002d
:1069a00004007800f1ff37004309de00ef8060004b
:1069b000100020000100dd007e016100ee00790082
:1069c00000807000003779000000e000e3ff3a002b
:1069d000e5ff37002000fa000f000900001feb0060
:1069e0000e02b100914178000001eb000304e000c9
:1069f00008003200114190000204e0000c003a004f
:106a00000001780082007800b1cf5100040032000c
:106a100000015100020078000080fa00000006002a
:106a200001017800f7ff37005104e0000b0032004d
:106a300011427800c321de006f02620012002000c4
:106a40000411dd00fe8161006e8279000201720096
:106a500002b779000200e000f3ff3a00000178007d
:106a600082027800b54178000304e000e8ff3200bc
:106a7000431ade007e026200ef81610011002000f7
:106a80008308dd00ee017a00838060000100e000f1
:106a9000dfff320005017800f1ff3700ee87470085
:106aa000889fbe008a9fbe008c9fbe008e1f78000c
:106ab000d4b79f00e5b79f00f6b79f0087bf9f0040
:106ac000b1b79f000206be00300790009300780027
:106ad000c1b79f0090059000680040001000e900d9
:106ae000000478000b00e00001003d001b002000c6
:106af000000047000048eb000b057800190020005b
:106b00000800e0001d003c000900e00047003200e2
:106b1000080078004f0778004f06be004f05be0002
:106b20004f04be00ef00b100000006006162b90032
:106b3000612bb9005fb09700efb097007fb197006d
:106b40008fb99700e60f0700270037006162b90090
:106b5000612bb9005fb09700efb097007fb197004d
:106b60008fb99700d70f0700d0b79f00e1b79f00fc
:106b7000f2b79f0083bf9f00e1ff37005fb097002f
:106b8000efb097007fb197008fb99700e00f5000ea
:106b9000e08f5800e00f5900e08f59000a003a00da
:106ba0000a00e00008003c00bfb097000b805000d6
:106bb0000a0040000000e000d3ff34004fb197000e
:106bc0000218a300d0ff32000804e900ea0f5600c3
:106bd000d6ff3a005fb09700efb097007fb1970003
:106be0008fb99700080f070080047800080047005d
:106bf00002c3b30002c844000a05e900ea0f5600c8
:106c0000d2ff3a005fb09700efb097007fb19700d6
:106c10008fb99700a50e0700d0b79f00e1b79f007e
:106c2000f2b79f0083bf9f00b5ff37001d40a10052
:106c3000b7ff37000200fa00881f780000047800d0
:106c4000e2bf9f006481570009f10700980090009f
:106c50000148a300010032000080eb004f047800df
:106c60000080fa00000006000200fa00881f780089
:106c700000047800460007000000e0000400320035
:106c80000080eb004f0478000080fa00000006004e
:106c90009811900012002000e4805700080078004e
:106ca00003000100e10f5000f5ff3a00cff8970014
:106cb0000180fb00f3ff3700100078000000e000c7
:106cc00003003500ffe70700e10f400001003a0034
:106cd0000000eb0000000600881f78000004780028
:106ce0008180fb000100e0000a003a00a9ec0700e7
:106cf000000044004f04780000000600b84178000e
:106d00000304e000fbff32008381fb00818f510010
:106d1000f8ff3200080078000808a300f7ff3a00e7
:106d200016102000868bb90088027800b501780023
:106d300006826900f0ef2f00030040008381ea0023
:106d400003006000f3ef2f00848141000482ea0019
:106d50000482610000007200030828000300600044
:106d60000000e0000800320008007800b841780018
:106d70000304e000dfff32008381fb00818f5100bc
:106d8000f9ff3a00dbff370005047800e6ff370023
:106d9000881f780000047800c06090000140e9007e
:106da0000140700040649800d80090006800900096
:106db000808f500005003600b80990000001eb00fc
:106dc0008000eb0008007800030001000000eb00e9
:106dd000200c98006004980050049800180090005f
:106de0000018a300050032000040a0001004980025
:106df0000080eb004f0478000000060064014400ae
:106e0000e60044001201780091004100011498004e
:106e1000710c98004c00dd004f80de00f5ff37005c
:106e2000020037000000060000000500fdff07001b
:106e3000d01481008000eb00b7090700d014810056
:106e40008000eb00b4090700d01481008000eb0043
:106e5000b10937000000fa0068815700cfb89700e9
:106e6000c00207000080fa00000006007eee070066
:106e700007000700d4ee07000eef070036ef07000b
:106e800060ef07005d070700e406070069063700aa
:106e90002f04b000889fbe008a9fbe008c9fbe005a
:106ea0008e1f7800a09f9f00a1a79f00e3779f00ff
:106eb00011007800c0a79f0091009000d1af9f0003
:106ec000afa09700a1009000b1a79f00afa09700ce
:106ed000c1009000919f9f00afa0970031079000e4
:106ee000120278009202900022039000b2039000f8
:106ef00084b79f0095b79f00a6b79f00b7b79f00c4
:106f00006022b8006033b8000fb097009fb09700c0
:106f10002fb19700bfb19700360a07000000e000cc
:106f20000a003500cfa297000528a30043003a00cd
:106f30004fa2970068026200d4a79f000400e000ff
:106f40004000320000c2b3000a0037000fb09700c3
:106f50009fb097002fb19700bfb1970003f0a20038
:106f600080b79f0091b79f00a2b79f00b3b79f0063
:106f7000d0c2b300004f78003fa197000201e900a2
:106f8000c2af9f0013002000d3a79f00f0ff2f0087
:106f9000f1ff2f00f2ff2f00f3ff27000fb2970041
:106fa0009fb297002fb39700bfb397000400600013
:106fb000858060000601610087816100dfa2970083
:106fc00085024700d59f9f00e00f5000e08f5800da
:106fd000e00f590006ff27000698e1001f003a0065
:106fe000ef7397000700fb001004b100f90f500089
:106ff00017003e00c12722000500780007060700a1
:1070000000282200e3eb0700dfa097000101400009
:107010004fa29700bfa197008e0078002f9897008d
:10702000c1ef07004f0778004f06be004f05be00b6
:107030004f04be002f04b10000000600b0c2b30030
:10704000ccff37003fa29700c4af9f00cfff3700af
:10705000012822005f989700e8ff3700e00f5000fa
:10706000e08f5800e00f590004ff27000498e1006a
:107070000e003600ef7297000500fb001004b1000f
:1070800041282200f90f500001003600812822001b
:107090005f989700e105070080282200bdeb0700fc
:1070a0005fa3970006014000d9ff37006022b800b7
:1070b0006033b8000fb097009fb097002fb19700d2
:1070c000bfb19700e40907000000e00036003a0075
:1070d0008003eb00c7b79f00f0af9f008000eb007c
:1070e000e1af9f0002ff2300b2af9f000006eb005c
:1070f000ef7397000700fb00b206070080067800d8
:10710000807f9f005fa897000000e00071c6b30079
:107110000e02350081cf56008d013a000000e000dc
:1071200004023200e40f460003003500dfa9970097
:10713000830f5600830135005dc6b3009d01370003
:107140000c06e800cbb79f00faaf9f00e9af9f00a5
:10715000b8af9f006022b80006002000470224005c
:107160004fb09700ffa897006fa99700bfa997009d
:107170003c0b070080057800010578008204780048
:10718000030478000fb297009fb297002fb39700c7
:10719000bfb397009c0907000000e000e8ff34003f
:1071a0000004eb00370037008001eb00c3b79f00fd
:1071b0000002eb00f4af9f008002eb00e5af9f0000
:1071c00006ff2300b6af9f000006eb00e1ff37008b
:1071d00040ed2f00800f56001d003d000800e0002c
:1071e0001b003a006022b80006002000073524008a
:1071f0000fb097009fb097002fb19700bfb19700d5
:10720000180b07000002be000203be0084b79f00f7
:1072100095b79f00a6b79f00b7b79f006022b80040
:1072200006002000073524004fb09700ffa8970004
:107230006fa99700bfa997000a0b0700c0b79f006e
:10724000f1af9f00e2af9f00b3af9f001800200096
:107250006022b80006002000470224004fb09700cb
:10726000ffa897006fa99700bfa997004e0a0700d3
:10727000c0b79f00f1af9f00e2af9f00b3af9f0088
:107280000c06e9004fb29700ffaa97006fab97007a
:10729000bfab97000fb097009fb097002fb197003a
:1072a000bfb19700530907000000e000c8ff350098
:1072b0008fff37000b0278008a02780009037800fc
:1072c000880378007fa097008fa897001fa99700d8
:1072d000afa99700340a0700ac0e07000203be00f6
:1072e0000002be00d0b79f00e5b79f00f6b79f0031
:1072f00087bf9f007c090700e09f9f005fb2970057
:10730000efb297007fb397008fbb97000b00780018
:107310008a0078000901780088017800d10a070006
:107320007fa297008faa97001fab9700afab970083
:10733000cc0907000203be000002be0007f0a20055
:10734000f4a79f0085af9f0096af9f00a7af9f0057
:107350006022b80006002000470224000b007800dd
:107360008a00780009017800880178000e0a070079
:107370008005780001057800820478000304780015
:10738000efa297008502e800170137004fb1970080
:1073900082b79f00ffa99700f3a79f006faa9700ed
:1073a000e4a79f00bfad970050c6b30080cf560042
:1073b0005e013a008002eb00f5af9f005fa49700ea
:1073c0000005eb000003eb00e6af9f008003eb003d
:1073d000c7b79f00490037000fb29700ffa2970080
:1073e0006fa397008b0378006f989700ff98970022
:1073f0000fa197009fa19700eb090700630e0700fc
:107400000203be000002be00d0b79f00e5b79f0098
:10741000f6b79f0087bf9f00330907008000780000
:107420005fb29700efb297007fb397008fbb9700d2
:10743000e90f50000100340091002000cfa1970017
:1074400070816100020070000000e00085003a00d9
:1074500070c6b3000f799700804f510081003a0049
:10746000ffa997004fb19700028051000000e00093
:107470008d003d008a04e8000fb09700ffa0970040
:107480006fa197008b017800760a07006f9a97002a
:10749000ff9a97000fa397009fa397007109070019
:1074a0000203be000002be0007f0a200e49f9f009e
:1074b000f59f9f0086a79f0097a79f006022b800b6
:1074c00006002000470224000fb09700ffa097009d
:1074d0006fa197008b017800b309070080b79f0068
:1074e000f1a79f00e2a79f0083057800cfb2970025
:1074f0008502e800c5b79f00090578008804780078
:107500005fa89700cfb09700810f500006003400ad
:10751000afa0970068804000b2ff2f00100041002c
:10752000880f5000acff3e00efa997000300e00079
:1075300007003a004fa297000448a300040032005d
:107540000804e80089044700e0c2b300804c7800da
:10755000080347008040eb00014b780052c6b3009f
:1075600082cf560027003a009f9a97000501e90054
:1075700082014700814978000002eb000c00e00026
:1075800002003d000c06ea00140020000c00e000a0
:1075900059003a009f9b9700e380130082804000cf
:1075a0000100e00054003c008200e900d3c2b300b7
:1075b0000400e00001003a00b3c2b30081004700bc
:1075c000834878000281e9006f7097008000fb001b
:1075d0001104b100f98f500001003e005dc4b300fa
:1075e000820047008d487800cfa997008381e90089
:1075f000c3af9f00820f540002003d0006007800d8
:10760000860407004fa2970063006200e20f50005b
:107610000e003a004fa997000200e0000b00340072
:107620000e0078005bea07005fa29700800f52000f
:107630003d0034004fa99700010320005f98970098
:10764000f7fb07008002eb00b5a79f000e00780053
:1076500050ea07004fa29700bfa1970000017800f1
:107660006dfe3700efa997000300e0000e003a001e
:107670007fa99700cfb19700030051000000e00000
:1076800009003d000804e8004fa997000201e90045
:10769000c2af9f0089044700e0c2b300804c78006d
:1076a00013002000e3af9f000800780008014700a6
:1076b0008a0478000300370003c3b300035978003d
:1076c0008904e9000900e000fbff3a00cfa9970018
:1076d0000301e9000a015100c2af9f000804e8005d
:1076e0000a044400000047000a00400002c3b3003f
:1076f00002c8400060ff37000201e9008202470033
:10770000a3002000110009000306d800000678003d
:1077100003c3b30083ca4000cfaa97008502e900e3
:10772000c5af9f0099ff370000014700cfa9970020
:107730008080410081004700924878000000e90005
:10774000b9ff37000c00e00012003d006dc6b30029
:107750005faa97000402e800d4af9f0060c6b300a0
:1077600080cf560013003a000c00e00009003d00f5
:107770008002eb00c5b79f000003eb00f6af9f004f
:107780008003eb00e7af9f0000ff2300b0af9f0036
:107790000006eb006dc6b30070c6b3008f7897008b
:1077a00080cf5000030032005fa997000c01410018
:1077b000d2af9f00cfb597007fad9700efac970099
:1077c0003fac97000fb297009fb297002fb397007e
:1077d000bfb39700f4a79f0085af9f0096af9f00af
:1077e000a7af9f008002eb00e5a79f006fa3970063
:1077f000dfab9700870f5300aefe35006022b80064
:1078000006002000470124000b0078008a00780061
:107810000901780088017800920907008005780046
:107820000105780082047800030478000002be009d
:107830000203be007fa097008fa897001fa99700a2
:10784000afa99700eb0707000000e0000e0035002d
:107850000b0278008a027800090378008803780018
:107860007fa097008fa897001fa99700afa9970046
:10787000e00707000000e00005003a006f9897005d
:107880000008a30002003a006055b8006044b80048
:107890000b0278008a0278000903780088037800d8
:1078a0000fb097009fb097002fb19700bfb197001e
:1078b00072080700e09f9f00f19f9f0082a79f0032
:1078c00093a79f006022b800060020004702240012
:1078d0004fb09700ffa897006fa99700bfa9970026
:1078e0006009070080b79f00f1a79f00e2a79f00f3
:1078f000830578006f9a9700ff9a97000fa397006f
:107900009fa39700bb0707000000e0009ffe3c001c
:107910000c06e80060c6b30080cf5600a2fe3a0015
:10792000dfa897008100e800d1af9f00fcaf9f0067
:10793000a2fe370016002000d6af9f00f9fd3700e9
:1079400067002000d7af9f00f6fd37000f78970043
:10795000814f5000faff320061002000d1af9f003c
:107960007bff37008201780001017800f1ff2700da
:107970003aed37000000fa0068815700cfb8970051
:10798000f8ff07000080fa0000000600b6eb0700d1
:107990003ffd07000cec07006fec070099ec0700b7
:1079a00044ec0700950407001c040700a1033700fe
:1079b0000000fa0068815700cfb89700e9ff070080
:1079c0000080fa0000000600a7eb0700feeb0700ae
:1079d00061ec07008bec070036ec07000f04070092
:1079e000940337000000fa0068815700cfb8970071
:1079f000040007000080fa00000006000f003700b6
:107a00004b0337003c00fa0043fc2f008f814100fc
:107a10001d0009008019eb00c303b100c0a79f003f
:107a200080b79f0000d02300b0b79f00030078000c
:107a3000610307000080fa00000006001400fa004d
:107a4000889fbe008a9fbe008c9fbe000005780004
:107a5000010f980003047800a2049000c205900072
:107a60003201900032079800ef000700180c400028
:107a70000b00e9000900e00001003a0080047800f2
:107a800049079800808f5400010034004007980097
:107a9000be0090008100e900210798008005eb00fe
:107aa0000001eb00620798006066b8000002eb007e
:107ab000740798005b0798004e019000828f550074
:107ac00018003d007a0890003a119000820f500093
:107ad000240031007e0145000009e8009084fb008d
:107ae0000c00e00036003a00b0022000808f540005
:107af00003003200d0022000808f540030003a0092
:107b00000b00e000250032008b8f5600230032006e
:107b10003a1190000200e000020032007e004500b1
:107b20001008e9003e029000de00900001004200d3
:107b30000048eb008e00780004007800edea0700b2
:107b40000e0a9000009abe000292be00e9ff2f00cc
:107b50003e0290009e0f12000a0032001900200021
:107b6000080037000a007800d6fa07008004780081
:107b7000e10f4000daff3a00de0090000100e00073
:107b8000e8ff3c00090078004f06be004f05be002c
:107b90004f04be000080fa00000006002e02900094
:107ba00019429800180ce8001c0020008b05e80022
:107bb000ae0090008100e80021079800bdff37006b
:107bc000fe0090000100e0000b003a00e0022000ff
:107bd000808f540008003a000d00e000ccff3a000e
:107be0002e02900019429800180ce80011002000a5
:107bf00071079800edff37000d00e00015003a0016
:107c00006e019000090078000200e0000e003200d2
:107c1000ec0307000087b20000f0a7000000ea00b4
:107c20000000e9004f00de000004e0006d003200bb
:107c30002e02900019429800180ce8000d067800fa
:107c40008b06e800d9ff3700de0307005086b2003c
:107c5000f1ff37006e0290000400e00023003200c4
:107c600009007800050407000000e00023003a0046
:107c70003a1090000000e000020032007e00450053
:107c80001008e9008c8f5500a6ff3a00c02822009a
:107c9000000f7800300020000b00e00001003a00e7
:107ca00020002000ce009000808f50009dff340007
:107cb00000292200100798006381450022079800e0
:107cc0008b0678000081eb008d047800ae009000f8
:107cd000818f56000d003a00e38545005b07980050
:107ce00030002000180c40008eff370000fd2f00f0
:107cf00009004000e90f5000ddff3e002e02900019
:107d000019429800180ce800a8ff37007a08900084
:107d1000ba119000830f500017003100fe0145009a
:107d20008009e8001086fb000c0078000200e000eb
:107d300019003d00a303070000067800900620000c
:107d4000800f560023003200e0062000800f56000e
:107d5000220032008904e900898f550071ff3c0040
:107d60003a1190000200e000faff32007e00450068
:107d70001008e900f7ff37000a007800120f98009a
:107d800050fa0700000678001e099000e10f40003d
:107d9000e5ff3a0063ff3700120f980089030700e0
:107da0001e099000820141008b825600ee8179000d
:107db000858141009301fb00830f5000e5ff3a00ed
:107dc0003e0290000d0042000c4878008d06e8004d
:107dd000bdff37000001eb00f9ff37001200200063
:107de000f7ff37000c00e8008b0f500099ff3a00b6
:107df000090078007303070083072000830f5000f9
:107e000094ff3a0000c3b300ae009000914f100001
:107e100090ff3a0099409800180ce80012002000ea
:107e20006207980061ff3700889fbe000004780059
:107e30008004eb0078089000b8109000810f50008b
:107e400013003100fe0044008008e8001080fb00b1
:107e500001022000810f50000b0032006900500029
:107e6000e40f500008003600381090000000e000d9
:107e7000020032007e0044001008e900090078008a
:107e80004f04be00000006008904e800e9ff370047
:107e9000080078000bfa0700e10f4000ecff3a0001
:107ea000f6ff3700881f7800010478009100780001
:107eb0001141780001c2b300814f5100050032002a
:107ec0000201fb00690151008000eb00e40f51004a
:107ed0000c003e00d4ff07008000780018007800f6
:107ee000000ce8001041900000c2b300804f510028
:107ef000faff32000201fb0069015100e40f51005a
:107f0000f6ff3600010078004f04780000000600fc
:107f100000000500000005009201fa00889fbe00e5
:107f20008a9fbe008c9fbe00000478008205780006
:107f3000718799000000eb00608799008006eb00d4
:107f40007e8091001004e0006400320020182000c0
:107f500080004700020009008018eb00111020008b
:107f60008100470041879900000820005087990050
:107f7000e11820008e80400008007800c9ff07004b
:107f8000800478007e809100904078000104e00039
:107f90000300320052c2b30082cf50003f003a00cb
:107fa000ee809100898040006187990051c2b30042
:107fb00090cf100033003a008000e80071879900ec
:107fc0008000eb0031879900104190008004eb00a5
:107fd000a1c2b300814f510003003a000080e800c5
:107fe00070879900190020007e809100d50207005b
:107ff000308799006102b900612bb9000800780050
:108000008ef90700fe8091001100fb000003b10013
:10801000e90f500048003600e01820000e00400034
:10802000feeb0700004578007e8091001000fb0009
:10803000e402070071062000810f500060003c0040
:1080400051062000810f5000da003d00110620008b
:10805000810f5000d7003200810f500039003c00e2
:1080600051022000810f5000ff003200b1052000b6
:10807000810f50001a013200fe8091008100e8005b
:1080800071879900e10f46000a013a000d00e000f7
:1080900012003a008086eb0010003700780890004c
:1080a000b8109000810f500012003100fe00440013
:1080b0008008e8001086fb007e8091001000fb0025
:1080c0008c0f500010003200381090000000e000cb
:1080d000020032007e0044001008e9000d00780024
:1080e0004f06be004f05be004f04be000080fa00e0
:1080f000000006000800780072f90700000678000a
:10810000e10f4000ecff3a00ee8091008100e800b2
:10811000618799007e8091000000e80070879900d7
:10812000e11820008e804000080078005dff070005
:108130008084440093ff37008100e8007187990034
:10814000b0ff370031062000810f5000ac00320034
:1081500041062000810f5000c7ff3a00c3182000dd
:108160008e814100221820000e0141008e0078000f
:108170000800780066ff07000000e0006a01350093
:108180007e8091000000e800708799000900e000ff
:10819000c8003a008a80fb008b01780012002000a2
:1081a0000e0078005c040700800478000000e00006
:1081b0007e003d00e18f4400b4ff3200c7ff37006e
:1081c00001072000810f500057003200810f50003e
:1081d00015003c00e1062000810f500064003200d1
:1081e000810f500036003c0091062000810f5000a6
:1081f000a1ff3a00c31820008e8141002218200000
:108200000e0141008e0078000800780040ff070052
:108210000000e00044013500fe8091008100e8008c
:1082200071879900d9ff370051072000810f500056
:108230001600320081072000810f5000320032000a
:1082400031072000810f50008bff3a0000c8b300b7
:10825000804f550088ff3a00fe8091008100e800c1
:10826000718799000002eb000900e00003003a006a
:108270001b007800808de90070ba9700c3182000b9
:108280008e8141001200200072003700c3182000c8
:108290008e814100221820000e0141008e007800de
:1082a000080078001aff07000000e0001e013500fa
:1082b0007e8091000000e800708799000c00370074
:1082c000c31820008e814100221820000e014100b9
:1082d0008e007800080078000dff07000000e00025
:1082e00011013500fe8091008100e800718799003e
:1082f0000900e0006f003a008a80fb008b017800e3
:108300000001eb00a6ff3700c31820008e8141005a
:10831000221820000e0141008e007800080078002d
:10832000fbfe0700e0ff3700c31820008e814100ec
:10833000221820000e0141008e007800080078000d
:10834000f3fe07000000e000f7003500fe8091001a
:108350008100e800718799000900e00055003a00ab
:108360008b0178000001eb00010f20008cff37002b
:108370007e8091000000e800708799006e80910077
:10838000cf80de006109b900009fbe000297be00e9
:108390000900e00047003a008a80fb008b0178006a
:1083a0000001eb000e007800db0307008986460021
:1083b000e3fe3700c31820008e8141002218200000
:1083c0000e0141008e007800080078009bfd070038
:1083d0000000e000d4003500fe8091008100e8003c
:1083e000718799000900e00032003a008a80fb00a2
:1083f0000b0178000e007800a40307006aff370025
:1084000000c8b300804f55001bff3a0060182000e1
:10841000ee0078000100e00002003a0011002000a8
:10842000013778007e8091000000e8007087990095
:108430000002eb000900e00003003a001b00780096
:10844000808de90070ba9700c31820008e8141002a
:108450000001eb00211820008e8040000800780009
:10846000acfe070050ff370000c8b300804f550036
:1084700001ff3a007e8091000000e80070879900bb
:1084800078089000b8109000810f50000b00310068
:10849000fe0044008008e8001080fb00510220002c
:1084a000810f500008003a00ee8091008100e80042
:1084b000618799008004eb00bcff3700080078005a
:1084c00080f80700f5ff3700381090000000e0004a
:1084d000f8ff32007e0044001008e900f5ff370085
:1084e00000c8b300804f5500e3fe3a000005eb00e2
:1084f0000900e00003003a001b007800808de900cd
:1085000070bd97007e8091008000e800718799001f
:10851000104190008004eb00e1c5b300814f510091
:1085200003003a000080e8007087990019002000dd
:1085300012102000890078000e00780038f807003b
:10854000004feb007e80910090407800d2c2b300d3
:1085500082cf50001a003a000000e80070879900ae
:1085600010c0b30009405000606f9800fe80910079
:1085700011407800d2c5b300824f500019003a0074
:108580008004eb000a00e0003d003a00780890000b
:10859000b8109000810f50005f003100fe004400d1
:1085a0008008e8001086fb000c00e8006e407800b0
:1085b0000004e00054003a008000eb003c0037006b
:1085c000d2c5b30082cf5000e8ff3a000000e800b7
:1085d0007087990010c0b3000940500060df980018
:1085e000e2ff37000004e000e5ff3200d3c2b30031
:1085f000834f5000090032007e8191001200fb0081
:108600000000e80011c0b30089c050000177780075
:108610000201e80072879900d4ff37000e889100ac
:10862000104078000004e000f3ff3200824f500059
:10863000f1ff32000100e800708799006e80910020
:108640001000fb0012c0b300094151008101e80095
:108650009301fb00830f5000e7ff3d000000e8009e
:1086600002777800f7ff3700090045000c487800d2
:10867000ee8091008100e800618799008904e8009c
:10868000890078007808900038119000820f50001f
:10869000170031007e0144000009e8001086fb004d
:1086a0000c00e8006e4078000004e000eeff3a00a5
:1086b000381090000000e000020032007e0044000c
:1086c0001008e9007e8091000000e80070879900a2
:1086d0000100e00068fe32000a00e00066fe3200a1
:1086e00001054500004deb00190020002fff370069
:1086f00008007800098f9900f2f70700000678005b
:108700008e889100e6ff37006e8091000000e8003f
:10871000608799009dff370008007800e9f707009f
:1087200000067800a0ff370080047800a1fe370023
:10873000889fbe008a9fbe008c9fbe008004780088
:108740008106780002067800600c90000a10200074
:10875000020545000a0178008000eb00080078005f
:1087600071f707000000e00001003200080550002a
:108770008a0578008c0f5500010036008c057800c2
:108780000b017800880078000d007800ede5070007
:108790007e8044000b0844000a04440088149800ba
:1087a000e80c98000b0078004f06be004f05be0095
:1087b0004f04be00000006000200fa00881f780087
:1087c00000047800e2bf9f0064815700d2fd0700db
:1087d000980090000148a300010032000080eb00e7
:1087e0004f0478000080fa00000006000000e90055
:1087f0008100e90050417800d1417800834f510059
:1088000002003a000204e000faff3a000280fb0096
:108810008381fb000300500000000600881f7800e1
:10882000000478001c030700080078004f0478005b
:108830000000060084082000848f500039003200b8
:10884000848f500018003c0014082000848f5000d2
:1088500044003200848f500004003c0004082000d3
:10886000848f5000670032000000050024082000bb
:10887000848f50004700320044082000848f50004d
:10888000f9ff3a00130278008480e9000200e0005a
:1088900074ba97008109780056003a008002eb0014
:1088a0006033b80028003700040a2000848f50008d
:1088b0004d003200848f500010003c00040920005d
:1088c000848f5000e8ff3a0093007800e880500061
:1088d000110278009102900021039000b1039000f2
:1088e000810978000498be000690be0010002000a8
:1088f0000200e0004200320000000600020c2000ee
:10890000828f500031003200020f2000828f500011
:10891000d5ff3a00930078008189e90071ba970089
:10892000deff3700130278008480e9000200e000d7
:1089300074ba970081097800060032000402fb0037
:10894000cfa2de00612bb9000498be000690be00e5
:10895000100005000482fb008002eb006033b800c9
:10896000f9ff370093007800e4805000110278008e
:1089700091029000810978000200e00003003200bb
:108980004fabde0086037800efff37006033b8009e
:10899000edff370093007800e88050001102780066
:1089a0009102900021039000b103900081097800aa
:1089b0000498be000690be00100020000200e000f7
:1089c000010032000000060000000600c1ff2f0079
:1089d0009389400093007800110278009102900082
:1089e0006033b800d8ff3700930078008189e90030
:1089f00071ba9700cfa2de00612bb900d2ff370019
:108a000000000600930078000182e90084097800e4
:108a100071ba97000200e0009fff37004408200071
:108a2000848f500030003200848f50000a003c00d8
:108a300014082000848f50001b00320024082000fe
:108a4000848f50001f00320004082000848f5000e3
:108a5000250032000000050004092000848f50002a
:108a600027003200848f500009003c008408200059
:108a7000848f5000f7ff3a00930078008189e90065
:108a8000f1b8970001087800824878001500370097
:108a9000040a2000848f500013003200040c2000d0
:108aa000848f5000ebff3a00930078008189e90041
:108ab000f1b89700010878006111b9008288be0002
:108ac00008003700930078008189e900f1b8970029
:108ad000010878006112b900612bb9008498be00ca
:108ae0008690be0010000500930078008189e9009f
:108af000f1b897000108780082087800f9ff370084
:108b0000930078008189e90071ba97000408780021
:108b10006110b9006109b900009abe000292be005e
:108b2000f0ff3700881f7800010478006af807001a
:108b3000904f1400010032000000eb004f04780059
:108b40000000060080007800104178000000e80076
:108b500003c2b300834f5100faff32008201fb00d1
:108b6000e9815100e48f5100f6ff3600b0c2b30036
:108b70008001eb00804f510004003200d0c2b300ee
:108b8000804f510002003a00130020008100e800ed
:108b90008100e9000000eb0002003700ea00b900a4
:108ba000020050005101fb000203b100e90f510027
:108bb000faff36000300e00001003a000000ea007e
:108bc00000000600f1fb2f0080804000f98f50006c
:108bd00001003e000050a00000000600f9ff370031
:108be000f1f92f0080804000f98f500001003e0015
:108bf000f005b20000000600f9ff3700881f78007a
:108c0000000478000000eb0003082000838f500070
:108c10001000350010082000808f50000f00340035
:108c20000000eb0033082000838f500009003a0059
:108c3000120078006809500040ba9700d0ba970037
:108c400060bb9700f0bb9700049cbe000694be007a
:108c5000100020004f047800000006001200780089
:108c600064095000f0b8970060b89700ff02070051
:108c7000009cbe000294be00f5ff370002fd2f00ed
:108c80000001410011002000e90f510005003600ed
:108c90000050a0001006b100e50f500001003600a2
:108ca0008000eb000100780000000600f3ff3700b1
:108cb000881f780040442000def50700000478009b
:108cc0000000e00012003200c20320008000eb0030
:108cd00053f60700e06b2400300c98002088240035
:108ce000400c9800c0732400700498008079240020
:108cf0001014980000c0eb00205c98006400440051
:108d00004104200001084400004020003004980085
:108d1000080078004f047800000006008103780006
:108d2000100390000001eb000618a30003003a00b6
:108d300000119000fe00400011015100d00290008f
:108d4000600290000480520002004000cf80de00ec
:108d50006109b900809bbe008293be000000eb0059
:108d60000668a3000400320010002000848f520027
:108d700001003e000000eb0000000600100078003b
:108d800096df3700889fbe00000478001000900036
:108d90000088a30012003200c8049000828f5400a3
:108da00001003600820478000900e0000a00320069
:108db000090178005800900062e407006a0044004e
:108dc0001080440050049800c8009000898450002e
:108dd000490498000048eb004f04be000000060064
:108de0000048a300fcff3a00080078006702070073
:108df000f9ff3700889fbe000004be000000e000bd
:108e000003003a000000eb004f04be000000060023
:108e1000100090000058a30009003a000000eb0089
:108e2000200c980060049800500498000900e000ad
:108e3000f4ff32001800780066df0700f2ff370009
:108e4000d800900068009000808f5000f3ff36003b
:108e5000b80990000001eb008000eb0008007800ea
:108e6000030001000080eb00d80090000100e0004a
:108e7000eaff3a00e4ff3700889fbe000004be000e
:108e80000000e00003003a000000eb004f04be00c9
:108e900000000600100090000058a30008003200f7
:108ea000d800900068009000808f500016003e00af
:108eb0000000eb00200c980060049800500498001b
:108ec000780a900008109000800f520006003100d0
:108ed00000025200cfa2de00612bb9001100200079
:108ee000180078000d0207000000eb000014980045
:108ef000700c98000900e000e3ff320018007800d1
:108f000034df0700e1ff3700b80990000001eb00f3
:108f10008000eb0008007800030001000080eb00f7
:108f2000d80090000100e000e1ff3a00d7ff3700d1
:108f30000800fa00889fbe008a1f780000047800ad
:108f4000010578008204780091bf9f00b000900076
:108f50000100780000f0a7000000ea000000ea002d
:108f60004f00de0000005100a0bf9f0028009000cd
:108f7000b0bf9f00c1bf9f0022002000ee805700bd
:108f800018007800aa0007000000e00007003c007d
:108f9000f8006000e880680018019000828070008e
:108fa0001104980080047800110037002fb9970051
:108fb000800f5100fbff3100a8009000710c980059
:108fc0000200500002022000080141000089400018
:108fd000380090000000e000050032007e004400f0
:108fe0000108e800090545009140780071fd9f00e7
:108ff000090078004f0578004f04be000080fa0099
:1090000000000600881f7800000478001000780037
:10901000c20107000203be000002be00f0ff2f00e5
:10902000f1ff2f00f2ff2f00f3ff2f00e00f52009f
:10903000e08f5a00e00f5b00e08f5b000500350019
:10904000180090000030a100100498006000b800e3
:109050006011b8004f047800000006000800fa0014
:10906000889fbe008a1f78000004be001000900098
:109070000058a30008003200d8009000680090005b
:10908000808f500007003e000000eb00200c98008d
:1090900060049800500498000800be00d9ff070043
:1090a00014003700b80990000001eb008000eb00cd
:1090b0000800780094bf9f00a5bf9f00b6bf9f0027
:1090c000c7bf9f0003000100f0ff2f00f1ff2f003a
:1090d000f2ff2f00f3ff2f001fba9700afba9700df
:1090e0003fbb9700cfbb9700580590000a00e000f7
:1090f000e5ff3a004f0578004f04be000080fa00fb
:10910000000006000800fa00889fbe000004be00b0
:10911000e18f500008003a0000109000fe0044006b
:1091200011005000cf80de000002520081825a0000
:1091300001035b0081835b00180090000058a300ce
:1091400008003200d800900068009000808f500026
:1091500011003e000000eb00200c98006004980015
:10916000500498000800be00a6ff0700e00f500062
:10917000e08f5800e00f5900e08f590016003500cd
:109180000000eb0000149800700c98006000b8001c
:109190006011b80014003700b80990000001eb001e
:1091a0008000eb0008007800a4bf9f00b5bf9f00bf
:1091b000c6bf9f00d7bf9f00030001002fba9700d2
:1091c000bfba97004fbb9700dfbb9700d800900055
:1091d0000100e000dfff3a00f0ff2f00f1ff2f0059
:1091e000f2ff2f00f3ff2f004f04be000080fa00b3
:1091f00000000600406190008240e90082c07000db
:109200004160980090009000648160000200e000de
:10921000040032000140a000110098000080eb0023
:109220000000060002109800720898000000050077
:10923000889fbe008a9fbe008c1f780000067800c1
:1092400082057800010478008004eb000005eb0043
:109250008b0f550005003500090078004f06780097
:109260004f05be004f04be0000000600180190002c
:10927000980078000c0078001ede0700808444000f
:109280000a05e80064044400f1ff3700881f7800f5
:109290008202780013082000838f500014003200ef
:1092a00033082000838f500006003200030820009e
:1092b000838f50000e0032000000eb004f04780056
:1092c00000000600920078000189e900f1b89700db
:1092d000100278009002900020039000b0039000ec
:1092e0008498be008690be0010002000f3ff370077
:1092f0009000900020019000b001900010007800d4
:1093000015027800848ae90074bc9700a701070061
:10931000008cbe00f4ff3700889fbe008a9fbe000d
:1093200084082000848f500032003200848f500067
:1093300011003c0014082000848f500035003200da
:10934000848f500007003c0004082000848f5000e8
:109350004a0032000000eb004f05be004f04be0083
:109360000000060024082000848f50000a0032000c
:1093700044082000f5ff3700040a2000848f5000c5
:1093800018003200848f500010003c0004092000b7
:10939000848f5000efff3a00930078000182e900cb
:1093a0000200e0002c00320084097800f1b8970038
:1093b000100278009002900020039000b00390000b
:1093c0008498be008690be0010003700020c20007a
:1093d000828f500019003200020f2000828f50004f
:1093e000dcff3a0090007800130078008089e900e3
:1093f0002600370090007800130078000082e90012
:109400008409780070b897000148780010002000a7
:10941000d1ff3700100278009002900020039000e6
:10942000b0039000130078008080e9008109780083
:1094300070b897000488be00f4ff3700100278006f
:109440009002900020039000b00390001300780079
:109450008089e900f6ff370010047800900490003e
:1094600020059000b00590008409780071b897003d
:109470000898be000a90be00e4ff37009000780014
:10948000130078000082e9008409780070b8970022
:1094900001087800ddff37000101780080017800c5
:1094a000008268000408a3000c0032008100e9007b
:1094b0000001780002007800d1417800035978005b
:1094c0000304e000fbff3a0000000600b240780011
:1094d000815978000104e000fbff320003007800ae
:1094e0000208a300f9ff3a008200780032027800f7
:1094f000f3ef2f00848141008482ea0085816100be
:1095000005082800858161000300e000e7ff3a00bc
:1095100004187800f4ff37000001eb000000e000c1
:1095200005003200f00190000300e000020032006c
:10953000030001000001780002007800000006002e
:109540004009900002040100d001900060019000e9
:1095500002825100cfa2de00612bb9008498be00c8
:109560008690be00900090000000eb000168a30010
:109570000400320010002000828f510001003e00e4
:109580000000eb0000000600e4fd370080017800d9
:1095900001017800110090000058a30002003a0079
:1095a000030078000f0037000380fb00fa804000c2
:1095b0009100fb00808f500008003200d200900024
:1095c000220a9000848f5000040031006a0241009a
:1095d000010ae80083487800000006000200be008f
:1095e000190037000200fa0000017800010078003d
:1095f000e2ff9f00910090000188a3000800320064
:10960000d0009000ea0140008109e800824878001b
:109610000281fb00020078000080fa0000000600d2
:10962000120020008f80e900580007000081eb0045
:109630000000e000f7ff32006ff897000081fb00a8
:10964000f4ff3700d1ff37000200fa00881f7800ce
:1096500000047800c1ff9f00200890000000e00097
:109660000e003200d800900028089000808f500033
:1096700012003900b809900012002000e480570061
:109680000800780003000100e10f500007003a00d5
:10969000cff897000180fb00050037000800780034
:1096a000110007000000e000eeff32000080eb0038
:1096b0004f0478000080fa00000006004ff9970080
:1096c0000280fb00fa0144009301fb00830f50006d
:1096d000e8ff3200ea0144008109e800824878008e
:1096e000f3ff370000000500881f780000047800b1
:1096f000c0fe07000000e00006003a00a80090004d
:10970000610498005104980074014400e60144008b
:10971000138940004f04780000000600a0fd2f00d0
:10972000f1ff2f00250007004f89de00820178003d
:10973000000006006000b8006011b80000000600dc
:10974000881f7800c00120003af307000004780069
:109750000000e00009003200c20120008000eb00a0
:10976000aff30700e06b2400300c9800e082240087
:10977000400c980000c0eb00205c980008007800c6
:109780004f0478000000060049fd3700b009900042
:109790000300e00001003200030401001000780023
:1097a0000edd3700000006006015220000000600f4
:1097b00000000600201922000000060002002f0011
:1097c000f3ff2f00820f5000838f580004003600f3
:1097d0000000ea00e0148900f0ff2f00f1ff2f00e5
:1097e0000000060000000600feff0700fdff070066
:1097f000fcff37008f1fd100bb0207008f87e900f5
:109800000000e00000000600809feb00b6020700a9
:109810008f87e9000000e00000000600839f6800d9
:109820000100e00002003d0060001000e080180030
:109830000300e00002003d0060011100e08119001a
:109840007bdd07004f00e00002003b0060001000dd
:10985000e080180000000600801feb00a202070055
:109860008f87e9000000e000000006008103780017
:109870005add07000001be006000b8000478a300b4
:1098800013003a006220e10015003e000d0039008f
:109890008301d1000281d3008180d3008301d100f4
:1098a0000281d3008180d3008301d1000281d300e3
:1098b0008180d3000538b000c42add00f300b20077
:1098c0008381720007f0a70003f0a00000000600eb
:1098d00083ff2700020020006110b900f9ff370064
:1098e00003ff2700f7ff37001400fa00889fbe002f
:1098f0008a9fbe008c9fbe000004be000205be0011
:10990000680047000a90be000890be00b102070040
:109910000070a7000bf0a100304320009e029000d1
:1099200080825200b0fe2f000028e10011003d00af
:10993000b0fc2f000028e100150034001e09900043
:109940008e0890007e0090000501b0000201d10059
:109950008180d3000080d3008502e800fbff3a003d
:109960000b00e000d6023b0060001000e080180011
:10997000d3023700f0ff2f00f1ff27000b00e000bb
:10998000cf023b000100280000002000cc0237007d
:109990006000b800ca0237004f89de0082017800fb
:1099a000cc0237006011b800da0237001400fa0068
:1099b000889fbe008a9fbe008c9fbe000005be002f
:1099c0000206be00680047000c90be000a90be0070
:1099d000800207006400e1001a00320016003e0019
:1099e0006100e1001a0032006e049000fe04900055
:1099f0000e0b90009e0b90006011b8009e05900029
:109a00000b38b100d5012000828171006101640032
:109a10008703d1000683d3008984d3000884d30050
:109a20008502e900f8ff3a00c0e007000df0a7004a
:109a300001f0a000a202370001fc27000000200076
:109a4000faff370001f8270000002000f7ff370079
:109a50006000b800f5ff3700f5dc07000400be0029
:109a6000000006008c9fbe008a9fbe00889fbe003b
:109a7000ca0107000bf0a200040037008c9fbe0053
:109a80008a9fbe00889fbe00c40107000c48e10009
:109a90000b003a000c40e100020032008b0107008d
:109aa000400037008b066d003e0032000af0a10036
:109ab000f3012000f2ff2f006110b90039003700d8
:109ac0000c40e100370032000940e100010036009f
:109ad0007e0107008a856d00cf5dde000b057500f5
:109ae0000006eb008804fd008904540001003200e8
:109af0007d0107000a04e00011003a000800e000c0
:109b0000280032000400400085804800060149001a
:109b1000878149000358a300180032008301d10057
:109b20000281d3008180d3000080d3000c86d30053
:109b300001003900610676000804e80018003700cb
:109b400004005000858058000601590087815900a3
:109b5000060031000af0a2000c06ea0060001800be
:109b6000e080180060011900e081190003003a004c
:109b70000004eb000005eb000a0037000348a300d7
:109b800007003a000c0646000000480081804800ab
:109b900002014900838149000804e900f7ff37000a
:109ba000af013700c90137008c9fbe008a9fbe00fd
:109bb000889fbe00790107000b056d000940e10098
:109bc0000a003a000800e000020032000c40e10008
:109bd00006003a000af0a1000c047800f30120000e
:109be000f2ff2f006110b9009d0037000c40e1002a
:109bf0009b0032000800e000990032000c48e100b0
:109c000002003a000004eb00030037000900e00006
:109c100004003a000c0478006000b8006011b8003d
:109c20008f0037000348a30006003a000000400000
:109c30008180480002014900838149000804e9004d
:109c4000f8ff37000748a30006003a00040242006c
:109c500085824a0006034b0087834b008904e90094
:109c6000f8ff3700fd3f20008d84540009045400a4
:109c70008a1f7800881f780000047800810478002b
:109c800002057800830578006000b8006011b80014
:109c90000d042000050037000804440089844c00ae
:109ca0000a054d008b854d00080031000404540066
:109cb00085845c0006055d0087855d008381d20098
:109cc0008d06d300f4ff3b00070037000404440076
:109cd00085844c0006054d0087854d008381d200a8
:109ce0008d06d300ecff3b000804440089844c003f
:109cf0000a054d008b854d00080031000404540016
:109d000085845c0006055d0087855d000281d200c8
:109d10008d06d300f4ff3b00070037000404440025
:109d200085844c0006054d0087854d000281d200d8
:109d30008d06d300ecff3b000804440089844c00ee
:109d40000a054d008b854d000800310004045400c5
:109d500085845c0006055d0087855d008180d200fa
:109d60008d06d300f4ff3b000700370004044400d5
:109d700085844c0006054d0087854d008180d2000a
:109d80008d06d300ecff3b000804440089844c009e
:109d90000a054d008b854d00080031000404540075
:109da00085845c0006055d0087855d000080d2002b
:109db0008d06d300f4ff3b00070037000404440085
:109dc00085844c0006054d0087854d000080d2003b
:109dd0008d06d300ecff3b000b00e00004003d00cb
:109de0000404440085844c0006054d0087854d0021
:109df0000006eb008301d1000281d3008180d300f3
:109e00000080d3000c86d3008301d1000281d300ef
:109e10008180d3000080d3000c86d30089047400b5
:109e20008b0575008b84740001003200610676009a
:109e30004f0478004f0578000348a30007003a005c
:109e40000c064600000048008180480002014900dd
:109e5000838149000804e900f7ff3700000137005b
:109e60001a0137008c9fbe008a9fbe00889fbe00eb
:109e7000ca0007000b056d008a0578000c40e10060
:109e800008003a000900e00082003a000af0a10050
:109e90000c047800f3012000f2ff2f006110b900dc
:109ea0007c0037000c48e10004003a0087000700fe
:109eb0000900e00077003a00f4ff37000800e000f6
:109ec000740032000900e00002003a007f00070041
:109ed00070003700ed3f20008d84540009044400d9
:109ee0008a1f7800881f7800871f7800861f7800f7
:109ef000851f7800841f7800cb19dd00c515de00b2
:109f00008b8571004b11dd00450dde000a057100e7
:109f1000cb08dd00c504de00898470004b04dd0041
:109f20000440b8000546b8008c80400060814e00b7
:109f3000044eb8008c8040000d0149008001eb0008
:109f40000318ad000456b8000c0141008d81490092
:109f50000002eb000420ad000646b8000c014100f1
:109f60008d81490060024a00054eb8000c01410095
:109f70008d81490060024a000556b8008c8141007d
:109f80000d024a008002eb000528ad000746b8002c
:109f90008c8141000d024a00e0824a00064eb80062
:109fa0008c8141000d024a00e0824a004f06780091
:109fb0000c5eb8008c8141000d024a00e0824a002c
:109fc0000656b8000c0242008d824a000003eb00e6
:109fd0000630ad00074eb8000c0242008d824a00e8
:109fe00060034b004f0678000c5eb8000c02420084
:109ff0008d824a0060034b000756b8008c824200f5
:10a000000d034b008003eb000738ad004f067800ce
:10a010000c5eb8008c8242000d034b00e0834b00c5
:10a020004f0678000c5eb8000c0343008d834b0094
:10a030004f0478004f0578000748a3000a003a0053
:10a0400000004000818048000201490083814900ee
:10a0500004024a0085824a0006034b0087834b00b6
:10a060000804e900f4ff37000306780080807000e0
:10a07000828070000100320061067600870178005e
:10a0800006017800850078000400780088047800d4
:10a09000780037008d0037008c06460002003a0039
:10a0a0000000a6000000060060004800e0804800b4
:10a0b00060014900e08149000350a600000006004d
:10a0c0008301d1000804e800000006000002fd0042
:10a0d0008102fd000203fd008303fd008804fd00f2
:10a0e0008a05fd00000006007048e1001a003900f2
:10a0f0007d0320000d48e1000a0039008105700051
:10a10000830671008c8575008d8575000006eb0057
:10a110001cd8e700610676006000b8006011b80046
:10a12000000006007048e1000b0039008c05780043
:10a1300000067800010078008200780003017800b2
:10a140008001eb0013d8e70061067600f08454002c
:10a15000f4ff3a00000006006160e1000c48ad0029
:10a16000f08514008b06dd000966de000d06760022
:10a170008b0edd000900de000d0070008b16dd0087
:10a180008908de008d8070008b1edd000911de0065
:10a190000d0171008919de00000006000d00280085
:10a1a000fc7f20000d856100441cde00ef81610012
:10a1b0000c046400010032000340a0008d856300a0
:10a1c000c43cde00ef8363008c8464000100320035
:10a1d0000740a0000c40e10006003a00ef86610055
:10a1e00082867600818676008086760001003200c5
:10a1f000180037000c48e10007003a00ef866300c2
:10a200008686760085867600848676000200320097
:10a21000aeff07000f0037000348a30005003a0017
:10a220008106700082867600838676000100320007
:10a230000804e8000748a30005003a0085067200fc
:10a240008686760087867600010032008904e80061
:10a2500000000600cf047800cf0578001b0037000f
:10a2600000027800810278000203780083037800fe
:10a27000880478000cf0a70087ff0700fd7f20000e
:10a280000d40e100040035000d0478006000b800c6
:10a290006011b8000d0037000800e0000b003c0022
:10a2a00004007800850078000601780087017800b6
:10a2b000e18414008cff07000cf0a70076ff070074
:10a2c0000004eb000340a7000804e8004444dd005c
:10a2d0006fc56100880175004f04be004f05be00c8
:10a2e0004f06be0000000600889fbe008a9fbe0089
:10a2f0008c9fbe000404be000605be00809fbe0009
:10a30000829fbe0021000700040678000800be00fe
:10a310000a01be001d000700840678004f03be003e
:10a320004f02be008d4f76007fb0970013003300c0
:10a33000f0ff2f008b8f6b0006003b000d066600c0
:10a340000c00a7000a00370007f0a600100020004c
:10a350000a003700880f5200898f5a008a0f5b006d
:10a360008b8f5b00030039001000200001003e00cd
:10a370000000200007f0a7000000ea004f06be0022
:10a380004f05be004f04be000000060005ff270079
:10a3900005826100070032000428e100010032005c
:10a3a000240005000600070001003a0044000500f3
:10a3b0000408050002000700f9ff3a001400050038
:10a3c0006f82610081027000850271008502720057
:10a3d000000006005002be00e40050005003be0022
:10a3e0004439de00f700b200f37f20000301610072
:10a3f000090032000218e10016003a0085017200df
:10a4000083017300838173000008200015003a0067
:10a4100040002000130037008501720083017300a3
:10a420008381730005003a0004a8be0006a8be00a0
:10a43000100020000b0037000201e9000402420076
:10a4400085824a0006034b0087834b000748a30020
:10a45000f9ff32000740a00004a8be0006a8be0015
:10a460002000200080009800920098000000060064
:10a47000680447000294be000094be00fc0447003c
:10a480008694be008494be0009007800d1ff0700c6
:10a4900008007800cfff070099007800814f700016
:10a4a0000b003b000800be00710007004f00b10028
:10a4b00003003700f3ff2700f2ff2f006110b900ff
:10a4c0004f06be004f05be004f04be000080fa00dc
:10a4d00000000600881f7800030478000300e000f5
:10a4e00007003d0060001000e080180060011900c6
:10a4f000e081190002003b0001f02d00030037004d
:10a500000400070008f0a70003f0a0004f04780043
:10a5100000000600889fbe000082700004027100e7
:10a52000048271002400320036432000c500200060
:10a530008383cf000a0039000541b1008283cf0038
:10a54000070039000541b1008183cf0004003900c4
:10a550000541b1008083cf00010039000541b10001
:10a5600085c353006022b800120032000a003b008d
:10a5700084827200610260008301d1000281d300f5
:10a580008180d3000080d3000603e8008743e80001
:10a59000f7ff3a00070037000000400081804800c4
:10a5a00002014900838149000603e9008743e9006d
:10a5b000f9ff3a00020007004f04be000000060049
:10a5c0001800200057002000080453000d003d0033
:10a5d0000600200097fc2f000740e1001e00340019
:10a5e00084827200610260008301d1000281d30085
:10a5f0008180d3000080d3000804e800f8ff3a000f
:10a600004700200061046000050474000404640035
:10a610000d00320061004000e08048006001490008
:10a62000e081490003b8a500070032000603e800f6
:10a630006538e10004003a008301d1000281d300b3
:10a640008180d3000080d300f87f20000830e10033
:10a6500003003500080378006000b8006011b800fe
:10a660004433dd00f300b2008301730000000600f4
:10a67000e48240001078a30007003200640240002a
:10a680001178a3003400be001401be0005003200a2
:10a690000330a7000000060035007800b500780000
:10a6a0001501be000330a000000006001200fa00f1
:10a6b000f4ff2f000400e100e08f5800e00f590084
:10a6c000e08f590007003e00a4002000110009009f
:10a6d0000480d8008000eb006011b8000080fa0010
:10a6e000000006008e1f7800d4cc2c00c5cc2c00b6
:10a6f000c6cc2c00c7cc2c00250007004e009000d3
:10a70000de0090006e019000fe01900034002000f9
:10a710008301d1000281d3008180d3000080d30067
:10a720000402e900faff3a008f87e900ebff3700e7
:10a730000504b8001e1f4400050db8001e8f4c0014
:10a740000c86d2001e1f45000514b8001e8f4d0058
:10a750008d86d2000c86d3001e1f4c00051db8004c
:10a760001e8f4c000c86d2008d86d3001e1f4d001c
:10a770009e854d008d86d2000c86d300609f4d00d3
:10a78000608f4e008006eb004fb797000000060078
:10a79000889fbe008a9fbe008c9fbe008e1f7800df
:10a7a0006066b8006fb797000404b800081f78000f
:10a7b000040db8000a9f44000414b800089f4d001f
:10a7c000041db8000a9f4c00609f4d00608f4e0032
:10a7d0006fb7970062074700d5ff0700640747007f
:10a7e00086027800d2ff07006607470087027800dc
:10a7f000cfff07004f0778004f06be004f05be0091
:10a800004f04be00000006001200fa00889fbe0040
:10a810008a9fbe000205be000004be00f0ff2f00ac
:10a820000040e100e08f5c00e00f5d00e08f5d0024
:10a8300009003e00a2002000110009000284d80097
:10a840006108b8006011b8004f05be004f04be009b
:10a850000080fa00000006000800be000a01be00e9
:10a8600092ff07008e1f7800a40020000500200042
:10a870006033b800c6ff07003e005400be805c0095
:10a880003e015d009e815d006e00b1008f87e90092
:10a89000edff37004f02b000889fbe008a9fbe00c8
:10a8a0008c9fbe008e1f7800d4b79f00e5b79f0035
:10a8b000f6b79f0087bf9f0004042000c4b79f0025
:10a8c0000006eb006044b8006055b80088b79f00f0
:10a8d00099b79f00aab79f00bbb79f000c0746001f
:10a8e0000fb497009fb497002fb59700bfb597009e
:10a8f0004f5ade008e0672000802440089824c0026
:10a900000a034d008b834d004f1cde006055b800dc
:10a910008004eb0008027200898272000a0373004f
:10a920008b837300c4af9f00d5af9f00e6af9f003d
:10a93000f7af9f00000440008184480002054900f1
:10a940008385490088af9f0099af9f00aaaf9f0001
:10a95000bbaf9f000800be000a01be000c00e00073
:10a960002d003d00450007000440e10005c8e1005e
:10a9700006d0e10007d8e1003e0036000d06e800f1
:10a980000c00e0000b00350010002000010020004a
:10a990006011b8000fac97009fac97002fad9700e7
:10a9a000bfad970000007400818074000201750043
:10a9b00083817500cfb497008904e900c9b79f006f
:10a9c0000900e000c5ff3a000c00e00005003d0072
:10a9d0000fb297009fb297002fb39700bfb39700b5
:10a9e00026000700cfa497000900e00004003a0009
:10a9f0000fb097009fb097002fb19700bfb197009d
:10aa00004f0778004f06be004f05be004f04be0042
:10aa10004f02b10000000600250007005fb4970058
:10aa2000efb497007fb597008fbd970008025200e2
:10aa300089825a000a035b008b835b0084b79f0006
:10aa400095b79f00a6b79f00b7b79f001c002000d6
:10aa5000170007000820e10009a8e1000ab0e100a2
:10aa60000bb8e100010039000006eb000c8656002f
:10aa7000c3ff37000d067800c1ff37003fb49700d1
:10aa8000cfb497005fb59700efb59700080242007a
:10aa900089824a000a034b008b834b00e4af9f007e
:10aaa000f5af9f0086b79f0097b79f000000060094
:10aab0002faa9700bfaa97004fab9700dfab970074
:10aac00000000600881f780018002000881f78000a
:10aad00070ff07008f87e9004f0478000000060030
:10aae000801feb006bff07008f87e9000000060066
:10aaf000881f7800e00f5000e08f5800e00f5900e9
:10ab0000e08f59000c003d001100070018002000e4
:10ab10001400070002003d00170007000004eb00ce
:10ab2000e8ff07000800e00001003200080007000d
:10ab30004f047800000006000004eb000900070045
:10ab4000f7ff3d000c00070018002000f4ff37005d
:10ab500060001000e080180060011900e081190019
:10ab600000000600e00f5200e08f5a00e00f5b008b
:10ab7000e08f5b000000060060021200e0821a0015
:10ab800060031b00e0831b0000000600889fbe00de
:10ab90008a9fbe00e00f5200e08f5a00e00f5b007a
:10aba000e08f5b0004003d0060021200e0821a00aa
:10abb00060031b00e0831b000004eb00e00f50006b
:10abc000e08f5800e00f5900e08f590002003d006f
:10abd0000800070018002000c1ff07000800e0007f
:10abe00001003200030007004f05be004f04be0005
:10abf0000000060060001000e080180060011900ed
:10ac0000e081190000000600881f78000004eb00b6
:10ac1000e00f5000e08f5800e00f5900e08f59001e
:10ac200002003d001100070018002000e00f520054
:10ac3000e08f5a00e00f5b00e08f5b0005003d00f5
:10ac400060021200e0821a0060031b00e0831b0018
:10ac500061046c000a0007000800e00001003200f7
:10ac6000020007004f04780000000600600010009a
:10ac7000e080180060011900e08119000000060062
:10ac8000889fbe008a9fbe008c9fbe000404b8004f
:10ac90000506b8008904460060854e000606b80027
:10aca0000a054600e0854e000706b8008b05460001
:10acb000040eb800890446000a854e00e0854d0068
:10acc000050eb8000a0546008b854e00060eb8003a
:10acd0008b0546000416b8000a0546008b854e0019
:10ace0000516b8008b054600041eb8008b0546000b
:10acf0000800be000a01be004f06be004f05be00a0
:10ad00004f04be0000000600889fbe008a9fbe0060
:10ad1000f8ff2f00f9ff2f00faff2f00fbff27009d
:10ad20000004640081846400020565008385650079
:10ad30006000b8000200200003002800040060004a
:10ad40008580600006016100878161000000740059
:10ad50008180740002017500838175004f05be007b
:10ad60004f04be0000000600f4ff2f00f5ff2f0087
:10ad7000f6ff2f00f7ff27000000620081806200cd
:10ad80000201630083816300000006001800fa00de
:10ad9000889fbe008a9fbe008c1f7800f0b79f007e
:10ada00081bf9f0092bf9f00a3bf9f007fb297000b
:10adb0008fba97001fbb9700afbb97004438de00e7
:10adc000fc7f20000006660020432000800f560014
:10add0003f003c006022b8006033b8007fb09700ad
:10ade0008fb897001fb99700afb9970081fa070095
:10adf0000000e000360032007fb097008fb8970067
:10ae00001fb99700afb99700b0b79f00c1b79f00b7
:10ae1000d2b79f00e3b79f006022b8000600200071
:10ae200007332400e00f5000e08f5800e00f590076
:10ae3000e08f59002f003d007fb097008fb897003a
:10ae40001fb99700afb9970006fb07006022b80052
:10ae5000060020000733240008fb07007fb297009c
:10ae60008fba97001fbb9700afbb9700fdfa070092
:10ae70000004be000205be00e03f2000800f560027
:10ae800026003c00f8af9f0089b79f009ab79f004b
:10ae9000abb79f003fb29700cfb297005fb3970068
:10aea000efb39700e00f5200e08f5a00e00f5b0015
:10aeb000e08f5b003c0035006000b8006011b80016
:10aec000f0b79f0081bf9f0092bf9f00a3bf9f006c
:10aed0007fb097008fb897001fb99700afb9970060
:10aee0004f0678004f05be004f04be000080fa00f8
:10aef000000006007fb097008fb897001fb9970039
:10af0000afb99700ddfa07006022b8000600200004
:10af100007332400d3fa0700d0ff37000802be0031
:10af20000a03be007fb097008fb897001fb9970043
:10af3000afb99700d1fa07000002be000203be00bd
:10af4000f4b79f0085bf9f0096bf9f00a7bf9f00db
:10af50006022b8006033b8000800be000a01be00dd
:10af600029fa07000000e000d9ff34006022b80091
:10af70000600200007ff23007fb097008fb89700de
:10af80001fb99700afb99700b6fa07000002be00dc
:10af90000203be00f4b79f0085bf9f0096bf9f00cd
:10afa000a7bf9f00caff37006022b800060020003c
:10afb00007ff2b00f7ff37002f02b000889fbe006d
:10afc0008a9fbe008c9fbe008e1f7800d4b79f0062
:10afd000e5b79f00f6b79f0087bf9f0004024200bd
:10afe00085824a0006034b0087834b00d4af9f0045
:10aff000e5af9f00f6af9f0087b79f00e00f5200bc
:10b00000e08f5a00e00f5b00e08f5b001b00320016
:10b01000f8ff2f00f9ff2f00faff2f00fbff27009a
:10b020005fb29700efb297007fb397008fbb970096
:10b030000404640085846400060565008785650056
:10b04000e00f5400e08f5c00e00f5d0005ff27007b
:10b0500005d8e10009003e0090af9f00a1af9f001e
:10b06000b2af9f00c3af9f00441cde00fd7f2000f5
:10b07000088666008d0f56000e003a005fb29700fa
:10b08000efb297007fb397008fbb970075fb070067
:10b090000203be000002be00c3fa07004f0778009b
:10b0a0004f06be004f05be004f04be002f02b10088
:10b0b00000000600000440008184480002054900a9
:10b0c0008385490098b79f00a9b79f00bab79f0032
:10b0d000cbb79f005faa9700efaa97007fab9700be
:10b0e0008fb397000820e10009a8e1000ab0e10051
:10b0f0000bb8e100090039000820e10009a8e100cf
:10b100000ab0e1000bb8e100e4ff3a006022b800a9
:10b110006033b80053fb0700e0ff37001fac970017
:10b12000afac97003fad9700cfad97000c00e000ab
:10b13000a7003a00c50020000804d0008984d2008e
:10b140000a85d2008b85d2008502e900faff3a0019
:10b15000e00f5400e08f5c00e00f5d00e08f5d00c9
:10b1600095003d00610716001fac9700afac97003b
:10b170003fad9700cfad97000e07e9000500330003
:10b180000804d0008984d2000a85d2008b85d200c1
:10b19000f9ff370098b79f00a9b79f00bab79f0083
:10b1a000cbb79f005fb29700efb297007fb39700d5
:10b1b0008fbb9700443ade006033b8008002eb009a
:10b1c000d4af9f00e5af9f00f6af9f0087b79f0009
:10b1d000fd7f2000848666000d00e00098003a00a4
:10b1e0005fb29700efb297007fb397008fbb9700d5
:10b1f000c80020000402d0008582d2000683d2005d
:10b200008783d2000804e900faff3a00d4af9f0018
:10b21000e5af9f00f6af9f0087b79f005fac970038
:10b22000efac97007fad97008fb59700e00f54000b
:10b23000e08f5c00e00f5d00e08f5d0076003d0078
:10b24000618716005fb29700efb297007fb3970057
:10b250008fbb97000e07e900050033000402d00001
:10b260008582d2000683d2008783d200f9ff37009f
:10b27000d4af9f00e5af9f00f6af9f0087b79f0058
:10b280001fb29700afb297003fb39700cfb39700bc
:10b290005fac9700efac97007fad97008fb597003c
:10b2a0000802520089825a000a035b008b835b000c
:10b2b000d4b79f00e5b79f00f6b79f0087bf9f00f8
:10b2c0008d0f560076003c00e00f5200e08f5a00d0
:10b2d000e00f5b00e08f5b0009003500e00f5200db
:10b2e000e08f5a00e00f5b00e08f5b0087ff3200c9
:10b2f00094b79f00a5b79f00b6b79f00c7b79f0040
:10b300001fb29700afb297003fb39700cfb397003b
:10b310004438de006011b8008000eb00e00f500000
:10b32000e08f5800e00f5900e08f59007c00320098
:10b330000c00e000880034006000b800020020002b
:10b3400003ff2f000000420081804a0002014b00f1
:10b3500083814b006162b900612bb900c423dd0019
:10b360000003eb006022b8000000720081807200d0
:10b3700002017300838173006022b8000600200080
:10b38000070028001fac9700afac97003fad9700b7
:10b39000cfad970004026400858264000603650057
:10b3a00087836500000072008180720002017300d3
:10b3b0008381730039ff37000c06e9000804d000d0
:10b3c0008984d2000a85d2008b85d20060ff3700c5
:10b3d000f700200087836500f6ff2f000602640057
:10b3e00086826400060365006044b8000a002000fd
:10b3f0000b01200008027200898272000a037300a8
:10b400008b83730094b79f00a5b79f00b6b79f00ca
:10b41000c7b79f0063ff37008d06e9005faa97005a
:10b42000efaa97007fab97008fb397000402d0007c
:10b430008582d2000683d2008783d20073ff370053
:10b44000f4ff2f00f5ff2f00f6ff2f00f70020007c
:10b450005fb49700efb497007fb597008fbd97005a
:10b4600008026200898262000a0363008b83630022
:10b470006044b8000a0020000b012000080472009c
:10b48000898472000a0573008b857300d8af9f0012
:10b49000e9af9f00faaf9f008bb79f0078ff37009e
:10b4a0005fb29700efb297007fb397008fbb970012
:10b4b000e00f5200e08f5a00e00f5b00e08f5b006e
:10b4c00009003500e00f5200e08f5a00e00f5b00ea
:10b4d000e08f5b000dff320094b79f00a5b79f007f
:10b4e000b6b79f00c7b79f001fb49700afb49700cf
:10b4f0003fb59700cfb597000804d0008984d200eb
:10b500000a85d2008b85d20098b79f00a9b79f000b
:10b51000bab79f00cbb79f000c06e90058ff370071
:10b520001fb09700afb097003fb19700cfb1970021
:10b530000000d0008180d2000281d2008381d2003d
:10b5400090b79f00a1b79f00b2b79f00c3b79f00fd
:10b550000c06e9006aff3700610616001fb097006d
:10b56000afb097003fb19700cfb197000c06e9004c
:10b57000050033008301d1000281d3008180d30014
:10b580000080d300f9ff37007bff3700889fbe00a3
:10b590000002be0002047800f9072000890f510064
:10b5a000120034000200200003f02700fdd707003e
:10b5b0000002be0012f82f0008014100890f51005f
:10b5c0001d0034000200200003f02700f5d707001b
:10b5d0000002be0022f02f0008014100890f510037
:10b5e00015003400090178001300370029f82f00f6
:10b5f000890f510010003d000200200003c8200008
:10b60000e8d707000002be006206200008014100e2
:10b61000890f510008003d000200200003c82000ef
:10b62000e0d707000002be00c20c20000801410064
:10b63000890f5100ebff3500f207b0006111b9002e
:10b64000c711dd00020020000400be00d5d70700ae
:10b650004f04be0000000600889fbe008a9fbe0007
:10b660008c9fbe00000478008106780002067800f6
:10b670008305780084047800fa3f20008a0f520086
:10b680001a0034006022b8000600200007fe2700e0
:10b69000f4f90700000478008106780002067800bb
:10b6a0008305780014c02f00090242008a0f52005f
:10b6b000290034006022b8000600200007fe2700a1
:10b6c000e8f9070000047800810678000206780097
:10b6d0008305780024802f00048244008a0f5200e2
:10b6e0001d0034000a0278001b0037002ac02f001a
:10b6f0008a0f520018003d006022b80006002000aa
:10b7000007362000d7f9070000047800810678008a
:10b710000206780083057800943c2000090242006c
:10b720008a0f52000c003d006022b8000600200085
:10b7300007362000cbf90700000478008106780066
:10b7400002067800830578002479200004824400f2
:10b750008a0f5200e3ff3500f43fb000cfa2de00b5
:10b76000612bb900c423dd000003eb006022b800a8
:10b77000080078008d0078000c0178008b017800bb
:10b78000b8f907004f06be004f05be004f04be00cb
:04b7900000000600af
:020000040000fa
:10b79400535400004252000054000000535400006f
:10b7a400534c000043530000005300005453000066
:10b7b4004c4c00005400000053540000534c000053
:10b7c4004545000050000000434d000044000000c7
:10b7d40053540000534c000058500000003f000038
:10b7e40000530000545300004c500000435000002c
:10b7f40000530000545300004c550000495400000d
:10b8040000530000545300004c55000057500000f2
:10b8140000530000545300004c56000047570000ea
:10b8240000530000545300004c5600004700000031
:10b834004f4e0000004f0000464600000053000039
:10b84400545300004c5600004c53000000530000b9
:10b85400545300004c5600004c57000000530000a5
:10b86400545300004c5600004c0000005354000098
:10b87400534c000055000000535400004252000095
:10b88400004f00004b0d000000530000544e000018
:10b89400323100003230000020760000302e0000eb
:10b8a400302e0000300000000d4f00004b0000005f
:10b8b400535400005342000052000000535400004f
:10b8c4005546000043000000535400005742000056
:10b8d40052500000002500006c750000004f00006d
:10b8e4004b00000053540000574200005200000077
:10b8f4005354000044490000005300005444000025
:10b9040049430000504f0000005300005449000018
:10b91400005300005453000041540000490000004b
:10b9240053540000534400004900000053540000e5
:10b93400534e0000005300005453000040310000f7
:10b944000053000054560000434100004c00000026
:10b9540025640000005300005456000052580000b3
:10b9640000250000780000005354000056520000e7
:10b97400002d00002d2e0000002d00002d2e0000b3
:10b984002d0000002d2d00002e2d00002d000000a4
:10b994002d2d00002e2d00002d2d0000002500006f
:10b9a400642e000025640000005300005450000081
:10b9b4004252000052000000535400005042000064
:10b9c40052000000535400005043000042000000a5
:10b9d4005354000050430000005300005450000032
:10b9e400525300000053000041450000204a00006b
:10b9f400313800003530000020500000574d000061
:10ba04000d00000053410000452000004a310000b1
:10ba1400383500003020000056500000570d00005b
:10ba240000490000534f0000203900003134000069
:10ba3400310d000000490000534f00002039000080
:10ba4400313400003120000028350000204200007d
:10ba540041550000442900000d0000004953000036
:10ba64004f2000003134000032330000300d00005c
:10ba740000490000534f0000203100003432000020
:10ba8400333000002028000035200000424100002f
:10ba940055440000290d000000490000534f0000e8
:10baa4002031000034320000333000002028000030
:10bab4004641000053540000290d000000480000d6
:10bac40053200000434100004e200000284900009c
:10bad400534f000020310000313800003938000095
:10bae4002c20000035300000304b00002f310000c6
:10baf40031420000290d00000048000053200000de
:10bb0400434100004e20000028490000534f00002c
:10bb14002031000031380000393800002c200000aa
:10bb240035300000304b00002f3200003942000055
:10bb3400290d00000048000053200000434100008c
:10bb44004e20000028490000534f0000203100001f
:10bb540035370000363500002c2000003530000059
:10bb6400304b00002f31000031420000290d00004d
:10bb74000048000053200000434100004e20000014
:10bb840028490000534f00002031000035370000e1
:10bb9400363500002c20000035300000304b00000a
:10bba4002f32000039420000290d00000048000037
:10bbb40053200000434100004e20000028490000ab
:10bbc400534f0000203100003537000036350000a7
:10bbd4002c20000032350000304b00002f310000d3
:10bbe40031420000290d00000048000053200000ed
:10bbf400434100004e20000028490000534f00003c
:10bc04002031000035370000363500002c200000bc
:10bc140032350000304b00002f3200003942000062
:10bc2400290d0000004d0000532000004341000096
:10bc34004e20000028490000534f0000203100002e
:10bc440031380000393800002c2000003132000067
:10bc5400354b00002f31000031420000290d000057
:10bc6400004d000053200000434100004e2000001e
:10bc740028490000534f00002031000031380000f3
:10bc8400393800002c20000031320000354b000010
:10bc94002f32000039420000290d0000004d000041
:10bca40053200000434100004e20000028490000ba
:10bcb400534f0000203100003537000036350000b6
:10bcc4002c20000031320000354b00002f310000e1
:10bcd40031420000290d0000004d000053200000f7
:10bce400434100004e20000028490000534f00004b
:10bcf4002031000035370000363500002c200000cc
:10bd040031320000354b00002f3200003942000070
:10bd1400290d00000053000057200000434100009b
:10bd24004e20000028490000534f0000203100003d
:10bd340031380000393800002c2000003333000073
:10bd44004b2f000031310000422900000d0000009b
:10bd54005357000020430000414e000020280000fb
:10bd6400495300004f2000003131000038390000f1
:10bd7400382c000020330000334b00002f32000029
:10bd840039420000290d0000005300005720000034
:10bd9400434100004e20000028490000534f00009a
:10bda4002031000035370000363500002c2000001b
:10bdb400333300004b2f00003131000042290000d2
:10bdc4000d0000005357000020430000414e0000c6
:10bdd40020280000495300004f20000031350000a6
:10bde40037360000352c000020330000334b0000b0
:10bdf4002f32000039420000290d000000530000da
:10be0400545000005200000025750000005300004b
:10be140054500000544f00005400000053540000dc
:10be240050540000525100000053000054500000d0
:10be3400544f00000053000054500000580000000c
:10be440053540000500000005354000043410000cc
:10be540046000000535400004346000043500000d5
:10be6400410000004f550000542000004f460000e0
:10be7400204d0000454d00004f52000059000000c5
:10be840053540000434600004350000043000000a8
:10be940053540000434d00004d0000005354000073
:10bea4004353000045470000520000005354000073
:10beb4004353000045470000540000005354000061
:10bec40043530000544d000000530000544300004d
:10bed400544f00005200000053540000435400002b
:10bee40052520000002500003036000058000000c7
:10bef4005354000043540000520000005354000007
:10bf04004d000000535400004d4100000053000058
:10bf14005446000041430000005300005446000012
:10bf2400410000005354000046420000410000005c
:10bf340053540000464200004300000053540000e4
:10bf440046460000434100000053000054460000f0
:10bf540046430000430000005354000046500000d4
:10bf6400410000005354000046500000430000000c
:10bf740053540000434100004c530000544100005e
:10bf840054000000414e0000414c00004f470000a7
:10bf9400204900004e3a00002053000041560000a2
:10bfa40045440000004100004e4100004c4f000099
:10bfb40047200000494e00003a200000524500008e
:10bfc4004144000059000000414e0000414c000073
:10bfd4004f470000204900004e3a0000204e000068
:10bfe4004f54000020520000454100004459000015
:10bff4000053000054520000535400004e560000f9
:10c004004d0000005354000053410000564300000b
:10c01400414c00000053000054550000494c0000fe
:10c02400005300005447000050430000004f00003c
:10c0340000490000004e0000300000004e310000b6
:10c04400005500003000000055310000004400009d
:10c05400300000004431000000250000752000007d
:10c0640069730000204900006e760000616c0000d6
:10c0740069640000200d00000a0000000a4f00005f
:10c084004b00000053540000475000004952000088
:10c09400480000005354000047500000495200007b
:10c0a400002c0000202500007500000053540000ff
:10c0b400475000004f52000000530000544300005a
:10c0c400414e000054580000005300005443000047
:10c0d400414e000052580000005300005447000035
:10c0e400504f0000570000003000000031000000f5
:10c0f4004154000044000000415400004500000089
:10c104004154000049000000454c00004d3300003c
:10c114003237000020760000312e00003462000027
:10c1240000410000544c000000410000545700003e
:10c1340053000000415400005a0000004154000024
:10c144004031000000410000544000003200000073
:10c1540041540000403300000041000054500000ee
:10c1640050530000004100005450000050520000a1
:10c1740000410000545000005054000053000000df
:10c184000d4f00004b41000054500000505400007b
:10c1940053000000415400005050000054000000bf
:10c1a4000d4f00004b41000054500000505400005b
:10c1b40000410000545000005000000041540000b1
:10c1c400504f00004300000041540000414c000067
:10c1d400004100005441000054000000415400009c
:10c1e40048000000415400004e4c00000041000093
:10c1f4005452000000410000545300004800000065
:10c204004154000053000000415400005441000018
:10c21400004100005443000041460000004100007a
:10c224005443000046430000004100005443000012
:10c234004600000041540000434d0000004100004e
:10c2440054430000500000004154000043520000d9
:10c25400410000004154000043530000005400001a
:10c264003a25000078620000205200003a250000c0
:10c27400786200000d0000004154000046430000b5
:10c2840053440000004100005446000043530000a2
:10c29400480000004154000046430000534d000094
:10c2a40000410000545000004200000041540000ce
:10c2b4005254000052000000415400005600000097
:10c2c400496e0000766100006c6900006420000083
:10c2d400636f00006d6d0000616e0000642000005b
:10c2e4006c6500006e670000746800000a000000be
:10c2f400436f00006d6d0000616e0000642000005b
:10c30400746f00006f2000006c6f00006e67000007
:10c31400206600006f72000020430000414e0000c0
:10c3240020700000617900006c6f000061640000ff
:10c334000a0000002530000033580000000a000005
:10c344000d000000303a0000200000000d25000020
:10c35400583a000000250000303200005800000068
:10c3640002000000100e0000140e0000120e000067
:10c37400160e00001a0e00001c0e00000100000042
:10c38400100e0000140e0000120e0000160e000025
:10c394001a0e00001c0e000003000000100e000026
:10c3a400140e0000120e0000160e00001a0e0000fb
:10c3b4001c0e000004000000100e0000140e00000b
:10c3c400120e0000160e00001a0e00001c0e0000d3
:10c3d40000000000200e0000240e0000220e0000c9
:10c3e400260e00002a0e00002c0e000000000000a3
:10c3f400100e0000140e0000120e0000160e0000b5
:10c404001a0e00001c0e000007000000100e0000b1
:10c41400140e0000120e0000160e00001a0e00008a
:10c424001c0e000008000000100e0000140e000096
:10c43400120e0000160e00001a0e00001c0e000062
:10c444000c000000100e0000140e0000120e00007c
:10c45400160e00001a0e00001c0e00000a00000058
:10c46400100e0000140e0000120e0000160e000044
:10c474001a0e00001c0e00000d000000100e00003b
:10c48400140e0000120e0000160e00001a0e00001a
:10c494001c0e00000b000000100e0000140e000023
:10c4a400120e0000160e00001a0e00001c0e0000f2
:10c4b40006000000100e0000140e0000120e000012
:10c4c400160e00001a0e00001c0e000005000000ed
:10c4d400100e0000140e0000120e0000160e0000d4
:10c4e4001a0e00001c0e000009000000000e0000df
:10c4f400040e0000020e0000060e00000a0e0000ea
:10c504000c0e000003000000200e0000240e0000aa
:10c51400220e0000260e00002a0e00002c0e000041
:10c5240004000000000e0000040e0000020e0000d3
:10c53400060e00000a0e00000c0e0000ff000000b2
:10c54400000e0000040e0000020e0000060e0000a3
:10c554000a0e00000c0e000002000000200e000075
:10c56400240e0000220e0000260e00002a0e0000f9
:10c574002c0e000008000000000e0000040e000055
:10c58400020e0000060e00000a0e00000c0e000051
:10c59400ff000000000e0000040e0000020e000068
:10c5a400060e00000a0e00000c0e0000ff00000042
:10c5b400000e0000040e0000020e0000060e000033
:10c5c4000a0e00000c0e00000a000000000e00001d
:10c5d400040e0000020e0000060e00000a0e000009
:10c5e4000c0e0000ff000000000e0000040e00000e
:10c5f400020e0000060e00000a0e00000c0e0000e1
:10c6040007000000000e0000040e0000020e0000ef
:10c61400060e00000a0e00000c0e0000ff000000d1
:10c62400000e0000040e0000020e0000060e0000c2
:10c634000a0e00000c0e00000e000000100e000098
:10c64400140e0000120e0000160e00001a0e000058
:10c654001c0e0000ff000000000e0000040e00008d
:10c66400020e0000060e00000a0e00000c0e000070
:10c6740009000000100e0000140e0000120e00004d
:10c68400160e00001a0e00001c0e0000060000002a
:10c69400200e0000240e0000220e0000260e0000d2
:10c6a4002a0e00002c0e000007000000200e0000df
:10c6b400240e0000220e0000260e00002a0e0000a8
:10c6c4002c0e00000f000000100e0000140e0000dd
:10c6d400120e0000160e00001a0e00001c0e0000c0
:10c6e40001000000000e0000040e0000020e000015
:10c6f400060e00000a0e00000c0e000001000000ef
:10c70400200e0000240e0000220e0000260e000061
:10c714002a0e00002c0e000004000000200e000071
:10c72400240e0000220e0000260e00002a0e000037
:10c734002c0e000005000000200e0000240e000056
:10c74400220e0000260e00002a0e00002c0e00000f
:10c7540049000000004f0000000000004e300000bf
:10c76400004e00003100000055300000005500006c
:10c77400310000004430000000440000310000009b
:10c78400ffff000001ff0000ff020000ffff0000a8
:10c7940002190000ff02000001ff000002ff000078
:10c7a400ff030000f1ff000002090000ff03000086
:10c7b400ffff000003000000ff0200000aff00006a
:10c7c40001ff0000ff01000023ff0000000d000036
:10c7d400ff0100005aff000001ff0000ff010000fc
:10c7e4000dff000003000000ff02000000ff000036
:10c7f40001f40000ff030000ffff0000010a000035
:10c80400ff020000ffff000001920000ff02000091
:10c8140000ff000003280000ff0300000aff0000df
:10c82400020a0000ff020000ffff000002ff0000f8
:10c83400ff020000ffff000002ff0000ff020000f3
:10c84400ffff000001ff0000ff010000ffff0000e8
:10c8540002ff0000ff02000000ff000002000000d1
:10c86400ff02000000ff000002ff0000ff020000c2
:10c87400ffff000002ff0000ff02000004ff0000b1
:10c8840002020000ff010000e0ff000001040000bc
:10c89400ff01000080ff0000010a0000ff0100000a
:10c8a400495200005164000065730000696700008c
:10c8b4006e53000054570000425200000053000021
:10c8c4005453000041540000490000005354000038
:10c8d400534400004900000053540000534000003a
:10c8e40031000000415400004033000000250000e6
:10c8f40030320000583a0000253000003258000061
:10c904002025000063200000004f00004e000000be
:10c914004f4b0000004f000046460000005300004b
:10c92400560000000d0a000055410000525400005a
:10c934003120000062610000756400007261000033
:10c94400746500003a200000000d00000a53000046
:10c954006176000065640000204100005449000035
:10c964002064000065760000696300006520000013
:10c97400494400002053000074720000696e0000f6
:10c98400673a0000200000000d0a00005361000017
:10c9940076650000642000004861000072640000b5
:10c9a4007761000072650000204900004420000007
:10c9b400646500007669000063650000204900009a
:10c9c4004420000053740000726900006e67000088
:10c9d4003a200000000d00000a53000061760000b8
:10c9e40065640000205300005453000040310000ef
:10c9f4002064000065730000637200006970000029
:10ca0400746900006f6e0000206400006576000009
:10ca140069630000652000004944000020530000c1
:10ca240074720000696e0000673a00002000000084
:10ca34000d0a0000536100007665000064200000c8
:10ca4400415400004033000020640000657300007e
:10ca54006372000069700000746900006f6e00006a
:10ca64002064000065760000696300006520000012
:10ca7400494400002053000074720000696e0000f5
:10ca8400673a0000200000000d0a0000427900000f
:10ca94007465000020250000643a00002025000091
:10caa40030320000580000004154000049000000ea
:10cab40031310000303000003132000033340000e6
:10cac4003536000037380000000d00000a4e000023
:10cad4003a20000025750000000d00000a6e0000d9
:10cae4003a20000025750000000000004e4f0000b1
:10caf4004e450000004e000041540000495600001d
:10cb040045000000454c00004d3300003237000062
:10cb1400000a000043540000524c0000204d000065
:10cb24004f440000453a0000202500007300000037
:10cb34004849000047480000004c00004f570000df
:10cb4400000a000050570000525f000043540000e8
:10cb5400524c00003a2000004c4f000057200000c7
:10cb6400504f000057450000522000003d200000b7
:10cb740025730000004f00004e0000004f460000e7
:10cb8400460000000a5500004152000054200000f5
:10cb9400534c000045450000503a00002025000099
:10cba400732c0000202500006420000073000000a6
:10cbb4000a55000041520000542000005741000073
:10cbc4004b4500003a200000257300002c20000093
:10cbd400256400002d25000064200000757300000a
:10cbe400000a00004558000054200000494e00008f
:10cbf40050550000543a0000202500007320000026
:10cc04003d200000534c000045450000500000004a
:10cc14000a45000058540000205300004c45000011
:10cc2400455000003a200000257300002c2000002d
:10cc340025730000204600004f520000202500000c
:10cc4400642000006d730000000a000045580000d5
:10cc540054200000574100004b4500003a200000da
:10cc6400257300002c2000002573000020460000de
:10cc74004f52000020250000642000006d73000066
:10cc8400002500002e32000066000000252300006d
:10cc9400580000000a5600004c200000534c0000cd
:10cca40045450000503a000020250000732c000088
:10ccb4002025000073250000735600002046000064
:10ccc4004f52000020250000642000007300000083
:10ccd4000a5600004c200000574100004b4500005c
:10cce4003a200000257300002c200000257300006a
:10ccf4002573000056200000464f0000522000001b
:10cd04002564000020730000000a00005643000060
:10cd14004847000020570000414b0000453a0000fe
:10cd240020250000732c000020250000732500003e
:10cd340073560000204900004e20000025640000c6
:10cd4400206d000073000000564c000000430000fa
:10cd54004d44000000550000415200005400000002
:10cd640045580000540000000d0a0000454c000026
:10cd74004d3300003237000020760000312e0000d1
:10cd840034620000000a0000534c000045450000d6
:10cd9400503a000020250000730a000057410000ab
:10cda4004b4500003a2000002573000000560000a7
:10cdb40043480000470000000a0d00004e4f0000e9
:10cdc40054200000434f00004e4e00004543000035
:10cdd40054450000440000000d25000030380000d8
:10cde4006c580000000d000025300000335800008e
:10cdf400004f00004b530000460000004f4b000062
:10ce040046460000007400006f740000616c00006e
:10ce14005f6c0000656e00003d25000030340000aa
:10ce240058200000002500003032000058000000a7
:10ce34006f6b00004643000046520000414d000065
:10ce440045000000454c00004d330000323700001f
:10ce540020760000312e000034620000002500001e
:10ce64006c6600002c2500006c66000000000000c9
:10ce74000a41000043540000204100004c450000da
:10ce840052540000005500004152000054000000bc
:10ce9400454c00004d33000032370000207600007e
:10cea400312e00003462000000000000564c0000e7
:0cceb4000056000043480000470000004a
:020000040000fa
:10cec0000800fa00300798000000eb00000f78001f
:10ced0000000eb0010079800150037001e009000be
:10cee000e6004700110040009040780000c2b30007
:10cef00080cf5000090032001e009000e60047007d
:10cf0000110040009e007800010fe80010417800f9
:10cf1000e0b5210001004000024878000e80e800e2
:10cf20008e80e8001108e800900078001107980052
:10cf30001e009000e60047001100400010407800fd
:10cf40000004e000040032009e007800a0032000ee
:10cf5000808f5000e1ff3600e0b521001e00400048
:10cf60008040eb00014878000000eb0020079800ab
:10cf70001f003700e0b52100e40047001100400029
:10cf80009040780000c6b30080cf500013003400fa
:10cf9000e0b52100e4004700110040009040780017
:10cfa000a0c7b30080cf50000c003c00e0b52100ca
:10cfb000e4004700110040001040780080407800f5
:10cfc00000ceb30000c0400000417800e0b5210071
:10cfd000e400470011004000024878006400470068
:10cfe000e40047001108e80090007800210798004d
:10cff000e0b52100e4004700110040001040780037
:10d000000004e000dbff3a00e0b52100904078002a
:10d0100030c5b30080cf500008003a00e0b52100d1
:10d020009040900040c5b30080cf500003003a000c
:10d03000e0b521006300070017003700e0b52100cc
:10d040009040780010c4b30080cf500008003a0030
:10d05000e0b521009040900040c5b30080cf500063
:10d0600003003a00e0b52100cd1507000a003700a3
:10d07000e0b521009040780000c3b30080cf50009d
:10d0800003003a00e0b521009f1c070002003700b2
:10d09000f0c3b300d53e0700d0c0b300d33e0700b5
:10d0a000723307000004e00004003200a0c0b300a7
:10d0b000ce3e0700a0c0b300cc3e0700e0c3b300e3
:10d0c000ca3e0700000000000080fa0000000600d1
:10d0d0000400fa00100798000000eb00000f780031
:10d0e000110037001e0078008e80e800110040001b
:10d0f00090407800f0c2b30080cf500007003400a9
:10d100001e0078008e80e8001100400090407800fa
:10d1100090c3b30080cf50000200340010c0b300b1
:10d12000080037001e0fe8001e0078008e80e8001f
:10d1300011004000104078000004e000e9ff3a00d0
:10d140000040eb000080fa00000006000400fa0036
:10d15000100798000000eb00000f78001000370067
:10d160001e0078008e80e80011004000104078001a
:10d17000ff4f5000070034001e0078008e80e8004a
:10d180001100400090407800f0c7b30080cf5000fd
:10d1900002003a0010c0b300080037001e0fe8007c
:10d1a0001e0078008e80e8001100400010407800da
:10d1b0000004e000eaff3a000040eb000080fa00c3
:10d1c000000006003804fa00881f78006143200040
:10d1d00000b778006043200052002000a1bc2d0061
:10d1e0006e00780086d307000000e0002b003a00b4
:10d1f00061432000000620000e004000810047002f
:10d200005200200011084100900178000337980077
:10d210000e309000aeff07000004e0000300320073
:10d22000f0c3b300713e07005a153700a20020007a
:10d230008000eb000e30900081d507001037980079
:10d24000213798001e309000ae309000e00f500063
:10d25000e08f58000e0032001e319000ae31900079
:10d26000f0ff2f0001002000800f5100818f590036
:10d2700007003e001e309000408f8800f0c4b300cd
:10d280005a3e0700b0c4b300583e070041153700ae
:10d29000f0c3b300553e07003e1537006043200041
:10d2a00001bd2d006e00780050ed07000000e00089
:10d2b00008003a00f0c4b3004c3e0700b0c4b3000d
:10d2c0004a3e0700a0c0b300483e07003c2e0700be
:10d2d000301537006043200071bd2d006e007800ce
:10d2e00042ed07000000e00008003a00f0c4b3007f
:10d2f0003e3e0700b0c4b3003c3e0700a0c0b300f0
:10d300003a3e0700e72f0700221537006043200050
:10d3100072002000e1bd2d006e00780038d30700b8
:10d320000000e0002d003a00f0c4b3002f3e0700db
:10d33000b0c4b3002d3e0700a0c0b3002b3e0700d1
:10d3400070002000000f78000b00370060432000c1
:10d3500000004700900078001e80400093ff2f00df
:10d360001e81410090407800c0192000000041005b
:10d37000017778001e0fe80060432000000047009e
:10d38000900078001e804000104078000004e0000b
:10d3900008003200604320000000470010017800c0
:10d3a0001e00410090407800c0c2b30080cf500002
:10d3b000e6ff3a00c01920000e004000a200200045
:10d3c0008000eb001ed5070030379800be3090007b
:10d3d00060be2d00742f0700ee143700604320005c
:10d3e00062002000a1be2d006e00780004d307006b
:10d3f0000000e00029003a006043200000004700e0
:10d4000063002000108041009040780000c3b3000a
:10d4100080cf500008003200604320000000470029
:10d4200061002000108040009040780010c3b300dd
:10d4300080cf500015003a00f0c4b300eb3d070068
:10d44000b0c4b300e93d0700a0c0b300e73d07004a
:10d4500060432000000047006200200010004100ef
:10d460009040780010c3b30000c068000070a700af
:10d470000040ea000040e9000080fb004700de00b9
:10d480000040780007300700c214370010bf2d009d
:10d4900000407800d53d0700be14370060432000ef
:10d4a0007200200031bf2d006e007800d4d207003a
:10d4b0000000e0002a003a0060432000000047001e
:10d4c00073002000108041009040780000c3b3003a
:10d4d00080cf500008003200604320000000470069
:10d4e00071002000108040009040780010c3b3000d
:10d4f00080cf500015003a00f0c4b300bb3d0700d8
:10d50000b0c4b300b93d0700a0c0b300b73d0700e9
:10d51000604320000000470072002000100041001e
:10d520009040780010c3b30000c068000070a700ee
:10d530000040ea000040e9000080fb004700de00f8
:10d5400000407800b92f070092143700f0c3b300f1
:10d55000a63d0700a0c0b300a43d07008d1437000e
:10d560006043200072002000b1bf2d006e007800e3
:10d57000a3d207000000e00033003a00021b2000a5
:10d58000820147006000b8008089be00640041004d
:10d5900080014700020009008019eb0070002000a4
:10d5a00010079800110037006043200080004700fa
:10d5b0000e80e80011017800100041008e80e80024
:10d5c00093ff2f001181410090407800001b200044
:10d5d00000004100017778000e80e8008e80e800ae
:10d5e0001108e800900078001107980060432000bf
:10d5f000800047000e80e800110178001000410013
:10d60000104078000004e000e7ff3a00001b200013
:10d610000e004000a20020008000eb0088d407002c
:10d6200040379800f0c4b300703d0700b0c4b300a9
:10d630006e3d0700a0c0b3006c3d07004e30900067
:10d640006f2f070053143700604320007200200042
:10d6500031c02d006e00780069d207000000e000a4
:10d660006b003a00a21b2000820147006000b80056
:10d670008089be006400410080014700020009006b
:10d680008019eb00421c2000820147006000b800b6
:10d690008089be006400410080004700020009004c
:10d6a0008018eb0070002000200798001100370060
:10d6b00060432000800047006400470011017800ab
:10d6c00010004100e400470093ff2f00118141004a
:10d6d00090407800a01b20000000410001777800f6
:10d6e00064004700e40047001108e800900078005b
:10d6f0002107980060432000800047006400470035
:10d700001101780010004100104078000004e00092
:10d710000900320060432000800047006400470099
:10d72000910178001080410090407800c0c2b300a1
:10d7300080cf5000deff3a0066004700e40047005b
:10d740001108e800900078003107980012003700b7
:10d750006043200080004700660047001101780008
:10d76000100041003e019000e4004700910051008c
:10d770000101e90090407800401c200000004100b9
:10d780000177780066004700e60047001108e800ce
:10d790009001780033079800604320008000470024
:10d7a0006600470011017800100041001040780029
:10d7b0000004e000e6ff3a00a01b20000e0040003d
:10d7c000a20020008000eb001dd407005037980015
:10d7d000401c20000e004000a20020008000eb0052
:10d7e00017d4070060379800f0c4b300ff3c07006f
:10d7f000b0c4b300fd3c0700a0c0b300fb3c070071
:10d80000ee3090005e3090001c2f0700e1133700cf
:10d810006043200072002000b1c02d006e0078002f
:10d82000f7d107000000e000af003a00e21c200042
:10d83000820147006000b8008089be00640041009a
:10d8400080014700020009008019eb00821d2000c2
:10d85000820147006000b8008089be00640041007a
:10d8600080004700020009008018eb0070002000d3
:10d870005007980060432000800047006a0047007e
:10d880001101780010004100104078000000fb00fa
:10d89000b1022000810f500003003200d1022000ad
:10d8a000810f50000a003a00604320006e007800ab
:10d8b00080499000034f98006a004700ea00470043
:10d8c0001108e80090007800510798000200370026
:10d8d000d0c3b300004f98006a0047001000e80072
:10d8e0006143200081004700110040009040780013
:10d8f00080c5b30080cf500007003a003470ef00bd
:10d900006a004700ea0047001188e800100178002b
:10d91000520798001400370010c0b30034f0b7006d
:10d920001100370060432000800047006a00470074
:10d930009101780010804100ea00470093ff2f001a
:10d940001181410090407800e01c2000000041005f
:10d95000017778006a004700ea0047001108e800f4
:10d960009000780051079800604320008000470035
:10d970006a00470011017800100041001040780053
:10d980000004e000090032006043200080004700ee
:10d990006a004700910178001080410090407800b3
:10d9a000c0c2b30080cf5000deff3a006c004700d9
:10d9b000ea0047001108e80090007800610798002d
:10d9c0001200370060432000800047006c004700d1
:10d9d00011017800100041006e019000ea0047003c
:10d9e000910051000101e90090407800801d200065
:10d9f00000004100017778006c004700ec00470010
:10da00001108e80090017800630798006043200047
:10da1000800047006c0047001101780010004100b1
:10da2000104078000004e000e6ff3a00e01c20000f
:10da30000e004000020120008000eb0080d30700b0
:10da40007037980010c0b30034f0b700e01c20001d
:10da50000e0040008000eb0020d3070010818800fa
:10da600021818800fe309000b08180008088b9005c
:10da700070379800801d20000e004000a20020009a
:10da80008000eb006ed30700003f98007e309000ce
:10da90000000e0000f003500fe309000e0ff2000a5
:10daa000808f50000b003c00f0c4b3004f3c0700d7
:10dab000b0c4b3004d3c0700a0c0b3004b3c07000e
:10dac0000e399000fe3090000e489000a52e070001
:10dad00030133700f0c3b300443c0700a0c0b300cc
:10dae000423c07002b1337006043200062002000f7
:10daf00031c12d006e00780041d107000000e00028
:10db000049003a00221e2000820147006000b80050
:10db10008089be00640041008001470002000900c6
:10db20008019eb006000200070079800110037009a
:10db300060432000800047006e004700110178001c
:10db400010004100ee004700a3ff2f0011814100ab
:10db500090407800201e20000000410001777800ee
:10db60006e004700ee0047001108e80090007800c2
:10db70007107980060432000800047006e00470056
:10db80001101780010004100104078000004e0000e
:10db9000e7ff3a00201e20000e0040002200200077
:10dba000a1c12d0016d107000000e00007003200df
:10dbb000201e20000e00400032002000d1c12d00a8
:10dbc0000fd107000000e00012003a00f0c4b300db
:10dbd000063c0700b0c4b300043c0700a0c0b3007b
:10dbe000023c0700201e20000e0040002200200002
:10dbf000a1c12d0002d1070000f0a7000000ea003b
:10dc00000000e9004f00de0000407800c42d07004e
:10dc1000e0123700f0c3b300f43b0700a0c0b3002c
:10dc2000f23b0700db123700604320007200200047
:10dc300011c22d006e007800f1d007000000e00056
:10dc4000ad003a00c21e2000820147006000b8000b
:10dc50008089be0064004100800147000200090085
:10dc60008019eb00621f2000820147006000b800ad
:10dc70008089be0064004100800047000200090066
:10dc80008018eb0080002000000f98007000470013
:10dc90001000e800614320008100470011004000af
:10dca0009040780080c5b30080cf500007003a0054
:10dcb0003570ef0070004700f00047001188e80061
:10dcc00010017800020f98001400370010c0b30054
:10dcd00035f0b70011003700604320008000470096
:10dce000700047009101780010804100f00047006b
:10dcf00083ff2f001181410090407800c01e20005a
:10dd0000000041000177780070004700f0004700f4
:10dd10001108e80090007800010f9800604320008f
:10dd2000800047007000470011017800100041009a
:10dd3000104078000004e000090032006043200039
:10dd4000800047007000470091017800108041007a
:10dd500090407800c0c2b30080cf5000deff3a0090
:10dd600072004700f00047001108e80090007800ba
:10dd7000110f980012003700604320008000470018
:10dd80007200470011017800100041001e09900048
:10dd9000f0004700910051000101e9009040780037
:10dda000601f2000000041000177780072004700ea
:10ddb000f20047001108e80090017800130f980066
:10ddc0006043200080004700720047001101780086
:10ddd00010004100104078000004e000e6ff3a0027
:10dde000c01e20000e004000020120008000eb0059
:10ddf00093d20700103f980010c0b30035f0b70071
:10de0000c01e20000e0040008000eb0033d207004f
:10de1000d0808800e18088009e389000b08180002a
:10de20008088b900103f9800601f20000e0040005d
:10de3000a20020008000eb0081d20700203f980064
:10de40001e3890000000e000260035009e3890004b
:10de5000e0ff2000808f500022003c002e38900010
:10de60000000e0001f003200604320000000470077
:10de7000730020001080410090407800e0c3b300a0
:10de800080cf5000080032006043200000004700af
:10de9000710020001080400090407800c0c3b300a3
:10dea00080cf50000f003a00f0c4b3004f3b070092
:10deb000b0c4b3004d3b0700a0c0b3004b3b07000c
:10dec0006043200000004700720020001000410065
:10ded000104078002e3990009e389000852d070064
:10dee0002c123700f0c3b300403b0700a0c0b300c2
:10def0003e3b0700271237006043200072002000dd
:10df000091c22d006e0078003dd007000000e000b7
:10df1000ad003a0002202000820147006000b800f6
:10df20008089be00640041008001470002000900b2
:10df30008019eb00a2202000820147006000b80099
:10df40008089be0064004100800047000200090093
:10df50008018eb0080002000200f9800740047001c
:10df60001000e800614320008100470011004000dc
:10df70009040780080c5b30080cf500007003a0081
:10df80003370ef0074004700f40047001188e80088
:10df900010017800220f98001400370010c0b30061
:10dfa00033f0b700110037006043200080004700c5
:10dfb000740047009101780010804100f400470090
:10dfc00083ff2f0011814100904078000020200045
:10dfd000000041000177780074004700f40047001a
:10dfe0001108e80090007800210f9800604320009d
:10dff00080004700740047001101780010004100c4
:10e00000104078000004e000090032006043200066
:10e0100080004700740047009101780010804100a3
:10e0200090407800c0c2b30080cf5000deff3a00bd
:10e0300076004700f40047001108e80090007800df
:10e04000310f980012003700604320008000470025
:10e050007600470011017800100041003e09900051
:10e06000f4004700910051000101e9009040780060
:10e07000a0202000000041000177780076004700d2
:10e08000f60047001108e80090017800330f98006f
:10e0900060432000800047007600470011017800af
:10e0a00010004100104078000004e000e6ff3a0054
:10e0b000002020000e004000020120008000eb0044
:10e0c000dfd10700303f980010c0b30033f0b70035
:10e0d000002020000e0040008000eb007fd10700f0
:10e0e000f080880001818800be389000b0818000f7
:10e0f0008088b900303f9800a02020000e0040002a
:10e10000a20020008000eb00cdd10700403f980026
:10e110003e3890000000e00026003500be38900038
:10e12000f0ff2000808f500022003c004e3890000d
:10e130000000e0001f0032006043200000004700a4
:10e14000730020001080410090407800e0c3b300cd
:10e1500080cf5000080032006043200000004700dc
:10e16000710020001080400090407800c0c3b300d0
:10e1700080cf50000f003a00f0c4b3009b3a070074
:10e18000b0c4b300993a0700a0c0b300973a0700a3
:10e190006043200000004700720020001000410092
:10e1a000104078004e399000be389000df2c0700f8
:10e1b00078113700f0c3b3008c3a0700a0c0b30059
:10e1c0008a3a070073113700604320006200200084
:10e1d00011c32d006e00780089cf07000000e00019
:10e1e00093003a0042212000820147006000b800fd
:10e1f0008089be00640041008001470002000900e0
:10e200008019eb00e2212000820147006000b80085
:10e210008089be00640041008000470002000900c0
:10e220008018eb0060002000400f980011003700bc
:10e23000604320008000470078004700110178000b
:10e2400010004100f8004700a3ff2f00118141009a
:10e2500090407800402120000000410001777800c4
:10e2600078004700f80047001108e80090007800a7
:10e27000410f98006043200080004700780047006d
:10e280001101780010004100104078000004e00007
:10e2900009003200604320008000470078004700fa
:10e2a000910178001080410090407800c0c2b30016
:10e2b00080cf5000deff3a007a004700f8004700a8
:10e2c0001108e80090007800510f98001200370004
:10e2d00060432000800047007a0047001101780069
:10e2e000100041005e099000f800470091005100c5
:10e2f0000101e90090407800e02120000000410089
:10e30000017778007a004700fa0047001108e8001a
:10e3100090017800530f9800604320008000470070
:10e320007a00470011017800100041001040780089
:10e330000004e000e6ff3a00402120000e0040000b
:10e3400022002000a1c12d002dcf07000000e00019
:10e3500007003200402120000e0040003200200063
:10e36000d1c12d0026cf07000000e0002b003a00ad
:10e37000e02120000e00400022002000a1c12d005d
:10e380001fcf07000000e00007003200e02120005e
:10e390000e00400032002000d1c12d0018cf070030
:10e3a0000000e0001d003a00f0c4b3000f3a07007f
:10e3b000b0c4b3000d3a0700a0c0b3000b3a070089
:10e3c000e02120000e00400022002000a1c12d000d
:10e3d0000bcf070000f0a7000000ea000000e900f2
:10e3e0004f00de0000447800402120000e00400075
:10e3f00022002000a1c12d0001cf070000f0a700de
:10e400000000ea000000e9004f00de000040780054
:10e4100088407800d42b0700de103700f0c3b3002b
:10e42000f2390700a0c0b300f0390700d910370057
:10e43000604320005200200081c32d006e00780050
:10e44000efce07000000e00093003a008222200097
:10e45000820147006000b8008089be00640041006e
:10e4600080014700020009008019eb0022232000f0
:10e47000820147006000b8008089be00640041004e
:10e4800080004700020009008018eb0050002000c7
:10e49000600f9800110037006043200080004700a3
:10e4a0007c0047001101780010004100fc0047008b
:10e4b000b3ff2f001181410090407800802220009e
:10e4c00000004100017778007c004700fc00470015
:10e4d0001108e80090007800610f98006043200068
:10e4e000800047007c0047001101780010004100c7
:10e4f000104078000004e000090032006043200072
:10e50000800047007c0047009101780010804100a6
:10e5100090407800c0c2b30080cf5000deff3a00c8
:10e520007e004700fc0047001108e80090007800da
:10e53000710f9800120037006043200080004700f0
:10e540007e00470011017800100041007e09900014
:10e55000fc004700910051000101e9009040780063
:10e560002023200000004100017778007e00470052
:10e57000fe0047001108e80090017800730f980032
:10e5800060432000800047007e00470011017800b2
:10e5900010004100104078000004e000e6ff3a005f
:10e5a000802220000e00400022002000a1c12d008a
:10e5b00093ce07000000e000070032008022200018
:10e5c0000e00400032002000d1c12d008cce07008b
:10e5d0000000e0002b003a00202320000e00400045
:10e5e00022002000a1c12d0085ce07000000e00020
:10e5f00007003200202320000e00400032002000df
:10e60000d1c12d007ece07000000e0001d003a00c1
:10e61000f0c4b30075390700b0c4b3007339070004
:10e62000a0c0b30071390700202320000e00400075
:10e6300022002000a1c12d0071ce070000f0a7002c
:10e640000000ea000000e9004f00de00004478000e
:10e65000802220000e00400022002000a1c12d00d9
:10e6600067ce070000f0a7000000ea000000e90004
:10e670004f00de000040780088407800182b07002b
:10e6800044103700f0c3b30058390700a0c0b300ee
:10e69000563907003f103700604320004200200039
:10e6a000e1c32d006e00780055ce07000000e000a9
:10e6b00058003a0061432000a00720000e004000ef
:10e6c000810047004300200011884100900078003d
:10e6d000513f98005e3890007dfa07000004e0008a
:10e6e00003003200f0c3b30040390700291037009f
:10e6f000a20020008000eb005e38900050d00700a0
:10e70000008d8800118d8800028d8000138d80009f
:10e710006002200001002000800f5100818f59000d
:10e7200039003600028d8000138d800000682900ba
:10e7300081092000800f5100818f590032003e0076
:10e74000008d8000118d800020380700e081880056
:10e75000f1818800e2818000f38180003000200098
:10e7600001002000800f5100818f590023003e00de
:10e7700030c42d002a390700800c20002a3e0700f3
:10e78000008d8000118d8000f2370700008d800021
:10e79000118d8000f08e8800018f8800800c200091
:10e7a000213e070070c42d001d39070062380700a4
:10e7b00040f0b70040d0bf00ed4f500007003a00d6
:10e7c00060c52d0016390700008d8000118d800076
:10e7d000208d8800318d8800ee0f3700208d80005d
:10e7e000318d8000db370700208d8000318d800067
:10e7f000f08e8800018f8800e60f3700f0c3b30069
:10e80000fa380700e30f3700f0c3b300f73807000a
:10e81000e00f37006043200052002000a1c52d000a
:10e820006e007800f6cd07000000e0004c003a00d2
:10e8300061432000c00720000e0040008100470017
:10e84000520020001108410090017800633f9800b9
:10e850006e3890001efa07000004e000030032004a
:10e86000f0c3b300e1380700ca0f3700a200200050
:10e870008000eb006e389000f1cf0700008d88001b
:10e88000118d8800028d8000138d800050022000c1
:10e8900001002000800f5100818f59002d003600ab
:10e8a000028d8000138d80000068290081092000fe
:10e8b000800f5100818f590026003e00008d80009e
:10e8c000118d8000c1370700e0818800f181880048
:10e8d000e2818000f38180003000200001002000f0
:10e8e000800f5100818f590017003e00f0c4b30023
:10e8f000be380700b0c4b300bc380700d0c0b300b6
:10e90000ba380700592d07000004e0000200320069
:10e91000a0c0b300b5380700800c2000c23d07003e
:10e92000008d8000118d80008a370700008d8000e7
:10e93000118d8000f08e8800018f8800800c2000ef
:10e94000b93d0700930f3700f0c3b300a7380700a5
:10e95000900f3700f0c3b300a43807008d0f3700c5
:10e96000604320005200200001c62d006e00780098
:10e97000a3cd07000000e0003d003a006143200005
:10e98000e00720000e0040008100470052002000f8
:10e990001108410090017800733f98007e38900084
:10e9a000cbf907000004e00003003200f0c3b3001d
:10e9b0008e380700770f3700a20020008000eb00a0
:10e9c0007e3890009ecf070000879800118798003e
:10e9d0000e8090009e809000e00f5000e08f580065
:10e9e000070032000e8190009e81900010002000f0
:10e9f00001002000800f5100818f590019003a005a
:10ea00000e8090009e809000e00f5000e08f580034
:10ea100006003a009e71ef00f0c4b300733807009f
:10ea2000b0c4b30071380700530f37000e81900057
:10ea30009e8190001000200001002000800f5100f6
:10ea4000818f59004c0f3a0010c0b3009ef1b700ff
:10ea5000f0c4b30065380700b0c4b30063380700e2
:10ea6000450f3700f0c3b30060380700490f370087
:10ea70006043200061c62d006e0078005be7070050
:10ea80000000e00011003a0002b8800013b88000d6
:10ea900022879800338798002e809000be809000d7
:10eaa000809fbe00d0c62d00801f7800a0b9210035
:10eab000bfe30700e6875700a0b9210058380700d8
:10eac00010c72d0056380700320f37006043200072
:10ead00041c72d006e00780044e707000000e00009
:10eae0000d003a00f08e8000018f800000b8880091
:10eaf00011b88800606f210080c0eb007160980041
:10eb0000fa1d0700f0c4b30038380700b0c4b300e2
:10eb1000363807001f0f370060432000a1c72d00c3
:10eb20006e00780031e707000000e00003003a00c3
:10eb3000601022003a380700160f370060432000ab
:10eb4000f1c72d006e00780028e707000000e00004
:10eb5000100f32006043200071c82d006e00780055
:10eb600022e707000000e00003003a0060112200e5
:10eb70002b380700070f3700604320006200200099
:10eb8000b1c82d006e0078001dcd07000000e00028
:10eb900013003a0061432000800820000e0040006e
:10eba0008100470063002000118841009000780038
:10ebb000418798004e80900064f907000004e0004f
:10ebc00003003200f0c3b30008380700f10e37002d
:10ebd000ce809000b0c82d00c2170700ed0e3700a0
:10ebe000604320005200200021c92d006e007800f3
:10ebf00003cd07000000e00013003a00614320004d
:10ec0000a00820000e0040008100470052002000b4
:10ec10001108410090017800538798005e809000b1
:10ec20004af907000004e00003003200f0c3b3001b
:10ec3000ee370700d70e3700de80900020c92d0088
:10ec4000a8170700d30e37006043200081c92d00ac
:10ec50006e007800e5e607000000e00003003a00df
:10ec600060142200ee370700ca0e37006043200010
:10ec700052002000d1c92d006e007800e0cc0700c2
:10ec80000000e0001f003a0061432000c00820009f
:10ec90000e00400081004700520020001108410092
:10eca00090017800638798006e809000b9cc0700cf
:10ecb000604f99006e80900024f907000004e00086
:10ecc00003003200f0c3b300c8370700b10e3700ad
:10ecd0006e4891000004e00007003200ee809000d2
:10ece00040782100cde6070010c72d00cc37070083
:10ecf0007e1d0700a70e3700f0c3b300bb37070027
:10ed0000a40e3700604320006200200031ca2d00ad
:10ed10006e007800bacc07000000e0003a013a002b
:10ed200061432000000920000e00400081004700e0
:10ed3000620020001108410090017800038f9800c4
:10ed40000e88900001f907000004e0000300320083
:10ed5000f0c3b300a53707008e0e370090032300e1
:10ed6000010020000017980011179800e0292000ea
:10ed70000100200020179800311798000000eb00d8
:10ed8000108f98000024200000004700c2c2b3008a
:10ed90008e889000093c0700002420000080e800d5
:10eda0006e0078009e370700a0c0b3008f370700c1
:10edb00000242000640040006e00780098370700af
:10edc000a0c0b30089370700002420006e0078003f
:10edd000801f7800a0ca2d00801f7800a0b92100f4
:10ede000f3e20700e4875700a0b921008c37070041
:10edf000a0c0b3007d370700002420006e0078001b
:10ee0000e20f5000d2003c00002420000080e80007
:10ee1000ee0078006025200000004700e2c2b30049
:10ee2000e63b0700602520000080e8006e007800c7
:10ee3000a20020008000eb0081ce0700208f980008
:10ee4000318f9800be889000803e20008089b900f4
:10ee50002e889000e000b90000014100ae889000cb
:10ee6000803e20000008b8000101410082007800c7
:10ee7000208f9800318f9800208f9800318f980054
:10ee80002e899000be8990000217980013179800f1
:10ee9000602520006e007800e20f500055003a0017
:10eea00060252000640040006e007800a200200071
:10eeb0008000eb0062ce07004017980051179800c1
:10eec00060252000640040006e00780031cc07000f
:10eed0008000eb00408f9800518f98004e119000f9
:10eee000de1190009000200001002000800f5100f2
:10eef000818f590017003e004e899000de899000f6
:10ef00001000200001002000800f5100818f590067
:10ef100010003a00de109000400620008089b90001
:10ef20004e109000e000b90000014100ce109000aa
:10ef3000400620000008b80001014100820078006e
:10ef400040179800511798004017980051179800e3
:10ef50001c0037004e119000de119000300620009a
:10ef600001002000800f5100818f590015003e00e4
:10ef70004e899000de8990002000200001002000d2
:10ef8000800f5100818f59000e003a005e109000f2
:10ef9000ea01b9004e109000e000b9000001410004
:10efa000ce109000a00020000008b8000101410030
:10efb0008200780040179800511798004017980079
:10efc00051179800000220000e00400001022000ae
:10efd0008e8040004e119000de11900031184100eb
:10efe00021904900100178009001900002179800cc
:10eff000131798000024200064004000ee00780001
:10f00000c026200000004700e2c2b3006b3b0700af
:10f01000c02620000080e8006e007800a2002000da
:10f020008000eb0006ce0700608f9800718f98007b
:10f03000fe889000400620008089b9006e8890000c
:10f04000e000b90000014100ee8890004006200079
:10f050000008b8000101410082007800608f98002c
:10f06000718f9800608f9800718f98006e89900062
:10f07000fe8990002217980033179800c0262000c0
:10f080006e007800e20f500033003a00c0262000e6
:10f09000640040006e007800a20020008000eb00b9
:10f0a000e7cd07006017980071179800c026200070
:10f0b000640040006e007800b6cb07008000eb00d3
:10f0c00000979800119798006e119000fe11900023
:10f0d0009000200001002000800f5100818f590016
:10f0e0000e003e007e109000ea01b9006e10900004
:10f0f000e000b90000014100ee109000a0002000e7
:10f100000008b800010141008200780060179800f3
:10f11000711798006017980071179800400220003e
:10f120000e004000410220008e8040006e119000d1
:10f13000fe11900031184100219049001001780023
:10f1400090019000221798003317980002003700b2
:10f15000f0c3b300a5360700601d21008040eb001e
:10f1600031c898000e1190009e11900012918800f5
:10f17000239188002e119000be11900032918800da
:10f180004391880010918000219180002097980081
:10f19000309180004191800030979800423a0700fa
:10f1a00050918800a0c0b300903607002e909000c8
:10f1b000801f7800a0ca2d00801f7800a0b9210010
:10f1c000fbe10700e4875700a0b92100943607004f
:10f1d000a0c0b300853607003e909000801f7800e5
:10f1e000a0ca2d00801f7800a0b92100f0e107001f
:10f1f000e4875700a0b921008936070010c72d0009
:10f2000087360700630d370060432000d1ca2d0008
:10f210006e00780075e507000000e00013003a007a
:10f22000213a070040979800ce909000f0ff200010
:10f23000808f50000a003e004e909000801f7800a2
:10f2400030cb2d00801f7800a0b92100d8e1070045
:10f25000e4875700a0b92100713607004d0d370033
:10f26000f0c3b300613607004a0d37006043200049
:10f270004200200061cb2d006e00780060cb0700bb
:10f280000000e0008f003a0061432000a00a200047
:10f290000e0040008100470043002000118841001b
:10f2a00090007800519798005e90900088f70700d2
:10f2b0000004e00003003200f0c3b3004b36070047
:10f2c000340d3700f8390700609798006e90900071
:10f2d0008000eb001291800023918000828bb900a6
:10f2e000809ab900040243000200b8000101420004
:10f2f00082007800529180008001eb00ccc60700ac
:10f3000070979800fe909000803e200000017800e9
:10f31000110009008280d8008000fd00001f9800c5
:10f32000a20020008000eb005e90900044cd07001a
:10f33000207798002e7090000004e00003003a004f
:10f340000040eb0020779800220037002e709000dc
:10f35000e14f500009003a0010c0b3002077980038
:10f360000e189000c200de00b04721000008b8006f
:10f370000100d100001f9800160037002e70900089
:10f38000e24f500008003a0020c0b30020779800f8
:10f390008e189000d0cc2c000008b8004308de0086
:10f3a000001f98000b0037002e709000e34f5000b4
:10f3b00003003a0030c0b300207798000500370002
:10f3c0008e189000d0cc2c000008b8004308de0056
:10f3d000001f98007e909000e10f40001c003a0052
:10f3e000200320000e0040001080fb00e10f5000c1
:10f3f0000d003200e10f500003003c000000e0006f
:10f4000006003200e30c3700e20f50000900320022
:10f41000e30f50000a003200de0c3700b0cb2d00a5
:10f42000ff350700db0c3700f0cb2d00fc35070063
:10f43000d80c370040cc2d00f9350700d50c37002b
:10f44000a0cc2d00f635070000000000d10c3700dd
:10f450007e909000c300de00500c22000008b8002f
:10f460004408de00709798002e7090000004e000c1
:10f470000a0032000e189000801f78007e909000e5
:10f48000801f780010cd2d00801f7800a0b92100ca
:10f4900047e10700e6875700070037007e9090009d
:10f4a000801f7800a0ca2d00801f7800a0b921001d
:10f4b0003fe10700e4875700a0b92100d8350700d5
:10f4c000b40c37006043200071cd2d006e00780031
:10f4d000c6e407000000e00047003a004230ef00b9
:10f4e0004430ef00b42a070046f0b70046d0bf0012
:10f4f0000080fb006101b90050ff2f00f1ff2f00d9
:10f5000002014000838148005003200001002000d8
:10f51000800f5100818f5900990c3e0002060100b6
:10f52000970c3700960c3700950c3700940c370079
:10f53000930c3700920c3700910c3700900c370079
:10f540008f0c37008e0c37008d0c37008c0c370079
:10f550008b0c37008a0c3700890c3700880c370079
:10f56000870c3700860c3700850c3700840c370079
:10f57000830c3700820c3700810c3700800c370079
:10f580007f0c37007e0c37007d0c37007c0c370079
:10f590007b0c37007a0c3700790c3700780c370079
:10f5a000770c3700760c3700750c3700740c370079
:10f5b000730c3700720c3700710c3700700c370079
:10f5c0006f0c37006e0c37006d0c37006c0c370079
:10f5d0006b0c37006a0c3700690c3700680c370079
:10f5e000670c3700660c3700650c3700640c370079
:10f5f000630c3700620c370060432000520020008b
:10f60000e1cd2d006e0078007dca07000000e0000b
:10f610005a003a0061432000000b20000e00400019
:10f6200081004700530020001188410090007800bd
:10f63000019f98000e989000a5f607000004e000d6
:10f6400003003200f0c3b30068350700510c3700e7
:10f65000a20020008000eb000e98900078cc0700fc
:10f660001082880021828800532a070046f0b700e4
:10f6700046d0bf000080fb006101b90050ff2f00a1
:10f68000f1ff2f0002014000838148005003200059
:10f6900001002000800f5100818f59003a0c3e007c
:10f6a00002060100380c3700370c3700360c3700e3
:10f6b000350c3700340c3700330c3700320c370070
:10f6c000310c3700300c37002f0c37002e0c370070
:10f6d0002d0c37002c0c37002b0c37002a0c370070
:10f6e000290c3700280c3700270c3700260c370070
:10f6f000250c3700240c3700230c3700220c370070
:10f70000210c3700200c37001f0c37001e0c37006f
:10f710001d0c37001c0c37001b0c37001a0c37006f
:10f72000190c3700180c3700170c3700160c37006f
:10f73000150c3700140c3700130c3700120c37006f
:10f74000110c3700100c37000f0c37000e0c37006f
:10f750000d0c37000c0c37000b0c37000a0c37006f
:10f76000090c3700080c3700070c3700060c37006f
:10f77000050c3700040c3700030c370060432000f1
:10f780005200200041ce2d006e0078001cca0700f8
:10f790000000e00003003a0010c72d0020350700ec
:10f7a000fc0b370060432000a1ce2d006e007800d6
:10f7b0000ee407000000e000f60b3200604320007a
:10f7c000f1ce2d006e00780008e407000000e00094
:10f7d00085003a00f829070046f0b70046d0bf0080
:10f7e0000080fb006101b90050ff2f00f1ff2f00e6
:10f7f00002014000838148005003200001002000e6
:10f80000800f5100818f5900e20b3e00020601007b
:10f810003500370037003700de0b3700dd0b3700cf
:10f82000dc0b3700db0b3700da0b3700d90b370066
:10f83000d80b3700d70b37003100370033003700c3
:10f84000350037003700370039003700d10b37005b
:10f85000d00b3700cf0b3700ce0b3700cd0b370066
:10f8600036003700380037003a0037003c003700d8
:10f870003e00370040003700c60b3700c50b37008d
:10f88000c40b3700c30b3700c20b3700c10b370066
:10f89000c00b3700bf0b3700be0b3700bd0b370066
:10f8a000bc0b3700bb0b3700ba0b3700b90b370066
:10f8b0003400370036003700380037003a00370090
:10f8c000b40b3700b30b3700b20b3700b10b370066
:10f8d000b00b3700af0b3700360037003800370069
:10f8e0003a0037003c00370050cf2d00cc340700e1
:10f8f000a80b370040d02d00c9340700a50b3700f6
:10f9000030d12d00c6340700a20b3700d0d12d0016
:10f91000c33407009f0b370000d32d00c03407000d
:10f920009c0b3700b0d32d00bd340700990b370076
:10f93000f0d42d00ba340700960b370010d62d00f6
:10f94000b7340700930b3700f0d72d00b43407000d
:10f95000900b3700d0d92d00b13407008d0b370044
:10f96000b0db2d00ae3407008a0b370090dd2d0090
:10f97000ab340700870b370070df2d00a834070079
:10f98000840b370050e12d00a5340700810b3700b0
:10f9900030e32d00a23407007e0b370010e52d0068
:10f9a0009f3407007b0b3700f0e62d009c340700e6
:10f9b000780b3700d0e82d0099340700750b37001d
:10f9c000a0ea2d0096340700720b370070ec2d0072
:10f9d000933407006f0b370040ee2d009034070082
:10f9e000000000006b0b37006043200011f02d0079
:10f9f0006e0078007de307000000e0000d003a0093
:10fa00006d29070046f0b70046d0bf000080fb001c
:10fa1000801f780060f02d00801f7800a0b92100c1
:10fa2000e3df0700e4875700a0b921007c3407001a
:10fa3000580b3700604320006200200091f02d0039
:10fa40006e0078006ec907000000e00029003a004f
:10fa500061432000200b20000e0040008100470081
:10fa6000620020001108410090017800139f980067
:10fa70001e98900096f507000004e0000300320095
:10fa8000f0c3b30059340700420b3700a200200036
:10fa90008000eb001e98900069cb0700209f980023
:10faa000319f98002e989000be989000e00f500073
:10fab000e08f58000c0032002e999000be99900003
:10fac000f0ff2f0001002000800f5100818f5900ae
:10fad00005003e002e9890007091880010c72d0000
:10fae0004f3407002b0b370010bf2d004c3407009c
:10faf000280b3700604320006200200001f12d0038
:10fb00006e0078003ec907000000e00029003a00be
:10fb100061432000800b20000e0040008100470060
:10fb2000620020001108410090017800439f980076
:10fb30004e98900066f507000004e00003003200d4
:10fb4000f0c3b30029340700120b3700a2002000d5
:10fb50008000eb004e98900039cb0700509f980032
:10fb6000619f98005e989000ee989000e00f500022
:10fb7000e08f58000c0032005e999000ee999000e2
:10fb8000f0ff2f0001002000800f5100818f5900ed
:10fb900005003e005e9890008091880010c72d00ff
:10fba0001f340700fb0a370010bf2d001c3407006c
:10fbb000f80a3700604320005200200071f12d0048
:10fbc0006e0078000ec907000000e00029003a002e
:10fbd00061432000e00b20000e0040008100470040
:10fbe000520020001108410090017800739f980096
:10fbf0007e98900036f507000004e0000300320014
:10fc0000f0c3b300f9330700e20a3700a200200076
:10fc10008000eb007e98900009cb070000a79800b9
:10fc200011a798000ea090009ea09000e00f500039
:10fc3000e08f58000c0032000ea190009ea19000b1
:10fc4000f0ff2f0001002000800f5100818f59002c
:10fc500005003e000ea090006091880010c72d00a6
:10fc6000ef330700cb0a3700f0c3b300df330700e0
:10fc7000c80a370060432000d1f12d006e007800e3
:10fc8000dae207000000e000c20a32006043200010
:10fc900021f22d006e007800d4e207000000e000a1
:10fca000bc0a3200604320005200200061f22d00a7
:10fcb0006e007800d2c807000000e00064003a003f
:10fcc00061432000400c20000e00400081004700ee
:10fcd00052002000110841009001780023a79800ed
:10fce0002ea0900019f507000004e0000300320088
:10fcf000f0c3b300bd330700a60a37002028200058
:10fd000000004700c2c2b300aea090002b3807002d
:10fd1000202820006e007800e10f500016003a0005
:10fd2000202820000080e8006e007800a20020005b
:10fd30008000eb00c2ca070030a7980041a79800d6
:10fd40003ea09000cea09000e00f5000e08f580041
:10fd500006003a00601d21008040eb0021709a00ef
:10fd600010c72d00ae33070035003700f0c3b300d5
:10fd70009e33070032003700202820006e007800f4
:10fd8000e20f50002c003a00202820000080e800fc
:10fd90006e007800a20020008000eb00a8ca0700d7
:10fda00050a7980061a79800202820006400400018
:10fdb0006e007800020120008000eb00a0ca07005e
:10fdc00070a7980001af98005ea19000eea190008e
:10fdd0001000200001002000800f5100818f590089
:10fde00012003a005ea19000eea1900020002000d9
:10fdf00001002000800f5100818f59000b003a0054
:10fe00005ea0900080407800601d210021709a0063
:10fe10007ea0900080407800601d210031709a0023
:10fe200010c72d007e33070005003700f0c3b30074
:10fe30006e33070002003700f0c3b3006b330700d6
:10fe4000202820000e00400016380700510a370015
:10fe50006043200072002000c1f22d006e00780087
:10fe600067c807000000e000f5003a006143200089
:10fe7000200d20000e00400081004700720020008d
:10fe8000110841009001780013af98001ea890005f
:10fe9000aef407000004e00003003200f0c3b3003a
:10fea000523307003b0a370080292000000047003a
:10feb000c2c2b3009ea89000c0370700802920006e
:10fec0006e007800e20f5000da003a00802920002e
:10fed0000080e8006e0078002ec8070040d7990027
:10fee00080292000640040006e00780029c80700c7
:10fef00050d79900ced091005ed0910080cf5000b5
:10ff000003003200f0c3b30038330700210a370082
:10ff10004ed09100e34f5000030032004ed09100cc
:10ff2000e84f500042003a00802920000080e8009d
:10ff30006e007800020120008000eb0040ca07003c
:10ff400030b7980041b79800802920006400400035
:10ff50006e007800020120008000eb0038ca070024
:10ff600050b7980061b79800601d2100c0709200e2
:10ff7000b0c3b30080cf50002a003e00601d2100b6
:10ff8000407092000080fb00c400dd00c030210002
:10ff9000008040003eb19000ceb190000288be00cb
:10ffa000601d2100407092000080fb00c400dd0055
:10ffb00000312100008140006000b8000089be00cf
:10ffc000601d2100407092000080fb00c400dd0035
:10ffd00040312100008040005eb19000eeb1900001
:10ffe0000288be00601d2100407092000080fb006e
:10fff000c400dd0080312100008140006000b800b5
:020000040001f9
:100000000089be00601d2100407092008040e80021
:10001000601d210041709a0010c72d0000330700b9
:10002000dc09370040f32d00fd320700d909370005
:100030004ed09100e54f5000030032004ed09100a9
:10004000ea4f500078003a00802920000080e80044
:100050006e007800020120008000eb00f8c9070064
:1000600030af980041af9800802920006400400024
:100070006e007800020120008000eb00f0c907004c
:1000800050af980061af9800802920000080e80000
:10009000ee007800400d20000e0040001080fb00b4
:1000a0000080e900008040008040eb0001487800bb
:1000b0008029200064004000ee007800500d2000f0
:1000c0000e0040001080fb000080e900008040002e
:1000d0008040eb0001487800802920000080e80083
:1000e0006e007800020120008000eb00d4c90700f8
:1000f00070af980001b7980080292000640040008c
:100100006e007800020120008000eb00ccc90700df
:1001100010b7980021b79800601d2100c0709200b0
:10012000b0c3b30080cf50003c003e00bea890009a
:100130004ea8900001017800f10f200081006100bd
:100140006000600031af980040af9800dea89000da
:100150006ea8900001017800f10f2000810061007d
:100160006000600051af980060af9800601d2100f2
:10017000407092000080fb00c400dd00c030210010
:10018000008040007ea990008eb190000288be00e1
:10019000601d2100407092000080fb00c400dd0063
:1001a00000312100008040003ea99000cea99000bf
:1001b0000288be00601d2100407092000080fb009c
:1001c000c400dd0040312100008040001eb19000dd
:1001d000aeb190000288be00601d21004070920008
:1001e0000080fb00c400dd00803121000080400061
:1001f0005ea99000eea990000288be00601d21005b
:10020000407092008040e800601d210041709a001b
:1002100010c72d00823207005e09370040f32d0021
:100220007f3207005b093700f0c3b3006f3207006d
:1002300058093700f0c3b3006c3207005509370086
:100240006043200021f42d006e00780067e1070074
:100250000000e00006003a00601d21008040eb0035
:1002600041709a0010c72d006d3207004909370010
:100270006043200052002000a1f42d006e007800a1
:100280005fc707000000e00028003a00614320003b
:10029000e00e20000e0040008100470053002000c7
:1002a000118841009000780071b798007eb09000ee
:1002b00087f307000004e00003003200f0c3b3003e
:1002c0004a32070033093700a20020008000eb000b
:1002d0007eb090005ac9070000bf980011bf980077
:1002e0000eb990009eb9900020002000010020006f
:1002f000800f5100818f590009003e000eb8900018
:1003000000417800611d2100505020000080400015
:100310000248780010c72d00413207001d09370040
:1003200010bf2d003e3207001a093700604320003d
:100330007200200001f52d006e00780030c7070024
:100340000000e0002b003a0061432000400f200035
:100350000e0040008100470072002000110841009b
:100360009001780023bf98002eb8900058f3070042
:100370000004e00003003200f0c3b3001b320700aa
:1003800004093700a20020008000eb002eb8900086
:100390002bc9070030bf980041bf98003eb89000bd
:1003a000ceb89000e00f5000e08f580007003200f8
:1003b0003eb99000ceb9900010002000010020004e
:1003c000800f5100818f590007003a003eb890001d
:1003d00080407800601d210071609a0010c72d00d8
:1003e0000f320700eb083700f00320000c32070043
:1003f000e8083700604320007200200081f52d00de
:100400006e007800fec607000000e0002b003a00f6
:1004100061432000a00f20000e0040008100470033
:1004200072002000110841009001780053bf98002d
:100430005eb8900026f307000004e00003003200dd
:10044000f0c3b300e9310700d2083700a200200052
:100450008000eb005eb89000f9c8070060bf98000c
:1004600071bf98006eb89000feb89000e00f500089
:10047000e08f5800070032006eb99000feb990007e
:100480001000200001002000800f5100818f5900d2
:1004900007003a006eb8900080407800601d21008f
:1004a00001689a0010c72d00dd310700b908370038
:1004b000f0c3b300cd310700b60837006043200019
:1004c0006200200001f62d006e007800ccc6070007
:1004d0000000e0008b003a00614320000010200083
:1004e0000e0040008100470062002000110841001a
:1004f00090017800030799000e00910013f30700a4
:100500000004e00003003200f0c3b300b73107007d
:10051000a0083700e02a200000004700e2c2b30034
:100520008e00910025360700e02a20006e0078003a
:10053000e10f500010003a00e02a20000080e8009f
:100540006e007800a20020008000eb00bcc807000d
:1005500010079900210799001e009100ae0091003c
:100560001cc20700209888003198880010c72d0011
:10057000ab31070087083700e02a20006e007800c2
:10058000e20f50005c003a006000b80030079900ac
:1005900041079900e02a2000640040006e007800c6
:1005a0007cc60700204f9a001000200001002000a8
:1005b000201f9800311f98000040eb00007f98003a
:1005c0000040eb00007f9800110037003e189000bb
:1005d000ea01b9002e189000e000b90000014100c6
:1005e000ae189000a00020000008b80001014100f2
:1005f00082007800201f9800311f9800201f98006b
:10060000311f98000e7890000040e800007f9800ad
:100610008e7890002e48920080cf5000ebff39007a
:10062000e02a20000080e8006e007800a200200090
:100630008000eb0082c807006007990071079900ed
:10064000e02a2000640040006e007800a200200034
:100650008000eb007ac80700000f9900110f990085
:100660006e019100fe019100220f9900330f990055
:100670000e0991009e099100420f9900530f9900b5
:100680004e089100de089100d2c1070030079900a2
:10069000410799002e189000be189000cdc10700a8
:1006a0000001be003e009100ce009100dec20700b6
:1006b00030079900410799002e089100be0891006b
:1006c000c4c107000001be003e009100ce009100b1
:1006d000f0c1070030079900410799003e019100e1
:1006e000ce019100229888003398880010c72d0011
:1006f0004b31070027083700f0c3b3003b31070038
:1007000024083700604320006200200071f62d00ad
:100710006e0078003ac607000000e00032003a00a0
:1007200061432000c01120000e00400081004700fe
:10073000630020001188410090007800610f99004b
:100740006e08910081f207000004e000030032000f
:10075000f0c3b300253107000e083700402c2000fd
:1007600000004700c2c2b300ee08910093350700b5
:10077000402c20006e007800e20f500017003a0075
:10078000402c20000080e8006e007800a2002000cd
:100790008000eb002ac80700700f9900011799002c
:1007a000402c2000640040006e007800a200200071
:1007b0008000eb0022c8070010179900211799004c
:1007c0007e089100009888001e1091001098880003
:1007d00010c72d0012310700ee073700f0c3b30039
:1007e00002310700eb07370060432000e1f62d00df
:1007f0006e007800fddf07000000e0000e003a0008
:100800003d20070030179900411799003e109100d4
:10081000ce109100809fbe0050f72d00801f780001
:10082000a0b9210062dc0700e6875700a0b92100cb
:10083000fb300700d707370060432000520020003c
:10084000a1f72d006e007800edc507000000e00064
:100850002e003a0061432000a01220000e0040004c
:1008600081004700520020001108410090017800eb
:10087000531799005e109100c6c50700406f9a009b
:100880005e10910031f207000004e0000300320026
:10089000f0c3b300d5300700be0737004e689200a2
:1008a000e64f500016003a00020120008000eb00e5
:1008b0005e109100e2c7070070179900011f9900b0
:1008c0007e1191008e199100f0ff2f00f10f200092
:1008d000800f5100818f590006003e007e1091006c
:1008e0008e189100dd1f070010c72d00cc300700c7
:1008f000a8073700f0c3b300bc300700a5073700d6
:10090000f0c3b300b9300700a207370060432000ee
:1009100001f82d006e007800b4df07000000e00051
:100920009c0732006043200041f82d006e007800e3
:10093000aedf07000000e0009607320060432000b1
:1009400091f82d006e007800a8df07000000e0009d
:100950000a003a00601d21008040eb0011e0980081
:10096000601d21008040eb0021e09800601d210007
:100970008040eb0031e0980086073700604320009c
:10098000f1f82d006e00780098df07000000e0000d
:1009900004003a00601d210011c0b30001e098007e
:1009a0007c073700604320005200200041f92d00f1
:1009b0006e00780092c507000000e000fb003a00de
:1009c00061432000201320000e00400081004700fa
:1009d000520020001108410090017800131f990077
:1009e0001e189100d9f107000004e0000300320056
:1009f000f0c3b3007d30070066073700a02d20004c
:100a000000004700c2c2b3009e189100eb340700fb
:100a1000a02d20006e007800e20f5000e0003a00a8
:100a2000a02d20000080e8006e00780059c5070066
:100a300040779a00a02d2000640040006e007800ee
:100a400054c5070050779a00ce7092005e709200f5
:100a500080cf500003003200f0c3b30063300700c2
:100a60004c0737004e709200614060000004e000c7
:100a7000930032004e709200ea4f500090003e000a
:100a80003e18910001c3b300014878000000eb005c
:100a9000501f980013003700a02d20000080e800b0
:100aa000ee0078005e189000808040005e18900094
:100ab0000001e800601320000e004000100041001b
:100ac0009140780001487800a00320000e0040000b
:100ad000a10320008e8040001108e80090007800fb
:100ae000511f9800401320000e0040001080fb00b2
:100af000de189000808f5000e7ff35004e709200a6
:100b00000040e80040779a00401320000e004000ab
:100b10001080fb00611320008e8040001100400017
:100b20008040eb0001487800a02d20000080e80004
:100b30006e007800be18910038df07003e18910063
:100b400001c3b300014878000000eb00601f98006b
:100b500013003700a02d200064004000ee00780054
:100b60006e189000808040006e1890000001e80030
:100b7000601320000e0040001000410091407800fa
:100b800001487800c00320000e004000c10320008f
:100b90008e8040001108e80010017800621f980064
:100ba000501320000e0040001080fb00ee18900053
:100bb000808f5000e7ff35005e7092000040e80033
:100bc00050779a00501320000e0040001080fb0068
:100bd000611320008e804000110040008040eb0037
:100be00001487800a02d2000640040006e007800cd
:100bf000be18910009df0700a02d20000080e8004a
:100c00006e007800020120008000eb000cc7070096
:100c1000401f9900511f9900a02d20006400400042
:100c20006e007800020120008000eb0004c707007e
:100c3000601f9900711f9900601d210010e0900055
:100c4000e74f50001b003e00601d210010e09000a7
:100c50000080fb00c300dd00a023210000804000d5
:100c60004e199100de1991000288be00601d21001e
:100c700010e090000080fb006d004000c300dd002c
:100c8000601d2100008040006e199100fe19910046
:100c90000288be00601d210010e090008040e80046
:100ca000601d210011e0980010c72d00dc2f070007
:100cb000b806370040f32d00d92f0700b5063700de
:100cc0004e709200ea4f500032003e00a02d2000ee
:100cd0000080e8006e007800020120008000eb0038
:100ce000d7c607000027990011279900a02d2000e2
:100cf000640040006e007800020120008000eb00dc
:100d0000cfc607002027990031279900601d2100d8
:100d100010e09000e74f50001b003e00601d2100d6
:100d200010e090000080fb00c300dd00a023210044
:100d3000008040000e2191009e2191000288be009b
:100d4000601d210010e090000080fb006d0040005d
:100d5000c300dd00601d2100008040002e219100b5
:100d6000be2191000288be00601d210010e09000ad
:100d70008040e800601d210011e0980010c72d00a0
:100d8000a72f07008306370040f32d00a42f07008c
:100d900080063700f0c3b300942f07007d063700ac
:100da000f0c3b300912f07007a063700604320009c
:100db000a1f92d006e0078008cde07000000e00035
:100dc00004003a00601d21008040eb0011e0980013
:100dd00070063700604320006200200001fa2d00f9
:100de0006e00780086c407000000e000fb003a00b7
:100df00061432000801420000e0040008100470065
:100e0000630020001188410090007800412799007c
:100e10004e209100cdf007000004e00003003200f6
:100e2000f0c3b300712f07005a063700002f2000cf
:100e300000004700c2c2b300ce209100df3307009c
:100e4000002f20006e007800e20f5000e0003a0012
:100e5000002f20000080e8006e0078004dc40700dd
:100e600020cf9a00002f2000640040006e00780020
:100e700048c4070030cf9a00aec892003ec8920026
:100e800080cf500003003200f0c3b300572f07009b
:100e9000400637002ec89200614060000004e00068
:100ea000930032002ec89200ea4f500090003e009e
:100eb0006e20910001c3b300014878000000eb00f0
:100ec000701f980013003700002f20000080e800fa
:100ed000ee0078007e189000808040007e18900020
:100ee0000001e800c01420000e0040001000410086
:100ef0009140780001487800e00320000e00400097
:100f0000e10320008e8040001108e8001001780005
:100f1000721f9800a01420000e0040001080fb00fb
:100f2000fe189000808f5000e7ff35002ec8920019
:100f30000040e80020cf9a00a01420000e004000de
:100f40001080fb00c11420008e8040001100400082
:100f50008040eb0001487800002f20000080e8006e
:100f60006e007800ee2091002cde07006e209100cc
:100f700001c3b300014878000000eb00002798008f
:100f800013003700002f200064004000ee007800be
:100f90000e209000808040000e2090000001e800ac
:100fa000c01420000e004000100041009140780065
:100fb00001487800000420000e00400001042000d9
:100fc0008e8040001108e800900178000327980007
:100fd000b01420000e0040001080fb008e20900016
:100fe000808f5000e7ff35003ec892000040e800c7
:100ff00030cf9a00b01420000e0040001080fb009b
:10100000c11420008e804000110040008040eb00a1
:1010100001487800002f2000640040006e00780036
:10102000ee209100fddd0700002f20000080e80089
:101030006e007800020120008000eb0000c607006f
:1010400070279900012f9900002f200064004000b4
:101050006e007800020120008000eb00f8c5070058
:10106000102f9900212f9900601d210030e0900081
:10107000e74f50001b003e00601d210030e0900053
:101080000080fb00c300dd00a02b21000080400099
:101090007e2191008e2991000288be00601d2100f2
:1010a00030e090000080fb007d004000c300dd00c8
:1010b000601d2100008040001e299100ae29910092
:1010c0000288be00601d210030e090008040e800f2
:1010d000601d210031e0980010c72d00d02e0700c0
:1010e000ac05370040f32d00cd2e0700a9053700d1
:1010f0002ec89200ea4f500032003e00002f200020
:101100000080e8006e007800020120008000eb0003
:10111000cbc50700302f9900412f9900002f2000e8
:10112000640040006e007800020120008000eb00a7
:10113000c3c50700502f9900612f9900601d210041
:1011400030e09000e74f50001b003e00601d210082
:1011500030e090000080fb00c300dd00a02b2100e8
:10116000008040003e299100ce2991000288be00f7
:10117000601d210030e090000080fb007d004000f9
:10118000c300dd00601d2100008040005e29910049
:10119000ee2991000288be00601d210030e0900021
:1011a0008040e800601d210031e0980010c72d004c
:1011b0009b2e07007705370040f32d00982e07007f
:1011c00074053700f0c3b300882e0700710537009f
:1011d000f0c3b300852e07006e0537006043200082
:1011e0005200200071fa2d006e00780084c30700c1
:1011f0000000e00004003a00601d21008040eb0088
:1012000031e0980063053700604320005200200061
:10121000e1fa2d006e00780079c307000000e000bd
:10122000fb003a0061432000e01520000e00400062
:101230008100470053002000118841009000780091
:10124000712f99007e289100c0ef07000004e00094
:1012500003003200f0c3b300642e07004d053700d1
:101260006030200000004700c2c2b300fe28910099
:10127000d2320700603020006e007800e20f50008c
:10128000e0003a00603020000080e8006e00780046
:1012900040c3070000e79a0060302000640040006f
:1012a0006e0078003bc3070010e79a008ee09200c2
:1012b0001ee0920080cf500003003200f0c3b30064
:1012c0004a2e0700330537000ee0920061406000af
:1012d0000004e000930032000ee09200ea4f50005c
:1012e00090003e001e30910001c3b3000148780019
:1012f0000000eb001027980013003700603020003a
:101300000080e800ee0078001e2090008080400001
:101310001e2090000001e800201620000e00400072
:10132000100041009140780001487800200420001e
:101330000e004000210420008e8040001108e800cb
:101340001001780012279800001620000e004000bf
:101350001080fb009e209000808f5000e7ff35003a
:101360000ee092000040e80000e79a00001620001e
:101370000e0040001080fb00211620008e804000ef
:10138000110040008040eb000148780060302000f0
:101390000080e8006e0078009e3091001fdd07009d
:1013a0001e30910001c3b300014878000000eb003b
:1013b00020279800130037006030200064004000b0
:1013c000ee0078002e209000808040002e209000bb
:1013d0000001e800201620000e004000100041002f
:1013e0009140780001487800400420000e00400041
:1013f000410420008e8040001108e8009001780030
:1014000023279800101620000e0040001080fb00db
:10141000ae209000808f5000e7ff35001ee0920064
:101420000040e80010e79a00101620000e0040006f
:101430001080fb00211620008e804000110040002b
:101440008040eb00014878006030200064004000dc
:101450006e0078009e309100f0dc070060302000c4
:101460000080e8006e007800020120008000eb00a0
:10147000f3c407002037990031379900603020000d
:10148000640040006e007800020120008000eb0044
:10149000ebc407004037990051379900601d2100c7
:1014a00020e09000e74f50001b003e00601d21002f
:1014b00020e090000080fb00c300dd00a027210099
:1014c000008040002e319100be3191000288be00a4
:1014d000601d210020e090000080fb0075004000ae
:1014e000c300dd00601d2100008040004e319100ee
:1014f000de3191000288be00601d210020e09000d6
:101500008040e800601d210021e0980010c72d00f8
:10151000c32d07009f04370040f32d00c02d0700a6
:101520009c0437000ee09200ea4f500032003e006b
:10153000603020000080e8006e007800020120008a
:101540008000eb00bec40700603799007137990036
:1015500060302000640040006e007800020120002e
:101560008000eb00b6c40700003f9900113f9900ce
:10157000601d210020e09000e74f50001b003e005e
:10158000601d210020e090000080fb00c300dd0012
:10159000a0272100008040006e319100fe319100b3
:1015a0000288be00601d210020e090000080fb004a
:1015b00075004000c300dd00601d21000080400078
:1015c0000e3991009e3991000288be00601d2100f5
:1015d00020e090008040e800601d210021e098009c
:1015e00010c72d008e2d07006a04370040f32d0030
:1015f0008b2d070067043700f0c3b3007b2d070075
:1016000064043700f0c3b300782d0700610437008d
:101610006043200041fb2d006e00780073dc070062
:101620000000e00004003a00601d21008040eb0053
:1016300021e098005704370060432000a1fb2d00f3
:101640006e00780069dc07000000e0001f003a002f
:10165000601d210030c89000e14f400006003200bc
:10166000007e210020d89000e14f400002003200af
:1016700040fc2d006a2d0700601d210030c890003d
:10168000e14f400007003200007e210020d890008a
:10169000e14f400003003a0050fd2d00602d07008f
:1016a0003c043700601d210030c89000e14f40002d
:1016b00003003a0060fe2d00592d07003504370065
:1016c000f0c3b300492d0700320437006043200007
:1016d000b1ff2d006e00780044dc07000000e00040
:1016e00002003a001c0b07002a0437006043200068
:1016f00041002e006e0078003cdc07000000e00096
:101700000e003a00007e21008040eb0021d89800b6
:101710001091800021918000e0c18800f1c1880013
:10172000309180004191800000c2880011c2880081
:101730005091800020c288001604370060432000ca
:1017400052002000d1002e006e0078002cc207004d
:101750000000e0003d003a006143200040172000f7
:101760000e00400081004700530020001188410016
:1017700090007800213f99002e38910054ee070028
:101780000004e00003003200f0c3b300172d07008f
:1017900000043700a20020008000eb002e389100ea
:1017a00027c40700303f9900413f99003e3891001f
:1017b000ce389100e00f5000e08f58000700320053
:1017c0003e399100ce399100100020000100200028
:1017d000800f5100818f590019003a003e38910066
:1017e000ce389100e00f5000e08f580006003a001c
:1017f000a871ef00f0c4b300fc2c0700b0c4b30024
:10180000fa2c0700e20337003e399100ce399100ef
:101810001000200001002000800f5100818f59002e
:10182000db033a0010c0b300a8f1b700f0c4b30066
:10183000ee2c0700b0c4b300ec2c0700d403370033
:10184000f0c3b300e92c0700d20337006043200047
:101850005200200031012e006e007800e8c1070020
:101860000000e0003e013a0061432000a017200084
:101870000e00400081004700520020001108410086
:1018800090017800533f99005e3891002fee0700d9
:101890000004e00003003200f0c3b300d32c0700c3
:1018a000bc0337000000eb00302798000000eb007d
:1018b00040279800c031200000004700c2c2b3009a
:1018c000de3891003d3107000000eb004027980012
:1018d000db003700c1312000800420000e004000f2
:1018e0001000e8000000400000804000ee0078009a
:1018f0002033200000004700a2c3b3002f310700af
:10190000203320006e007800e20f500007003a00fc
:10191000603b2000be209000c208dd000080400037
:101920000080e8008040eb00017778002033200041
:101930006e007800e10f50000400340020332000d6
:101940006e007800e30f500003003400f0c3b300d2
:10195000a62c07008f0337000000eb0050279800eb
:101960000000eb0050279800a20037005e20900096
:101970000000e00010003a00203320000080e80062
:101980006e007800a20020008000eb00acc30700ce
:10199000603f9900713f99006e38910000417800d6
:1019a000603b2000be209000c208dd0000804000a7
:1019b00002777800880037005e209000e10f500029
:1019c00021003a0020332000640040006e007800bf
:1019d00091012e0085db07000000e00008003a00be
:1019e000613b20003e2090008100e8004200dd00c5
:1019f0000100400011c0b300017778007600370085
:101a000020332000640040006e007800b1012e00f9
:101a100076db07000000e00008003a00613b200090
:101a20003e2090008100e8004200dd0001004000ff
:101a30008040eb000177780067003700f0c3b30007
:101a40006a2c0700530337005e209000e20f50001d
:101a50005d003a0020332000660040006e007800f0
:101a6000d1012e0061db07000000e00008003a0011
:101a7000603b2000be209000c208dd0000804000d6
:101a80000080e80021c0b3000177780052003700e1
:101a900020332000660040006e00780001022e0016
:101aa00052db07000000e00008003a00603b200025
:101ab000be209000c208dd00008040000080e800e9
:101ac00031c0b30001777800430037002033200095
:101ad000660040006e00780031022e0043db0700f4
:101ae0000000e00008003a00603b2000be209000ab
:101af000c208dd00008040000080e80041c0b30063
:101b00000177780034003700203320006600400061
:101b10006e00780061022e0034db07000000e00058
:101b200008003a00603b2000be209000c208dd00a3
:101b3000008040000080e80051c0b30001777800c9
:101b40002500370020332000660040006e0078003a
:101b500091022e0025db07000000e00008003a009b
:101b6000603b2000be209000c208dd0000804000e5
:101b70000080e80061c0b3000177780016003700ec
:101b800020332000660040006e007800c1022e0065
:101b900016db07000000e00008003a00603b200070
:101ba000be209000c208dd00008040000080e800f8
:101bb00071c0b3000177780007003700f0c3b300ad
:101bc0000a2c0700f3023700f0c3b300072c07000c
:101bd00000000000ef023700a00420000e004000cb
:101be000a10420008e8040001108e80090007800d9
:101bf00051279800203320006e007800de209000ee
:101c0000808f500059ff3900600420000e00400012
:101c1000610420008e8040001108e8001001780067
:101c200032279800800420000e004000810420002c
:101c30008e8040001108e80090017800432798004a
:101c4000c03120006e007800ce209000808f5000c0
:101c500020ff39000000eb004027980039003700d2
:101c6000613b20004e2090004200dd00808040005b
:101c70006e8078008180e800ee807800e028070020
:101c8000e14f50000f003a00613b20004e209000d1
:101c90004200dd00008040006e4078000080fb00c4
:101ca000801f7800f0022e00801f7800a0b921006c
:101cb0003fd70700e4875700a0b92100d82b0700c1
:101cc000b4023700613b20004e2090004200dd004e
:101cd000808040006e8078008180e800ee8078008f
:101ce000d8280700e14f50000f003a00613b200068
:101cf0004e2090004200dd00008040006e407800e1
:101d00000080fb00801f7800f0022e00801f78000a
:101d1000a0b9210026d70700e4875700a0b9210009
:101d2000bf2b07009b023700800420000e004000fc
:101d3000810420008e8040001108e80090007800a7
:101d400041279800ce2090003e209000808f5000c8
:101d5000c3ff390000042e00b12b07008d023700ad
:101d6000604320007200200041042e006e007800c5
:101d7000a3c007000000e0006d003a0061432000ae
:101d8000001820000e004000810047007200200073
:101d90001108410090017800038799000e8091009e
:101da000eaec07000004e00003003200f0c3b300d7
:101db0008e2b0700770237000000eb0060279800a9
:101dc0000000eb00702798008034200000004700de
:101dd000c2c2b3008e809100f82f07000000eb0014
:101de000702798002100370081342000e004200093
:101df0000e0040001000e80000004000008040009d
:101e00006e007800a20020008000eb008cc207006a
:101e100010879900218799001e8091000041780069
:101e2000603b2000ee209000c208dd0000804000f2
:101e300002777800c00420000e004000c10420009a
:101e40008e8040001108e80090007800612798001b
:101e5000e00420000e004000e10420008e804000dd
:101e60001108e800100178007227980080342000e3
:101e70006e007800fe209000808f5000daff39005d
:101e80000040eb0000d798000000eb00702798009e
:101e9000170037000ed090000040400000d7980097
:101ea000613b20007e2090004200dd0080804000e9
:101eb0006e8078008180e800ee807800cd290700f0
:101ec0000004e000030032000ed090000004a000e7
:101ed00000d79800e00420000e004000e10420003c
:101ee0008e8040001108e800900178007327980068
:101ef000fe2090006e209000808f5000e5ff39009a
:101f0000000520000e0040001080fb00801f7800bc
:101f100030cb2d00801f7800a0b92100a4d6070087
:101f2000e4875700a0b921003d2b070019023700b4
:101f30006043200062002000c1042e006e00780083
:101f40002fc007000000e0008a003a006143200033
:101f5000601820000e004000810047006200200051
:101f60001108410090017800338799003e8091006c
:101f700076ec07000004e00003003200f0c3b30079
:101f80001a2b0700030237000000eb00102f980007
:101f90000000eb00202f9800e035200000004700f3
:101fa000c2c2b300be809100842f07000000eb0086
:101fb000202f980021003700e13520004005200047
:101fc0000e0040001000e8000000400000804000cb
:101fd0006e007800a20020008000eb0018c207000d
:101fe00040879900518799004e8091000041780008
:101ff000603b20009e289000c208dd000080400069
:1020000002777800200520000e0040002105200006
:102010008e8040001108e80090007800112f980091
:10202000400520000e004000410520008e80400049
:102030001108e80010017800222f9800e0352000f8
:102040006e007800ae289000808f5000daff3900d3
:102050000000eb00202f980041003700613b20007a
:102060002e2890004200dd00808040006e807800c5
:102070008180e800ee807800e1270700e14f500002
:102080000f003a00613b20002e2890004200dd0046
:10209000008040006e4078000080fb00801f7800c8
:1020a000f0022e00801f7800a0b9210040d6070062
:1020b000e4875700a0b92100d92a07002100370082
:1020c000613b20002e2890004200dd00808040000f
:1020d0006e8078008180e800ee8078004529070056
:1020e000404f9b002e2890000000e0000a003a00bc
:1020f000c01820000e0040001080fb00801f7800f8
:1021000060f02d00801f7800a0b9210028d60700bc
:10211000e487570009003700c01820000e00400077
:102120001080fb00801f780030052e00801f780093
:10213000a0b921001ed60700e4875700a0b92100ee
:10214000b72a0700400520000e004000410520008e
:102150008e8040001108e80090017800232f98003d
:10216000ae2890001e289000808f5000bbff3900e1
:1021700088013700604320006200200081052e00a6
:102180006e0078009ebf07000000e0008c003a005f
:1021900061432000e01820000e004000810047004d
:1021a00062002000110841009001780073879900b7
:1021b0007e809100e5eb07000004e00003003200a0
:1021c000f0c3b300892a0700720137000000eb005a
:1021d000302f98000000eb00402f9800403720007f
:1021e00000004700c2c2b300fe809100f32e07003a
:1021f0000000eb00402f98002100370041372000fd
:10220000800520000e0040001000e80000004000a3
:10221000008040006e007800a20020008000eb00eb
:1022200087c10700008f9900118f99000e889100d7
:1022300000417800603b2000be289000c208dd000d
:102240000080400002777800600520000e0040000a
:10225000610520008e8040001108e80090007800a1
:10226000312f9800800520000e00400081052000dd
:102270008e8040001108e80010017800422f98007d
:10228000403720006e007800ce289000808f5000ec
:10229000daff39000040eb0040579b000000eb00e4
:1022a000402f980041003700613b20004e289000ed
:1022b0004200dd00808040006e8078008180e80070
:1022c000ee8078004e270700e14f50000f003a00e3
:1022d000613b20004e2890004200dd00008040005d
:1022e0006e4078000080fb00801f7800f0022e0016
:1022f000801f7800a0b92100add50700e487570002
:10230000a0b92100462a070021003700613b2000c8
:102310004e2890004200dd00808040006e807800f2
:102320008180e800ee8078009c28070040579b00e1
:102330004e2890000000e0000a003a0040192000fa
:102340000e0040001080fb00801f780060f02d0020
:10235000801f7800a0b9210095d50700e4875700b9
:1023600009003700401920000e0040001080fb00db
:10237000801f780030052e00801f7800a0b9210052
:102380008bd50700e4875700a0b92100242a070055
:10239000800520000e004000810520008e80400056
:1023a0001108e80090017800432f9800ce28900093
:1023b0003e289000808f5000bbff3900f5003700a9
:1023c00060432000f1052e006e00780007d9070059
:1023d0000000e00003003a0099160700d21607003b
:1023e000ec0037006043200071062e006e0078007c
:1023f000fed807000000e00003003a00ca160700fc
:102400008f160700e30037006043200062002000c1
:10241000f1062e006e007800f9be07000000e00013
:10242000d1003a0061432000601920000e004000f6
:1024300081004700620020001108410090017800ef
:10244000338f99003e88910040eb07000004e000c4
:1024500003003200f0c3b300e4290700cd003700c9
:102460000000eb00502f98000000eb00602f980058
:10247000a038200000004700c2c2b300be8891000f
:102480004e2e07000000eb00602f98006e00370012
:10249000a1382000c00520000e0040001000e80018
:1024a0000000400000804000ee007800003a20006c
:1024b00000004700a2c3b300402e0700003a2000ee
:1024c0006e007800e20f500003003200f0c3b3004a
:1024d000c6290700af0037000000eb00702f9800fe
:1024e0000000eb00702f9800440037007e28900019
:1024f0000000e00010003a00003a20000080e800f0
:102500006e007800a20020008000eb00ccc0070025
:10251000408f9900518f99004e88910000417800ba
:10252000603b2000de289000c208dd0000804000f3
:10253000027778002a0037007e289000e10f5000d3
:1025400023003a00003a2000640040006e0078004a
:1025500061072e00a5d807000000e00009003a003e
:10256000613b20005e2890008100e8004200dd0011
:10257000010040000080e8008040eb000177780017
:1025800017003700003a2000640040006e00780019
:1025900081072e0095d807000000e00009003a00ee
:1025a000613b20005e2890008100e8004200dd00d1
:1025b000010040000080e80011c0b30001777800fe
:1025c00007003700f0c3b300882907007100370007
:1025d000f0c3b30085290700000000006d0037003c
:1025e000e00520000e004000e10520008e80400044
:1025f0001108e80090007800712f9800003a200040
:102600006e007800fe289000808f5000b7ff3900e0
:10261000a00520000e004000a10520008e80400093
:102620001108e80010017800522f9800c005200022
:102630000e004000c10520008e8040001108e80017
:1026400090017800632f9800a03820006e00780079
:10265000ee289000808f50008dff39000000eb00c5
:10266000602f980039003700613b20006e289000f1
:102670004200dd00808040006e8078008180e800ac
:10268000ee8078005e260700e14f50000f003a0010
:10269000613b20006e2890004200dd000080400079
:1026a0006e4078000080fb00801f7800f0022e0052
:1026b000801f7800a0b92100bdd40700e48757002f
:1026c000a0b921005629070032003700613b2000e5
:1026d0006e2890004200dd00808040006e8078000f
:1026e0008180e800ee80780062270700e14f50000b
:1026f0000f003a00613b20006e2890004200dd0090
:10270000008040006e4078000080fb00801f780051
:10271000f0022e00801f7800a0b92100a4d4070089
:10272000e4875700a0b921003d29070019003700b0
:10273000c00520000e004000c10520008e80400032
:102740001108e80090007800612f9800ee289000b2
:102750005e289000808f5000c3ff390000042e00d7
:102760002f2907000b003700f0c3b3001f29070013
:1027700000000000070037000000000005003700df
:1027800000000000030037000000000001003700d7
:10279000000000004f0478000080fa0000000600ee
:1027a000be00fa00889fbe008a9fbe00209f98004e
:1027b00032002000a1072e002e98900010be0700c6
:1027c0000000e00043003a0066004700410b200093
:1027d0008e804000320020001108410090017800f6
:1027e000330798003e009000eabd0700004f9800b4
:1027f0003e00900036ea07000004e00003003200cb
:10280000f0c3b300f9280700ba0637000e4890005d
:10281000e14f50002b003a00a20020008000eb00a6
:102820003e00900006c0070050079800610798001e
:102830005e009000ee009000e00f5000e08f580026
:10284000070032005e019000ee01900010002000b1
:1028500001002000800f5100818f590016003a00be
:102860005e009000ee009000e00f5000e08f5800f6
:1028700004003a00601d21008040eb006150980088
:102880000a0037005e019000ee0190001000200069
:1028900001002000800f5100818f590003003a0091
:1028a000601d210011c0b3006150980010c72d00b9
:1028b000db2807008f063700f0c3b300cb280700e2
:1028c0008c063700b61d070010c72d00d42807005e
:1028d0008806370032002000e1072e002e98900075
:1028e000c7bd07000000e0003e003a006e00470050
:1028f000410b20008e80400034002000110842006f
:1029000090027800750798007e009000a1bd070036
:10291000005798007e009000ede907000004e000f9
:1029200003003200f0c3b300b0280700710637007f
:102930000e509000e14f500027003a00a200200006
:102940008000eb007e009000bdbf0700100f9800d4
:10295000210f98001e089000ae089000e00f500074
:10296000e08f5800070032001e099000ae09900069
:102970001000200001002000800f5100818f5900bd
:1029800012003a001e089000ae089000e00f5000c0
:10299000e08f580002003a000d1d070008003700c4
:1029a0001e099000ae0990001000200001002000d8
:1029b000800f5100818f590001003a000b1d070064
:1029c00060c52d00962807004a063700f0c3b30003
:1029d0008628070047063700f0c3b30083280700a6
:1029e0004406370021082e002e9890007fd707005c
:1029f0000000e00003003a0060082e00882807006d
:102a00003c0637003200200031092e002e9890003d
:102a10007bbd07000000e0003e003a007600470062
:102a2000410b20008e804000320020001108410040
:102a300090017800330f98003e08900055bd0700c4
:102a4000005f98003e089000a1e907000004e00044
:102a500003003200f0c3b3006428070025063700e6
:102a60000e589000e14f500027003a00a2002000cd
:102a70008000eb003e08900071bf0700500f9800e7
:102a8000610f98005e089000ee089000e00f500083
:102a9000e08f5800070032005e099000ee099000b8
:102aa0001000200001002000800f5100818f59008c
:102ab00012003a005e089000ee089000e00f50000f
:102ac000e08f580002003a00da1c070008003700c7
:102ad0005e099000ee099000100020000100200027
:102ae000800f5100818f590001003a00d81c070067
:102af00060c52d004a280700fe053700f0c3b3006b
:102b00003a280700fb053700f0c3b3003728070059
:102b1000f805370071092e002e98900033d7070072
:102b20000000e00004003a000506070060c52d0023
:102b30003b280700ef053700c1092e002e989000b2
:102b40002ad707000000e00004003a0040062000f9
:102b5000352d07000000fe00e6053700010a2e00b3
:102b60002e98900021d707000000e00006003a00f0
:102b700041782100a0b9210028d70700a0b9210081
:102b800027280700db053700510a2e002e989000f9
:102b900016d707000000e0000a003a00007e21007e
:102ba00040c89000e14f400003003a00f0c3b3007a
:102bb0000e280700cf053700d08221001828070013
:102bc000cc05370042002000a10a2e002e9890006c
:102bd0000bbd07000000e00028003a007e0047001f
:102be000410b20008e80400044002000110842006c
:102bf00090027800750f98007e089000e5bc0700f1
:102c0000006798007e08900050e907000004e0008b
:102c100003003200f0c3b300f4270700b505370006
:102c20000e609000ec4f500011003a00007e210031
:102c300040c890000004e0000a003200007e21003d
:102c40008040eb0041c89800fe089000d08221002f
:102c5000f2d60700b810070010c72d00f0270700b4
:102c6000a4053700f0c3b300e0270700a105370033
:102c7000f0c3b300dd2707009e0537005200200097
:102c8000f10a2e002e989000ddbc07000000e00045
:102c900002003a00010a07009605370052002000a2
:102ca000510b2e002e989000d5bc07000000e000cc
:102cb00004003a000307070060c52d00d82707006d
:102cc0008c05370062002000b10b2e002e9890007a
:102cd000cbbc07000000e00003003a00200c2e00ef
:102ce000cf2707008305370052002000c10c2e00bb
:102cf0002e989000c2bc07000000e00004003a00db
:102d000042110700200d2e00c52707007905370066
:102d100042002000b10d2e002e989000b8bc070094
:102d20000000e00014003a00200220000e004000e5
:102d3000410b20008e80400042002000110841001d
:102d400090017800131798001e109000ffe807000c
:102d50000004e00003003200f0c3b300a327070023
:102d6000640537001e1090002b0a070060c52d0077
:102d7000ab2707005f05370052002000010e2e0030
:102d80002e9890009ebc07000000e000590532001c
:102d9000610e2e002e98900094d607000000e000ef
:102da00006003a00601d210011c0b30041609a0086
:102db00010c72d009a2707004e053700420020005b
:102dc000b10e2e002e9890008dbc07000000e00090
:102dd00032003a00400220000e004000410b20006b
:102de0008e804000440020001108420090027800cc
:102df000251798002e109000b5e807000004e000a9
:102e000003003200f0c3b30078270700390537000c
:102e1000a20020008000eb002e10900088be07006a
:102e200030179800411798003e109000ce10900087
:102e3000e00f5000e08f58000e0032003e1190006d
:102e4000ce1190001000200001002000800f5100e2
:102e5000818f5900070032003e119000ce11900082
:102e60002000200001002000800f5100818f5900b8
:102e700007003a003e10900080407800601d21005d
:102e800051609a0010c72d0065270700190537000b
:102e9000f0c3b300552707001605370032002000a5
:102ea000010f2e002e98900055bc07000000e00096
:102eb00034003a00a00220000e004000410b200028
:102ec0008e804000320020001108410090017800ff
:102ed000531798005e1090002ebc0700406f9800ba
:102ee0005e1090007ae807000004e0000300320062
:102ef000f0c3b3003d270700fe0437004e68900082
:102f0000e14f50001c003a00a20020008000eb00be
:102f10005e1090004abe070070179800011f9800cd
:102f20007e1090008e189000e00f5000e08f580047
:102f3000070032007e1190008e19900010002000d2
:102f400001002000800f5100818f590007003a00d6
:102f50007e10900080407800601d21004150980054
:102f600010c72d002e270700e2043700f0c3b3007e
:102f70001e270700df043700f0c3b3001b2707003c
:102f8000dc043700410f2e002e98900017d6070062
:102f90000000e00006003a00601d21008040eb00c8
:102fa00041609a0010c72d001d270700d10437008b
:102fb00032002000910f2e002e98900010bc0700c8
:102fc0000000e00039003a00200320000e0040001d
:102fd000410b20008e804000340020001108420088
:102fe00090027800151f98001e189000e9bb07009a
:102ff000407798001e18900035e807000004e000b4
:1030000003003200f0c3b300f8260700b90437000c
:103010004e709000e14f500021003a00a2002000c5
:103020008000eb001e18900005be0700301f9800be
:10303000411f98003e189000ce189000e00f5000fd
:10304000e08f580006003a00601d210011c0b30057
:1030500061609a0010c72d00f1260700a504370013
:103060003e199000ce1990001000200001002000b1
:10307000800f5100818f590006003a00601d210029
:103080008040eb0061609a0010c72d00e426070025
:1030900098043700f0c3b300d42607009504370026
:1030a000f0c3b300d126070092043700420020008d
:1030b000d10f2e002e989000d1bb07000000e00039
:1030c00043003a00a00320000e004000410b200006
:1030d0008e804000420020001108410090017800dd
:1030e000531f98005e189000aabb0700407f98000d
:1030f0005e18900015e807000004e00003003200ad
:10310000f0c3b300b92607007a0437004e78900068
:103110000004e0002b003200020120008000eb00e0
:103120005e189000c6bd0700701f98000127980028
:103130004e789000e34f500007003a007e1a90004e
:103140008e229000b48f8800c58f880010c72d0094
:10315000b3260700670437004e789000e64f500012
:1031600015003a001290800023908000fe18900015
:103170000e209000010278008080eb008100620048
:10318000319f980080007800f00f200000806000e0
:10319000409f98003e9a9000ce9a900004007100e3
:1031a00085807100109088002190880010c72d0044
:1031b0009b2607004f043700f0c3b3008b2607009f
:1031c0004c043700f0c3b3008826070049043700d9
:1031d0003200200021102e002e98900088bb07009e
:1031e0000000e00034003a00200420000e004000ff
:1031f000410b20008e8040003500200011884200e5
:1032000090007800112798001e20900061bb0700f5
:1032100040c798001e209000ade707000004e000c2
:1032200003003200f0c3b3007026070031043700fa
:103230004ec09000e14f50001c003a00a200200058
:103240008000eb001e2090007dbd07003027980015
:10325000412798003e209000ce209000e00f5000c3
:10326000e08f5800070032003e219000ce219000f0
:103270001000200001002000800f5100818f5900b4
:1032800007003a003e20900080407800601d210039
:103290005150980010c72d00612607001504370013
:1032a000f0c3b3005126070012043700f0c3b30087
:1032b0004e2607000f0437004200200061102e0048
:1032c0002e9890004ebb07000000e0002f003a004f
:1032d000a00420000e004000410b20008e80400022
:1032e0004200200011084100900178005327980007
:1032f0005e20900027bb070040cf98005e20900022
:1033000092e707000004e00003003200f0c3b300be
:1033100036260700f70337004ec89000e24f5000f2
:1033200017003a00020120008000eb005e209000b0
:1033300043bd070070279800012f98007e21900060
:103340008e299000f00f200001002000800f510016
:10335000818f590007003e007e2090008040780059
:10336000606f21007178990010c72d002c2607008e
:10337000e0033700f0c3b3001c260700dd0337006d
:10338000f0c3b30019260700da033700520020000b
:10339000b1102e002e98900019bb07000000e0002d
:1033a0005d003a00200520000e004000410b200087
:1033b0008e804000540020001108420090027800e6
:1033c000152f98001e289000f2ba070040d79800e9
:1033d0001e2890005de707000004e00003003200b3
:1033e000f0c3b30001260700c20337004ed090009f
:1033f000e14f500045003a00020120008000eb0040
:103400001e2890000ebd0700302f9800412f980015
:103410003e289000ce289000e00f5000e08f58002a
:1034200018003a00601d21008040eb0051589800c0
:10343000601d21008040eb0071509800601d21004c
:1034400011c0b30001589800601d210011c0b300e5
:1034500011589800601d210011c0b3002158980038
:10346000601d21008040eb0041589800601d210044
:103470008040eb003158980010c72d00e825070068
:103480009c0337003e299000ce29900010002000b8
:1034900001002000800f5100818f590018003a0070
:1034a000601d210011c0b30051589800601d21001b
:1034b00011c0b30071509800601d21008040eb00e6
:1034c00001589800601d21008040eb0011589800c1
:1034d000601d21008040eb0021589800601d2100f4
:1034e00011c0b30041589800601d210011c0b30005
:1034f0003158980010c72d00c92507007d033700fb
:10350000f0c3b300b92507007a033700f0c3b30056
:10351000b6250700770337005200200011112e0056
:103520002e989000b6ba07000000e0003d003a0077
:10353000a00520000e004000410b20008e804000be
:10354000520020001108410090017800532f98008c
:103550005e2890008fba070040df98005e28900038
:10356000dbe607000004e00003003200f0c3b30014
:103570009e2507005f0337004ed89000e14f5000b2
:1035800025003a00a20020008000eb005e28900099
:10359000abbc0700702f9800013798007e28900080
:1035a0008e309000e00f5000e08f580008003a0085
:1035b000611d210010502000008040008040eb0081
:1035c0000148780010c72d009525070049033700f2
:1035d0007e2990008e319000100020000100200014
:1035e000800f5100818f590008003a00611d2100b1
:1035f000105020000080400011c0b3000148780046
:1036000010c72d00862507003a033700f0c3b3002a
:103610007625070037033700f0c3b3007325070092
:10362000340337004200200071112e002e989000c4
:1036300073ba07000000e00056003a0020062000a0
:103640000e004000410b20008e804000440020000e
:103650001108420090027800153798001e30900043
:10366000bae607000004e00003003200f0c3b30034
:103670005e2507001f0337001e30900045ba070083
:1036800040e79800020120008000eb001e3090000f
:103690006bbc070030379800413798004ee090002f
:1036a000e34f50001f003a00be3090004e309000b3
:1036b00001017800f17f200081006100519f980096
:1036c000c10b20008e804000e00860005e999000f1
:1036d000ee999000d28f8800e38f88005090800090
:1036e00061908000f68f8000079080003490800009
:1036f00045908000d88f8000e98f8000621d2100f6
:10370000625d9000809fbe000801be000a40780004
:1037100067100700e487570010c72d0040250700f9
:10372000f40237004ee09000e84f500016003a00d7
:103730003e329000ce329000349088004590880050
:103740005090800061908000f68f8000079080008c
:103750003490800045908000d88f8000e98f8000f1
:10376000621d2100625d9000809fbe000801be00c6
:103770000a4078004e100700e487570010c72d005c
:1037800027250700db023700f0c3b3001725070029
:10379000d802370042002000c1112e002e98900060
:1037a00017ba07000000e00051003a00a006200010
:1037b0000e004000410b20008e804000450020009c
:1037c0001188420090007800513798005e309000d8
:1037d0005ee607000004e00003003200f0c3b3001f
:1037e00002250700c30237005e309000e9b90700e8
:1037f00040ef9800020120008000eb005e30900056
:103800000fbc070070379800013f98004ee8900009
:10381000e34f50001a003a00fe3090000e3890003e
:1038200001017800f17f200001056100e0056000e2
:10383000fa8f88000b908800509080006190800083
:10384000f68f8000079080003490800045908000c3
:10385000d88f8000e98f8000621d2100625d90009a
:10386000809fbe000801be000a40780010100700cb
:10387000e487570010c72d00e92407009d02370098
:103880004ee89000e84f500016003a007e3190005c
:103890008e3990005290880063908800509080008c
:1038a00061908000f68f8000079080003490800047
:1038b00045908000d88f8000e98f8000621d210034
:1038c000625d9000809fbe000801be000a40780043
:1038d000f70f0700e487570010c72d00d02407001a
:1038e00084023700f0c3b300c02407008102370010
:1038f0004200200011122e002e989000c0b907003f
:103900000000e0003f003a00200720000e004000c9
:10391000410b20008e8040004300200011884100b0
:1039200010027800143f98001e38900099b90700e3
:1039300040f798001e38900004e607000004e000fd
:1039400003003200f0c3b300a82407006902370067
:103950004ef09000e24f500027003a000201200094
:103960008000eb001e389000b5bb0700303f980088
:10397000413f98003e399000ce399000f001200080
:1039800001002000800f5100818f590017003e0078
:103990001090800021908000800178000081eb0071
:1039a0000284610081007800f00f200080846000b4
:1039b0001890880029908800129080002390800041
:1039c0003e389000ce389000c800dd000000200096
:1039d00000007100818071001090880021908800a3
:1039e00010c72d008e24070042023700f0c3b30039
:1039f0007e2407003f023700f0c3b3007b2407009a
:103a00003c0237005200200061122e002e989000d8
:103a10007bb907000000e00091003a00400b200055
:103a20000e00400055002000108f42001e0078005c
:103a300058b9070020ff9800180037001e007800d2
:103a400090407800f0c2b30080cf500005003400f1
:103a50001e0078009040780090c3b30080cf5000e3
:103a60000d0034001e0078009040780000c4b300c0
:103a700080cf5000050034001e0078009040780090
:103a800060c4b30080cf5000030034001e007800f3
:103a900001c3b300014878001e0fe8001e00780043
:103aa000104078000004e000e4ff3a00a007200086
:103ab0000e0040001080fb000000ea001e0f4000d6
:103ac0001e007800a1e507000004e00003003200ba
:103ad000f0c3b300452407000602370002012000ae
:103ae0008000eb001e00780055bb0700603f980087
:103af000713f98002ef89000e34f50001a003a00f2
:103b00006e399000fe399000d28f8800e38f8800d4
:103b10006e3a9000fe3a9000f48f8800059088007d
:103b20005090800061908000f68f800007908000a8
:103b30003490800045908000d88f8000e98f80000d
:103b4000621d2100625d9000809fbe000801be00e2
:103b50000a407800560f0700e487570010c72d0071
:103b60002f240700e30137002ef89000e84f5000a3
:103b70001a003a006e399000fe39900032908800a9
:103b8000439088006e3a9000fe3a9000549088006e
:103b9000659088005090800061908000f68f8000d2
:103ba000079080003490800045908000d88f80007e
:103bb000e98f8000621d2100625d9000809fbe0041
:103bc0000801be000a407800390f0700e48757005b
:103bd00010c72d0012240700c6013700807e200088
:103be00001002000d08f8800e18f880010112f0085
:103bf000a18d21003090880041908800f0ff2000c6
:103c000001002000f08f8800019088006000b8005b
:103c100050908800619088005090800061908000f2
:103c2000f68f8000079080003490800045908000df
:103c3000d88f8000e98f8000621d2100625d9000b6
:103c4000809fbe000801be000a407800180f0700e0
:103c5000e487570010c72d00f1230700a5013700a6
:103c6000c1122e002e989000e0d207000000e00064
:103c700013003a00b10a20008e804000a00a200004
:103c80000e0040002e1307002e6891008080fb007c
:103c90003e6891000080fb00811f7800801f780043
:103ca00010132e00801f7800a0b9210040cf07001c
:103cb000e6875700a0b92100d92307008d013700fe
:103cc00062002000e1132e002e989000ccb807006f
:103cd0000000e00081003a00000820000e004000d3
:103ce000410b20008e8040006500200011884200ba
:103cf00090007800018798000e80900013e507007f
:103d00000004e00003003200f0c3b300b723070053
:103d1000780137000e8090009eb807002047990078
:103d20002e409100614060000004e00003003a0072
:103d30002e409100ea4f500003003600f0c3b3005c
:103d4000aa2307006b013700f00a2000000147009a
:103d5000040009000059eb000040eb0020479800e8
:103d60000000eb00200798002d0037002e40900047
:103d70008040e800214798000080fb0001082000f7
:103d80008e80400011004000104078008040780094
:103d9000c00a2000017778002e4090008040e800a3
:103da000214798000080fb00010820008e80400021
:103db000110040001040780080407800c00a2000c8
:103dc0000000e80001777800c00a20000080e800c9
:103dd0008040eb0001777800c00a20000e00400010
:103de000020120008000eb0095ba070020879800b0
:103df000318798002e80900000417800f00a200062
:103e0000e40047001100400002777800640047009a
:103e1000e40047001108e8009001780023079800ab
:103e2000200820000e0040001080fb000000d100a0
:103e3000004078000080fb00ae009000808f5000b2
:103e4000caff35000040eb00204798001d003700f6
:103e50000e80e8001080fb00ae009000808f5000c4
:103e60000d0034000e80e8001081fb000e80e80099
:103e70001080fb00f10a2000810041006ec1780033
:103e8000611d210080804000604f200000804000c4
:103e900002487800080037000e80e8001080fb0020
:103ea000611d210080804000604f200000804000a4
:103eb0008040eb00014878002e4090000040e80070
:103ec000204798002e409000e44f5000e0ff36005d
:103ed00010c72d00522307000601370062002000a2
:103ee00051142e002e98900045b807000000e00005
:103ef00028003a00800820000e004000410b2000fe
:103f00008e8040006400200011084200900278007a
:103f1000458798004e8090008ce407000004e00084
:103f200003003200f0c3b30030230700f100370074
:103f30004e80900017b80700204f99002e4891003e
:103f4000e34f5000030032002e489100e84f50002c
:103f50000d003a00020120008000eb004e8090002e
:103f600037ba070060879800718798006e819000cb
:103f7000fe81900092b68800a3b6880010c72d007d
:103f800027230700db003700f0c3b3001723070027
:103f9000d800370062002000c1142e002e98900037
:103fa00017b807000000e0004c003a0000092000ac
:103fb0000e004000410b20008e8040006300200076
:103fc0001188410010027800048f98000e8890003c
:103fd000f0b70700205799000e8890003ce40700d6
:103fe0000004e00003003200f0c3b300ff2207002a
:103ff000c00037002e509100e14f500034003a00cd
:10400000020120008000eb000e8890000cba07002f
:10401000208f9800318f98002e889000be889000e5
:10402000e00f5000e08f580008003a00611d2100a9
:1040300000502000008040008040eb0001487800e4
:1040400010c72d00f6220700aa0037002e89900025
:10405000be8990001000200001002000800f510058
:10406000818f590008003a00611d21000050200096
:104070000080400011c0b3000148780010c72d0037
:10408000e72207009b0037002e899000be89900030
:104090002000200001002000800f5100818f590076
:1040a00008003a00611d21000050200000804000ff
:1040b00011c0b3000148780010c72d00d8220700b6
:1040c0008c003700f0c3b300c82207008900370016
:1040d000f0c3b300c522070086003700420020006d
:1040e00031152e002e989000c5b707000000e000a3
:1040f0003b003a00800920000e004000410b2000e8
:104100008e80400045002000118842009000780019
:10411000418f98004e8890000ce407000004e000f6
:1041200003003200f0c3b300b02207007100370073
:104130004e88900097b70700205f99002e58910095
:10414000e44f500023003a00020120008000eb0001
:104150004e889000bab90700608f9800718f980060
:104160006e889000006799006e889000fe8890002d
:104170004809dd004800de0000007100c808de00cc
:10418000106799008e60910000c2b30080cf50008c
:1041900003003600f0c3b300942207005500370037
:1041a000611d210020502000008040009e61910090
:1041b00003487800611d210030502000008040003d
:1041c0000e6291000448780010c72d009422070069
:1041d00048003700f0c3b3008422070045003700d1
:1041e0005200200081152e002e98900084b7070001
:1041f0000000e0003f00320032002000e1152e00f8
:104200002e9890007eb707000000e00036003a00cc
:10421000200a20000e004000410b20008e8040004c
:104220003500200011884200900078001197980016
:104230001e90900057b70700406799001e909000ad
:10424000a3e307000004e00003003200f0c3b30062
:1042500066220700270037004e609100e14f5000b2
:104260001e003a00a20020008000eb001e9090008b
:1042700073b9070030979800419798003e909000de
:10428000ce909000e00f5000e08f58000700320001
:104290003e919000ce91900010002000010020007f
:1042a000800f5100818f590009003a003e90900024
:1042b00000417800611d2100405020000080400036
:1042c0000248780010c72d0055220700090037006a
:1042d000f0c3b3004522070006003700f0c3b30067
:1042e0004222070003003700f0c3b3003f2207005b
:1042f00000003700000000004f05be004f04be0064
:104300000080fa00000006000200fa00000f7800aa
:104310001e0078008de307000004e0000300320077
:10432000f0c3b30031220700020037001e007800fe
:104330000e000700000000000080fa0000000600e8
:104340000000fa00211607009d0807000000000089
:104350000080fa00000006000000fa005901070082
:10436000000000000080fa00000006001e00fa00b5
:10437000600f98006e08900006b70700604798002d
:104380006e409000e14f5000040036006e409000f7
:10439000614060000004e0000300320020162e009f
:1043a0001f22070013013700800020008000470013
:1043b000030009008018eb00000120000001470005
:1043c000030009000019eb000040eb00005f9800bb
:1043d000660047001080fb000000d1007047980085
:1043e0007e409000e84f500003003600a0172e00da
:1043f0000b220700ff0037000040eb00004f780061
:10440000200037001e80fb0000004000fc00470039
:104410001100400090407800900120000177780062
:104420001e80fb00000040000000e800fc00470088
:104430001100400090407800900120000000e8004a
:1044400001777800900120000080e8008040eb00b8
:104450000177780079004700020120008000eb001e
:10446000f7b807009e80fb00004178008000200024
:1044700000804000027778001e4078000040e8008d
:10448000004f78007e4090009e40780080cf500022
:10449000dcff3900601d210040609200e14f5000b8
:1044a0001a003a00670047001080fb00e800470050
:1044b00046062000800278000102780001082000f2
:1044c000123f2300b38d2100f07d2000560f07001e
:1044d000601d2100606092000004e00024003a00aa
:1044e000f800470070004700163f2300b78d2100f9
:1044f000f47d200043062000010178008000780050
:1045000000082000dd0f070019003700601d2100a2
:10451000406092000004e00015003a006800470087
:10452000077d20007e4390008002780004c8b3001d
:10453000123f2300b38d2100f07d200001002000f8
:104540007e0d0700601d2100606092000004e00005
:1045500007003a00f800470070004700037d200084
:104560000101780080007800000820006e0e07002e
:10457000601d2100606092000004e0009d003a0090
:10458000601d210050589000e14f500060003a003b
:10459000601d210040509000e14f50005c0032004f
:1045a0000e5890000080fb00801f7800c0192e007c
:1045b000801f7800a0b92100fdcc0700e4875700d8
:1045c000a0b9210096210700601d210050509000e5
:1045d000e14f500002003a0000c2b30083210700ff
:1045e000601d210010509000e14f500002003a0081
:1045f000101a2e008a210700401a2e008821070079
:1046000010c0b30010479800100020001007980059
:10461000390037009e0090007000200000017800f3
:10462000110009008200d8008000fd000000e000b9
:1046300019003a00601d210010509000e14f500019
:1046400002003a00a0c0b300682107000e00e80095
:104650001080fb00801f7800801a2e00801f7800d9
:10466000a0b92100d2cc0700e4875700a0b92100ef
:104670006b2107001e4090000040e80010479800a2
:10468000601d210050509000e14f500002003a00a0
:1046900000c2b30055210700000120008e80e80011
:1046a000110040006e4078000080fb00801f780001
:1046b000d01a2e00801f7800a0b92100bccc0700c2
:1046c000e4875700a0b9210055210700601d210093
:1046d00050509000e14f500002003a0000c2b30079
:1046e000422107000e80e8008e80e8001108e800f3
:1046f00090007800110798000e5890000080fb0091
:104700009e009000808f5000c2ff340039003700b7
:10471000601d210060509000e14f500015003a00ec
:10472000601d210040509000e14f500011003a0000
:10473000000120006e4078000080fb00801f7800a0
:10474000d01a2e00801f7800a0b9210098cc070055
:10475000e4875700a0b9210031210700601d210026
:1047600050509000e14f500002003a0000c2b300e8
:104770001e210700100020002007980018003700b5
:1047800000012000e4004700110040006e40780066
:104790000080fb00801f7800d01a2e00801f780058
:1047a000a0b9210082cc0700e4875700a0b92100fe
:1047b0001b210700601d210050509000e14f500068
:1047c00002003a0000c2b30008210700640047005d
:1047d000e40047001108e800100178002207980063
:1047e0000e5890000080fb00ae009000808f5000bb
:1047f000e3ff34000080fa00000006000600fa0023
:10480000200798000000eb00000f78000e00370032
:104810000000eb00100798000600370000000000c1
:104820000e80e8008e80e8001108e8009000780013
:10483000110798009e009000300b2000808f5000e0
:10484000f6ff36001e0fe8002e0090009e00780054
:10485000808f5000eeff3900000000000080fa0059
:10486000000006000000fa00ffff37000000fa0019
:10487000ffff37000000fa0001002d0000102000ab
:104880000101780080007800020078001f240700f2
:10489000008488001184880001802d000010200011
:1048a00001017800800078000200780017240700da
:1048b0002084880031848800000000000080fa0015
:1048c000000006000200fa00eaff07005005200081
:1048d000a10a200099230700008480001184800031
:1048e000c523070088f0b70088d0bf00614068008a
:1048f0000004e00001003200daff07000000eb00d6
:10490000000f7800700037001e007800e300b90047
:10491000213c2e00e300b9000080400010407800e8
:104920000080fb008000eb00c002dd0004002000de
:104930001e007800e300b900213c2e00e300b9001e
:104940000000e80000804000104078000080fb007c
:104950008000eb004809dd00c801de008301710022
:104960004801dd0002027200838272001e0078009e
:10497000e300b9000000e800213c2e00e300b9008c
:1049800000804000104078000080fb008000eb00b9
:104990001e01780002014100000272008182720053
:1049a000c210dd00009b2100008040000488be0092
:1049b0001e007800e300b9008000e800203c2e00d3
:1049c000e309b9008200e8000100400010407800cf
:1049d0000080fb008000eb00c002dd00040020002e
:1049e0001e007800e300b9000080e800213c2e00a2
:1049f000e300b90000804000104078000080fb0018
:104a00008000eb004809dd00c801de008301710071
:104a10004801dd0002027200838272001e007800ed
:104a2000e300b9008080e800203c2e00e309b900d3
:104a30008200e80001004000104078000080fb0088
:104a40008000eb001e017800020141000201e80035
:104a50000002720081827200c210dd00009b210002
:104a6000008040000488be001e0078000000400066
:104a70000000e800c200dd00009b21000080400033
:104a800010027800900290001e00780000004000a4
:104a9000c200dd00009b2100008040001001780072
:104aa000900190001e0078004200dd006100b90016
:104ab00006848000178480000000430081804b0042
:104ac0005b2307001e0fe8001e007800ef0f500068
:104ad0008dff34001e230700000000000080fa0054
:104ae000000006000e00fa005007980061079800c9
:104af00060ff070050052000a10a20000f230700d7
:104b0000b1452e005e00900038cf07000000e000a5
:104b100072003a000000eb00000f78006c003700d4
:104b20001e007800e600b900ec00470011004000cc
:104b3000104078000000fb00cf80de00c002dd00e6
:104b4000040020001e007800e600b9000000e80024
:104b5000ec00470011004000104078000000fb000e
:104b6000cf80de004809dd00c801de00830171004e
:104b70004801dd0002027200838272001e0078008c
:104b8000e600b9000080e800ec004700110040009a
:104b9000104078000000fb00cf80de001e0178008e
:104ba000020141000002720081827200c210dd0029
:104bb000009b2100008040000488be001e00780099
:104bc000e600b90063004000ec004700110040001f
:104bd000104078000000fb00cf80de00c002dd0046
:104be000040020001e007800e600b90064004000c8
:104bf000ec00470011004000104078000000fb006e
:104c0000cf80de004809dd00c801de0083017100ad
:104c10004801dd0002027200838272001e007800eb
:104c2000e600b90065004000ec00470011004000bc
:104c3000104078000000fb00cf80de001e017800ed
:104c4000020141000201e80000027200818272004c
:104c5000c210dd00009b2100008040000488be00df
:104c60001e007800000040000000e800c200dd00e7
:104c7000009b21000080400010027800900290000c
:104c80001e00780000004000c200dd00009b2100f3
:104c90000080400010017800900190001e00780014
:104ca0004200dd006100b9000684800017848000a6
:104cb0000003430081834b004004200001002000da
:104cc0000600400087804800d92207001e0fe80038
:104cd0001e007800e10f500091ff340011462e00b5
:104ce0005e009000c1ce07000000e00076003a00b0
:104cf0000000eb0010079800700037001e009000c5
:104d0000e600b900ec0047001100400010407800b8
:104d10000000fb00cf80de00c002dd0004002000a8
:104d20001e009000e600b9000000e800ec0047001b
:104d300011004000104078000000fb00cf80de0032
:104d40004809dd00c801de00830171004801dd0073
:104d500002027200838272001e009000e600b90019
:104d60000080e800ec00470011004000104078008f
:104d70000000fb00cf80de001e0190000201410018
:104d80000002720081827200c210dd00009b2100cf
:104d9000008040000488be001e009000e600b900bc
:104da00063004000ec004700110040001040780014
:104db0000000fb00cf80de00c002dd000400200008
:104dc0001e009000e600b90064004000ec004700bf
:104dd00011004000104078000000fb00cf80de0092
:104de0004809dd00c801de00830171004801dd00d3
:104df00002027200838272001e009000e600b90079
:104e000065004000ec0047001100400010407800b1
:104e10000000fb00cf80de001e0190000201410077
:104e20000201e8000002720081827200c210dd00ff
:104e3000009b2100008040000488be001e009000fe
:104e4000000040000000e800c200dd00009b2100df
:104e50000080400010027800900290001e00900038
:104e600000004000c200dd00009b210000804000e7
:104e700010017800900190001e0090004200dd00bb
:104e80006100b9000684800017848000000343009d
:104e900081834b00c0042000010020000600400078
:104ea00087804800622207000e80e8008e80e800bc
:104eb0001108e80090007800110798001e0090008b
:104ec000e50f50008dff340081462e005e009000fb
:104ed00046ce07000000e00076003a000000eb003c
:104ee00020079800700037002e009000e600b900ff
:104ef000ec00470011004000104078000000fb006b
:104f0000cf80de00c002dd00040020002e009000f3
:104f1000e600b9000000e800ec0047001100400086
:104f2000104078000000fb00cf80de004809dd0063
:104f3000c801de00830171004801dd000202720039
:104f4000838272002e009000e600b9000080e80025
:104f5000ec00470011004000104078000000fb000a
:104f6000cf80de002e01900002014100000272009d
:104f700081827200c210dd00009b21000080400091
:104f80000488be002e009000e600b90063004000d7
:104f9000ec00470011004000104078000000fb00ca
:104fa000cf80de00c002dd00040020002e00900053
:104fb000e600b90064004000ec004700110040002a
:104fc000104078000000fb00cf80de004809dd00c3
:104fd000c801de00830171004801dd000202720099
:104fe000838272002e009000e600b9006500400048
:104ff000ec00470011004000104078000000fb006a
:10500000cf80de002e019000020141000201e80085
:105010000002720081827200c210dd00009b21003c
:10502000008040000488be002e0090000000400078
:105030000000e800c200dd00009b2100008040006d
:1050400010027800900290002e00900000004000b6
:10505000c200dd00009b21000080400010017800ac
:10506000900190002e0090004200dd006100b90028
:1050700006848000178480000003430081834b0076
:105080004006200001002000060040008780480004
:10509000e721070064004700e40047001108e8002a
:1050a00090007800210798002e009000e70f500034
:1050b0008dff3400e1462e005e009000cbcd07004e
:1050c0000000e00076003a000000eb003007980096
:1050d000700037003e009000e600b900ec00470089
:1050e00011004000104078000000fb00cf80de007f
:1050f000c002dd00040020003e009000e600b90080
:105100000000e800ec00470011004000104078006b
:105110000000fb00cf80de004809dd00c801de0092
:10512000830171004801dd00020272008382720077
:105130003e009000e600b9000080e800ec00470067
:1051400011004000104078000000fb00cf80de001e
:105150003e01900002014100000272008182720053
:10516000c210dd00009b2100008040000488be00ca
:105170003e009000e600b90063004000ec004700ec
:1051800011004000104078000000fb00cf80de00de
:10519000c002dd00040020003e009000e600b900df
:1051a00064004000ec00470011004000104078000f
:1051b0000000fb00cf80de004809dd00c801de00f2
:1051c000830171004801dd000202720083827200d7
:1051d0003e009000e600b90065004000ec0047008a
:1051e00011004000104078000000fb00cf80de007e
:1051f0003e019000020141000201e800000272003d
:1052000081827200c210dd00009b210000804000fe
:105210000488be003e009000000040000000e8004e
:10522000c200dd00009b21000080400010027800d9
:10523000900290003e00900000004000c200dd009f
:10524000009b210000804000100178009001900038
:105250003e0090004200dd006100b900068480003d
:10526000178480000003430081834b004008200026
:105270000100200006004000878048006c210700e4
:1052800066004700e60047001108e800900078003b
:10529000310798003e009000e70f50008dff34006a
:1052a00041472e005e00900050cd07000000e00056
:1052b00076003a000000eb004007980070003700cd
:1052c0004e009000e600b900ec00470011004000dd
:1052d000104078000000fb00cf80de00c002dd003f
:1052e000040020004e009000e600b9000000e80035
:1052f000ec00470011004000104078000000fb0067
:10530000cf80de004809dd00c801de0083017100a6
:105310004801dd0002027200838272004e0090009c
:10532000e600b9000080e800ec00470011004000f2
:10533000104078000000fb00cf80de004e0190009e
:10534000020141000002720081827200c210dd0081
:10535000009b2100008040000488be004e009000a9
:10536000e600b90063004000ec0047001100400077
:10537000104078000000fb00cf80de00c002dd009e
:10538000040020004e009000e600b90064004000d8
:10539000ec00470011004000104078000000fb00c6
:1053a000cf80de004809dd00c801de008301710006
:1053b0004801dd0002027200838272004e009000fc
:1053c000e600b90065004000ec0047001100400015
:1053d000104078000000fb00cf80de004e019000fe
:1053e000020141000201e8000002720081827200a5
:1053f000c210dd00009b2100008040000488be0038
:105400004e009000000040000000e800c200dd00f7
:10541000009b210000804000100278009002900064
:105420004e00900000004000c200dd00009b210003
:105430000080400010017800900190004e00900024
:105440004200dd006100b9000684800017848000fe
:105450000003430081834b00400a2000010020002c
:105460000600400087804800f120070068004700e0
:10547000e80047001108e800900078004107980014
:105480004e009000e10f50008dff3400b020070067
:10549000000000000080fa00000006002000fa0072
:1054a0000000eb00000f780030003700606f210033
:1054b0009e00780081804000ef80400001004000a5
:1054c000104078000004e00002003a00e0042000f0
:1054d0000100370060042000616f2100730020008c
:1054e0001e8141000201410082804000914078000d
:1054f0008180fb000e81e800801f7800811f78000a
:105500001e007800801f780090472e00801f7800d2
:105510000200780026c90700e8875700a000200095
:10552000b6fc07000e80e800bd1d07001e00e80065
:10553000630060000000e0000b003a00f002200071
:105540009e007800808f500007003200d0c0b3006a
:10555000a61d0700451207000004e000020032000b
:10556000a0c0b300a11d07001e0fe800f00220003c
:105570009e007800808f5000ccff340000000000b7
:105580000080fa00000006000000fa008f110700fa
:105590000040eb000a040700bf050700601d210062
:1055a00080c0eb0031c89800007e210020d8900018
:1055b000e14f40000b003200e0c18000f1c18000eb
:1055c000109188002191880000c2800011c28000e3
:1055d000309188004191880020c28000509188005d
:1055e0000a0037009003230001002000109188007a
:1055f00021918800e02920000100200030918800de
:105600004191880030842000509188000000000003
:105610000080fa00000006000600fa00200798004b
:1056200071482e002e0090005cb307000000e000df
:1056300012003200640047001000e800904078003b
:105640002e009000104078000d030700004f7800f6
:105650001e80fb00616f21000000400000804000c0
:105660006f0040008040eb0001487800a0482e0009
:105670006b1d07001d030700dd003700d1482e0019
:105680002e00900045b307000000e0001200320039
:10569000640047001000e800904078002e00900061
:1056a00010407800f6020700004f78001e80fb00d3
:1056b000616f210000004000008040006f0040004a
:1056c00080c0eb0001487800a0482e00541d070060
:1056d00006030700c600370011492e002e00900077
:1056e0002eb307000000e000bf0032006400470056
:1056f0001000e800904078002e00900010407800e4
:10570000df020700104798006400470051002000a6
:105710001080400090407800640047004200200064
:105720001000410010407800d50207002047980083
:10573000ae409000314798000e00e8001080fb005a
:105740006100b900f202200003002000820f500027
:10575000838f5800a0003e00000601002f00370094
:105760002e0037002d003700400037005e00370064
:10577000990037003d00370047003700960037009a
:1057800026003700390037009300370067003700e4
:1057900036003700350037008f0037003300370000
:1057a0001e0037001d003700300037008a00370028
:1057b0002e003700190037002c0037002b0037006f
:1057c0002a00370029003700280037008200370000
:1057d00081003700800037007f0037007e003700ef
:1057e0000e0037007c0037007b0037000b003700cd
:1057f0000a0037001d0037007700370076003700b9
:1058000006003700190037005f0037001700370027
:105810005d003700150037005b0037003e40900008
:10582000e14f4000030032003e4090000004e000e1
:105830000b003a000e00e8001080fb00616f2100b1
:105840006700400000004000008040003e419000a2
:1058500002487800a0482e00f11c070060003700c5
:10586000f0c3b300e11c07005d0037000e00e80044
:105870001080fb00616f21006700400000004000c5
:1058800000804000be40900001487800a0482e00f3
:10589000e31c0700520037003e4090000004e00087
:1058a0000e0032003e409000ec4f50000b003e00d6
:1058b0000e00e8001080fb00616f210067004000cf
:1058c00000004000008040003e4190000248780007
:1058d000a0482e00d21c070041003700f0c3b300df
:1058e000c21c07003e0037003e409000e24f5000cf
:1058f0000b003e000e00e8001080fb00616f2100ed
:10590000670040000000400000804000be40900062
:1059100001487800a0482e00c11c07003000370065
:10592000f0c3b300b11c07002d0037003e409000cb
:10593000e54f500006003e003e409000e24f500010
:10594000030032003e409000e44f50000b003a004c
:105950000e00e8001080fb00616f2100670040002e
:1059600000004000008040003e4190000248780066
:10597000a0482e00aa1c070019003700f0c3b3008e
:105980009a1c0700160037003e4090000004e0001b
:105990000e0032003e409000f44f50000b003e00dd
:1059a0000e00e8001080fb00616f210067004000de
:1059b0000000400000804000be4090000148780098
:1059c000a0482e00961c070005003700f0c3b30066
:1059d000861c070002003700f0c3b300831c0700d9
:1059e0004202070002003700f0c3b3007f1c07002b
:1059f000000000000080fa00000006002a00fa0003
:105a00009cfb07000000eb00000f7800400037000f
:105a10001e007800000040006100b9000284800090
:105a2000138480000001410081814900400420006e
:105a3000010020000200400083804800611f070031
:105a40004008de00010020001e017800e311b900cb
:105a50008040780040882100020040000148780022
:105a60001e007800000040006100b9000284800040
:105a7000138480000001410081814900400420001e
:105a80000100200002004000838048004d1f0700f5
:105a90004809dd004800de0000007100c808de0093
:105aa0001e017800e311b9000201e800804078008f
:105ab0004088210002004000014878001e00780064
:105ac000000040006100b90002848000138480005f
:105ad00000014100818149004004200001002000b4
:105ae0000200400083804800361f070080007800d5
:105af0001e007800e300b9000081e80081407800d2
:105b00004088210002004000014878001e0fe80094
:105b1000300320009e007800808f5000bcff3400ce
:105b200040492e003e1c07000000eb0010079800c3
:105b30000e003700408821008e80e80011004000f0
:105b40001040780000417800c00020008e80e800fe
:105b500011004000027778000e80e8008e80e80097
:105b60001108e80090017800130798001e009000cb
:105b7000eb0f5000efff34006c004700281c0700bb
:105b8000704a2e00261c0700c00020002007980045
:105b90000f00370040882100e4004700110040005a
:105ba000904078006400470043ff2f0010814100bf
:105bb000c000200000004100017778006400470029
:105bc000e40047001108e8009000780021079800e1
:105bd000ae009000f0022000808f5000edff3400f6
:105be0006c0047000e1c0700604c2e000c1c0700c8
:105bf00000032000300798000f0037004088210084
:105c0000e600470011004000904078006600470021
:105c100003fd2f0010814100c00020000000410062
:105c20000177780066004700e60047001108e800a9
:105c30009000780031079800be009000f005200029
:105c4000808f5000edff34006c004700f41b07000c
:105c5000d04e2e00f21b07000006200040079800df
:105c60000f00370040882100e80047001100400085
:105c7000904078006800470003fa2f00108141002f
:105c8000c000200000004100017778006800470054
:105c9000e80047001108e8009000780041079800ec
:105ca000ce009000f0082000808f5000edff3400ff
:105cb0006c004700da1b0700a0512e00d81b07001c
:105cc00000092000500798000f003700408821008d
:105cd000ea00470011004000904078006a00470049
:105ce00003f72f0010814100c00020000000410098
:105cf000017778006a004700ea0047001108e800d1
:105d00009000780051079800de009000b009200054
:105d1000808f5000edff34006c004700c01b07006f
:105d2000000000000080fa00000006004000fa00b9
:105d3000701f9800cffa07000000eb00000f7800fa
:105d4000340037001e007800000040006100b900f8
:105d5000028480001384800000004100818049009b
:105d6000981e07004008de00010020001e01780098
:105d7000e311b90080407800408821000200400013
:105d8000014878001e007800000040006100b90062
:105d9000028480001384800000004100818049005b
:105da000881e07004809dd004800de000000710081
:105db000c808de001e017800e311b9000201e80006
:105dc00080407800408821000200400001487800af
:105dd0001e007800000040006100b90002848000cd
:105de000138480000000410081804900751e070077
:105df000800078001e007800e300b9000081e80010
:105e0000814078004088210002004000014878006d
:105e10001e0fe800f00420009e007800808f5000e4
:105e2000c8ff34000000eb00100798001500370091
:105e3000408821008e80e80011004000104078006a
:105e40000080fb00ec004700801f78001e009000df
:105e5000801f780060542e00801f780001007800b9
:105e6000d3c60700e68757006c0047006c1b07008d
:105e70000e80e8008e80e8001108e80090017800ac
:105e8000130798009e009000f00e2000808f5000b5
:105e9000e7ff340061552e007e18900053ca0700ba
:105ea0000000e00018003a00c00020002007980021
:105eb0000f00370040882100e40047001100400037
:105ec000904078006400470043ff2f00108141009c
:105ed000c000200000004100017778006400470006
:105ee000e40047001108e8009000780021079800be
:105ef000ae009000f0022000808f5000edff3400d3
:105f00006c004700461b070081462e007e1890005b
:105f100036ca07000000e00018003a000003200025
:105f2000300798000f00370040882100e600470046
:105f300011004000904078006600470003fd2f00ec
:105f400010814100c000200000004100017778006e
:105f500066004700e60047001108e800900078005e
:105f600031079800be009000f0052000808f50009f
:105f7000edff34006c004700291b0700e1462e00ae
:105f80007e18900019ca07000000e00018003a00cf
:105f900000062000400798000f00370040882100cd
:105fa000e80047001100400090407800680047007a
:105fb00003fa2f0010814100c000200000004100c2
:105fc0000177780068004700e80047001108e80002
:105fd0009000780041079800ce009000f008200063
:105fe000808f5000edff34006c0047000c1b070051
:105ff00041472e007e189000fcc907000000e00019
:1060000018003a0000092000500798000f003700e0
:1060100040882100ea0047001100400090407800cd
:106020006a00470003f72f0010814100c0002000e4
:1060300000004100017778006a004700ea0047004d
:106040001108e8009000780051079800de009000e9
:10605000b0092000808f5000edff34006c00470035
:10606000ef1a0700000000000080fa0000000600a0
:106070000e00fa0001002d00001020000101780040
:106080008000780002007800201e0700200798009a
:106090003107980050052000a10a2000a71d070025
:1060a0002e009000be009000d31d0700004f980006
:1060b0000e489000614068000004e00001003200da
:1060c000e8f907006000b800008fbe001700370035
:1060d00022002000030020003e024100ae82490061
:1060e000640147001e0078009e00900032034000cb
:1060f000a28348000600be001e0178009e019000a9
:10610000cb1d0700004f98000e48900061406800ca
:106110000004e00001003200d2f907004200200034
:10612000030020001e0f41005e974900f07f200011
:10613000010020001e0178009e019000800f510098
:10614000818f5900e2ff3600811d07006000b80012
:10615000008fbe0013003700640147001e00780066
:106160009e00900032024000a28248000400be005f
:10617000941d070050079800610798005e0090008a
:10618000ee009000be0f5000ae8f580001003200ac
:10619000b6f9070026002000070020001e0f43006c
:1061a0005e974b00f07f2000010020001e01780068
:1061b0009e019000800f5100818f5900e6ff36004c
:1061c000000000000080fa00000006000000fa0055
:1061d000000000000080fa00000006000200fa0043
:1061e000004f7800f0c2b3009e40780080cf50008e
:1061f0000800340090c3b3009e40780080cf500068
:1062000004003c009e40780000cdb30000c0400078
:106210001900370000c4b3009e40780080cf5000c2
:106220000800340060c4b3009e40780080cf500066
:1062300004003c009e40780090ccb30000c04000b9
:106240000d00370000c6b3009e40780080cf50009c
:106250000800340060c6b3009e40780080cf500034
:1062600004003c009e40780090cab30000c040008b
:106270000100370000c0eb000080fa0000000600bb
:106280000800fa0040479800614798004e4090008f
:10629000d2ff07000080fb00000f78006e409000e6
:1062a000ceff07000080fb00100798001e0078005a
:1062b000e10f4000030032001e009000e10f40009b
:1062c00002003a0000c0eb00060037001e00780014
:1062d000004078004400dd009e009000814078007e
:1062e000014040000080fa0000000600f600fa00bd
:1062f00060f9070050052000a10a20000f1d0700cb
:1063000000848000118480003b1d070088f0b700e6
:1063100088d0bf00614068000004e0000100320046
:1063200050f907000000eb00000f78000000eb00c0
:1063300010079800a00e200030079800606f210021
:1063400040079800c000200080004700740009004a
:106350008018eb000000eb00000f78000d00370004
:1063600068004700100178009e0041001e01900067
:106370000e80e8000208e8009001780013079800fa
:1063800091407800c00020000000410001777800b3
:106390001e0fe8003e0090009e007800808f5000a5
:1063a000efff39001e0090006f006000500798005a
:1063b0005e0090000000e000070032009e009000a8
:1063c0006a004700908050000e80e800708840000e
:1063d00090007800110798000000eb00200798005b
:1063e0006c0037002e009000e601b900c0002000cc
:1063f000000041006e4078000080fb008000eb0050
:10640000c002dd00040020002e009000e600b9006c
:106410008000e800c0002000008040006e4078004e
:106420000080fb008000eb004809dd00c801de00b1
:10643000830171004801dd00020272008382720054
:106440002e009000e600b9008080e800c000200027
:10645000008040006e4078000080fb008000eb0070
:106460002e01900002014100000272008182720040
:10647000c210dd00009b2100008040000488be00a7
:106480002e009000e600b900e3004000c0002000ac
:10649000008040006e4078000080fb008000eb0030
:1064a000c002dd00040020002e009000e600b900cc
:1064b000e4004000c0002000008040006e407800f2
:1064c0000080fb008000eb004809dd00c801de0011
:1064d000830171004801dd000202720083827200b4
:1064e0002e009000e600b900e5004000c00020004a
:1064f000008040006e4078000080fb008000eb00d0
:106500002e019000020141000201e8000002720029
:1065100081827200c210dd00009b210000804000db
:106520000488be002e009000000040000000e8003b
:10653000c200dd00009b21000080400010027800b6
:10654000900290002e00900000004000c200dd008c
:10655000009b210000804000100178009001900015
:106560002e0090004200dd006100b900068480002a
:10657000178480000000430081804b00ac1c0700a2
:1065800064004700e40047001108e80010017800ab
:10659000220798009e009000b0aa2a000008b800c8
:1065a0004208de00ae009000810f50008dff3e00db
:1065b000671c07000040eb000080fa0000000600a6
:1065c0001a00fa00005f98000000eb00000f78004e
:1065d000a8f807000e5890000004e0006f003a0091
:1065e000028480001384800012079800230798001b
:1065f0006000b8005007980061079800a00e2000c6
:10660000300798003e0090006f006000700798000f
:106610007e0090000000e00007003200be00900005
:106620006e00470090805000660047007088400070
:106630009001780033079800606f2100000f9800e8
:106640000000eb00100f980002848000138480008b
:1066500012079800230798000000eb00000f780055
:106660002f0037001e009000ae009000551c070060
:1066700050079800610798005e009000ee009000bf
:106680004008de00010020001e017800e311b9007f
:10669000f0014700130141000040780000497800f4
:1066a0005e009000ee009000c809dd004800de00aa
:1066b00000807100c808de001e017800e311b900f7
:1066c0000201e800f001470013014100004078009a
:1066d000004978001e007800e300b9000080e8005f
:1066e000f000470011004000de009000814078007b
:1066f000014878000e80e8008e80e800220020002b
:106700000300200031184100219049001001780059
:106710009001900012079800230798001e0fe800d0
:10672000be009000b0aa2a000008b8000100d10005
:106730009e007800808f5000caff39000040eb00b7
:10674000004f98000000eb00000f78000c003700ad
:1067500020452e001e00400090407800606f210010
:106760001e0040001040780080cf5000030032002f
:1067700010c0b300004f9800040037001e0fe8005f
:106780001e007800e80f5000f1ff36000e48900020
:106790000004e00001003200cd0007000000eb0023
:1067a000000f7800c30037001e0078008000eb0067
:1067b000f202200003002000820f5000838f580057
:1067c000bb003e0000060100b90037002e00370074
:1067d000b70037004b003700b5003700b400370072
:1067e000b3003700b2003700b1003700b000370007
:1067f000af003700ae00370058003700ac0037005c
:10680000ab003700aa003700a9003700a800370006
:10681000a7003700a6003700a5003700a400370006
:10682000a3003700a2003700a1003700a000370006
:106830009f0037009e0037009d0037009c00370006
:106840009b0037009a003700990037007600370028
:106850009700370096003700950037009400370006
:106860009300370092003700910037009000370006
:106870008f0037008e003700760037008000370029
:106880008b0037008a003700606f21007300200002
:106890009e804100818040000100400090407800cf
:1068a00000c0eb0000c068000070a7000040ea00d4
:1068b0000040e9000080fb004700de000040780057
:1068c000616f21001e017800020141006f0141004b
:1068d00082804000914078000170a7008140ea006a
:1068e0008140ea008180fb00c708de00814078001b
:1068f0000140600080407800601d210041509800f8
:106900006b003700606f2100720020009e00410084
:106910008180400001004000104078000080fb00b2
:106920006100b90028a90700f226210033082400dd
:106930001cab07000001780001007800820178009c
:106940000001780003007800820078000000be009b
:1069500002a907006091880055003700203c2e00f6
:106960009e007800e309b9008280e8000100400041
:10697000104078008e58900080cf50004b003e00b1
:10698000606f21009e00780081804000ef80400011
:1069900001004000104078000004e0001a003a00b6
:1069a00000902000d1032000200f9800310f9800a4
:1069b000606f2100730020009e80410081804000b4
:1069c00001004000104078000080fb008000eb00d8
:1069d0000001be002e089000be08900014a9070018
:1069e000200f9800310f98002e099000be099000ea
:1069f000f28e8800038f8800f08e8000018f800067
:106a0000541707002900370000b8800011b8800033
:106a1000f08e8800018f8800f08e8000018f80004a
:106a20004c17070021003700606f21007300200021
:106a30009e804100818040000100400010417800ac
:106a4000611d210050502000008040000248780065
:106a500017003700606f2100720020009e00410087
:106a6000818040000100400010417800611d21003c
:106a70002050200000804000024878000c003700c1
:106a8000606f2100730020009e80410081804000e3
:106a90000100400010417800611d210030502000ad
:106aa000008040000248780001003700000000002c
:106ab0001e0fe800f00220009e007800808f50003a
:106ac00039ff36000040eb000080fa0000000600ad
:106ad0000200fa000040eb00004f78000b00370086
:106ae0009e80fb001e80fb0022452e00810041009d
:106af00011417800616f2100008040000248780059
:106b00001e4078000040e800004f78001e407800ea
:106b1000e84f5000f2ff360000582200010020002c
:106b200000b8880011b888000000eb00e0bd8800c4
:106b300000532700f0bd8800606f210031c0b30012
:106b400001c09900007c220091002000c0bd880097
:106b5000d1bd8800606f2100c1c3b30031c8990066
:106b6000606f21008040eb0021c8990000002000e8
:106b70000115240020be880031be88008025200039
:106b800010be8800606f2100e1c3b30031d09900ce
:106b9000606f210011c0b30021d0990000002000d7
:106ba0000115240060be880071be8800200020000e
:106bb00050be8800606f2100b1c2b30031d8990087
:106bc000606f210011c0b30021d89900000020009f
:106bd00001f42300a0be8800b1be8800e02e200092
:106be00090be8800007e210080c0eb001148980014
:106bf00004000700bdfd07000040eb000080fa0024
:106c0000000006000200fa000000eb00000f780010
:106c10000000eb00000f780018003700213c2e0028
:106c20001e007800e300b9000080400010417800a9
:106c3000606f2100730020009e8041008180400031
:106c40000100400002487800203c2e009e007800a1
:106c5000e309b9008200e80001004000104178001b
:106c6000606f21009e00780081804000010040009c
:106c70006f004000024878001e0fe800f00220007c
:106c80009e007800808f5000e4ff36000000000076
:106c90000080fa00000006001400fa000000eb007b
:106ca000000f7800f3f60700228480003384800010
:106cb00012079800230798006000b800500798005a
:106cc0006107980060062000300798003e009000a1
:106cd0006f006000700798007e0090000000e000e8
:106ce00007003200be0090006e0047009080500008
:106cf00066004700708840009001780033079800d4
:106d0000007e2100000f98000000eb00100f98009b
:106d100022848000338480001207980023079800a3
:106d20000000eb00000f78002f0037001e009000dd
:106d3000ae009000a31a0700500798006107980062
:106d40005e009000ee0090004008de000100200090
:106d50001e017800e311b900f00147001301410062
:106d600000407800004978005e009000ee0090003e
:106d7000c809dd004800de0000807100c808de00a0
:106d80001e017800e311b9000201e800f00147009c
:106d90001301410000407800004978001e0078008f
:106da000e300b9000080e800f00047001100400057
:106db000de00900081407800014878000e80e800f5
:106dc0008e80e800220020000300200031184100de
:106dd000219049001001780090019000120798005e
:106de000230798001e0fe800be009000b0aa2a00fa
:106df0000008b8000100d1009e007800808f50008c
:106e0000caff39000040eb00004f98000000eb0083
:106e1000000f78000c00370020452e001e004000b7
:106e200090407800007e21001e0040001040780055
:106e300080cf50000300320010c0b300004f980014
:106e4000040037001e0fe8001e007800e80f500015
:106e5000f1ff36000e4890000004e000010032000f
:106e60000b000700007e210010489000d0c0800079
:106e7000e1c0800061004000e0804800d0c0880090
:106e8000e1c088000040eb000080fa00000006002e
:106e90000200fa000040eb00004f78000b003700c2
:106ea0009e80fb001e80fb0022452e0081004100d9
:106eb00011417800017e21000080400002487800e6
:106ec0001e4078000040e800004f78001e40780027
:106ed000e84f5000f2ff3600007e210080c0eb003a
:106ee000114898006000b800d0c08800e1c0880058
:106ef000007e210080c0eb0041c89800007e210088
:106f000080c0eb0061789800007e210080c0eb001b
:106f100021d89800a0552e00f18121000c00090015
:106f2000b0587800d000b100030007000040eb002b
:106f30000080fa00000006008c00fa004df6070001
:106f400050052000a10a2000fc19070020848000c1
:106f500031848000281a070088f0b70088d0bf006d
:106f6000614068000004e000010032003df60700c7
:106f70000000eb00000f78000000eb001007980005
:106f80006006200030079800007e2100400798002e
:106f9000c0002000800047003f0009008018eb007f
:106fa0000000eb00000f78000d003700680047007c
:106fb000100178009e0041001e0190000e80e80044
:106fc0000208e800900178001307980091407800cb
:106fd000c000200000004100017778001e0fe8008b
:106fe0003e0090009e007800808f5000efff390037
:106ff0001e0090006f006000500798005e00900037
:107000000000e000070032009e0090006a00470088
:10701000908050000e80e80070884000900078005a
:10702000110798000000eb00200798006c00370063
:107030002e009000e601b900c000200000004100d1
:107040006e4078000080fb008000eb00c002dd0095
:10705000040020002e009000e600b9008000e80047
:10706000c0002000008040006e4078000080fb00df
:107070008000eb004809dd00c801de0083017100db
:107080004801dd0002027200838272002e0090002f
:10709000e600b9008080e800c000200000804000c9
:1070a0006e4078000080fb008000eb002e01900015
:1070b000020141000002720081827200c210dd00f4
:1070c000009b2100008040000488be002e0090003c
:1070d000e600b900e3004000c0002000008040004e
:1070e0006e4078000080fb008000eb00c002dd00f5
:1070f000040020002e009000e600b900e4004000eb
:10710000c0002000008040006e4078000080fb003e
:107110008000eb004809dd00c801de00830171003a
:107120004801dd0002027200838272002e0090008e
:10713000e600b900e5004000c000200000804000eb
:107140006e4078000080fb008000eb002e01900074
:10715000020141000201e800000272008182720017
:10716000c210dd00009b2100008040000488be00aa
:107170002e009000000040000000e800c200dd008a
:10718000009b2100008040001002780090029000d7
:107190002e00900000004000c200dd00009b210096
:1071a0000080400010017800900190002e009000b7
:1071b0004200dd006100b900268480003784800031
:1071c0000000430081804b009919070064004700cc
:1071d000e40047001108e800100178002207980039
:1071e0009e009000b0aa2a000008b8004208de0005
:1071f000ae009000810f50008dff3e005419070033
:107200000040eb000080fa0000000600f600fa00e3
:1072100098f5070050052000a10a20004719070033
:1072200000848000118480007319070088f0b70083
:1072300088d0bf00614068000004e0000100320017
:1072400088f507000000eb00000f78000000eb005d
:1072500010079800a00e200030079800606f2100f2
:1072600040079800c000200080004700740009001b
:107270008018eb000000eb00000f78000d003700d5
:1072800068004700100178009e0041001e01900038
:107290000e80e8000208e8009001780013079800cb
:1072a00091407800c0002000000041000177780084
:1072b0001e0fe8003e0090009e007800808f500076
:1072c000efff39001e009000801f780070562e00de
:1072d000801f7800e0972100b5c10700e4875700c0
:1072e000e09721004e1607001e0090006f0060001e
:1072f000500798005e0090000000e0000700320098
:107300009e0090006a004700908050000e80e800c8
:107310007088400090007800110798001e009000cf
:10732000801f7800f0562e00801f7800e097210023
:107330009fc10700e4875700e09721003816070037
:107340000000eb00200798006c0037002e00900032
:10735000e601b900c0002000000041006e40780046
:107360000080fb008000eb00c002dd000400200074
:107370002e009000e600b9008000e800c000200068
:10738000008040006e4078000080fb008000eb0031
:107390004809dd00c801de00830171004801dd00fd
:1073a00002027200838272002e009000e600b90093
:1073b0008080e800c0002000008040006e4078001f
:1073c0000080fb008000eb002e01900002014100d4
:1073d0000002720081827200c210dd00009b210059
:1073e000008040000488be002e009000e600b90036
:1073f000e3004000c0002000008040006e407800a4
:107400000080fb008000eb00c002dd0004002000d3
:107410002e009000e600b900e4004000c00020000b
:10742000008040006e4078000080fb008000eb0090
:107430004809dd00c801de00830171004801dd005c
:1074400002027200838272002e009000e600b900f2
:10745000e5004000c0002000008040006e40780041
:107460000080fb008000eb002e0190000201410033
:107470000201e8000002720081827200c210dd0089
:10748000009b2100008040000488be002e00900078
:10749000000040000000e800c200dd00009b210069
:1074a0000080400010027800900290002e009000b2
:1074b00000004000c200dd00009b21000080400071
:1074c00010017800900190002e0090004200dd0035
:1074d0006100b9000684800017848000000043002a
:1074e00081804b00d218070064004700e400470089
:1074f0001108e80010017800220798009e00900013
:10750000b0aa2a000008b8004208de00ae009000d1
:10751000810f50008dff3e008d1807000000000015
:107520000080fa00000006000200fa00000f780058
:107530000300370000e22400010020005fa50700df
:107540001e007800000fe9000000e000f9ff3a009b
:10755000000000000080fa00000006000000fa00b1
:1075600000e021008040eb0001409a0000e0210093
:107570008040eb0011409a00002080000080a100b4
:107580000090a10000a0a0000020880000000000e2
:10759000002080004500de0067406000e44f50009e
:1075a000fbff3a000004a80010c4bf000060a10067
:1075b0000070a10010e4b700014120009140780064
:1075c00000ccb30000c060003040b30010e4b7004e
:1075d000202d200090208800f0012c003020880011
:1075e000c02080000000a1000010a100c020880081
:1075f00080218000ff00600000f02f00010070007b
:107600008021880000228000ff00600000d02f0051
:1076100001007000002288003064a8004064a900c6
:10762000002180000000a1000010a0000020a100a7
:107630000030a0000021880034a4ef0036a4ef0041
:10764000a06c2c004022880010112f0050228800ce
:10765000002180000080a1000090a00000a0a100f7
:1076600000b0a000002188001424ef001444a800fa
:107670001404a800c02080000040a0000050a10019
:10768000c02088000004a90030e4a8008021800008
:107690000000a0000010a0008021880001cba900fc
:1076a00001aba800005880000040a1000050a000dd
:1076b00000588800005880000000a1000010a100c0
:1076c00000588800600420001058880070002000d6
:1076d00070588800204420006058880000c02100b5
:1076e0002058880000c021003058880001eba80015
:1076f00011cba90011aba900805880000040a10067
:107700000050a00080588800805880000000a10030
:107710000010a100805888002002200090588800a6
:1077200070002000f058880000442000e0588800d5
:1077300000c02100a058880000c02100b058880077
:1077400011eba800002080004500de0067406000cb
:107750000004e0000b003200002080000080a10047
:107760000090a10000a0a1000020880000000000ff
:10777000002080004500de00674060000004e0005b
:10778000fbff3a00000000000080fa000000060045
:107790000600fa008020800000407800f043b2002c
:1077a0000080fb00000f78001e00e800f400b90024
:1077b0008000eb000001be00c01e24005113200019
:1077c0009ba5070010079800210798001e00900055
:1077d000ae0090000080fa00000006000600fa00eb
:1077e0001007980021079800002080000080a10069
:1077f0000090a10000a0a000002088000000000070
:10780000002080004500de0067406000e44f50002b
:10781000fbff3a002e009000f401b9001e0090001a
:10782000e000b900000141009e00900040012000ee
:107830000008b80001014100820078000001be008c
:10784000c01e24005113200079a50700000fe90095
:107850001e00780000407800f043b200f043b20010
:10786000024120001241780001ccb3008140610048
:1078700000c0700010e4b700002080000080a1006c
:107880000090a10000a0a1000020880000000000de
:10789000002080004500de00674060000004e0003a
:1078a000fbff3a00000000000080fa000000060024
:1078b0000e00fa00004f7800120798002307980086
:1078c0003407980045079800560798006707980006
:1078d000002080004500de0067406000e44f50005b
:1078e0000b003200002080000080a1000090a10069
:1078f00000a0a00000208800000000000020800000
:107900004500de0067406000e44f5000fbff3a0096
:107910000004a8001e80fb00e10f50002b00320085
:10792000e10f500003003c000000e00008003200be
:107930006f00370001082000810f50000400320062
:1079400011082000810f500020003200680037002d
:10795000c02080000000a1000010a100c02088000d
:107960005e009000f17f2000010060004500dd0016
:1079700081218000ff80600001007000802188006c
:107980001e009000f17f2000010060004500dd0036
:1079900001228000ff80600001007000002288004a
:1079a0003064a8004064a900002180000000a1000c
:1079b0000010a0000020a1000030a00000218800dd
:1079c0001404a8000004a900490037004064a8007e
:1079d0003064a9003e009000ce0090004208de0016
:1079e000010020001007980021079800be009000b9
:1079f0004e009000010178008080eb008100610062
:107a00006300600031079800400798003eb8970077
:107a1000ceb897004208de00010020008001780007
:107a2000f27f2000028161006080600052079800b0
:107a300060079800beb897004eb897000101780023
:107a40008080eb00810061006300600031bf9f0017
:107a500040bf9f005e0090004501dd003eb89700ea
:107a6000ceb897004008de0001002000000078003a
:107a70006300600002007000a02188003eb89700fb
:107a8000b02188001e0090004501dd003e009000fe
:107a9000ce0090004008de000100200000007800c9
:107aa0006300600002007000a000b3004022880064
:107ab0003e00900050228800002180000080a1003c
:107ac0000090a00000a0a10000b0a000002188004c
:107ad0001424ef001444a800c02080000040a0003f
:107ae0000050a100c02088000004a9000000000090
:107af000002080004500de00674060000004e000d8
:107b00000b003200002080000080a1000090a10046
:107b100000a0a100002088000000000000208000dc
:107b20004500de00674060000004e000fbff3a0013
:107b3000000000000080fa00000006001400fa00b7
:107b400020079800310798004207980053079800d3
:107b5000444f98007507980006579800170f980033
:107b60006c0047001080fb00e10f5000180032004d
:107b7000e10f500003003c000000e000080032006c
:107b80006300370001082000810f500032003200ee
:107b900011082000810f50003b0032005c003700cc
:107ba0002e0090004200dd00ec0047009180fb00b9
:107bb000e38060000080700000e088000000eb00bf
:107bc00010e088008000200020e08800500037008e
:107bd0004e009000de0090004008de000100200012
:107be00080017800c2ff2f00028161006080600088
:107bf0002207980030079800ce0090005e009000a9
:107c0000010178008080eb0081006100630060006a
:107c100041079800500798002e0090000000a00037
:107c200000e088004e009000de0090004a09dd0070
:107c30004600de0000007100c608de00000078008b
:107c400010e088004e0090004a00dd000030a000e7
:107c500020e088002e0037002e0090004200dd005a
:107c6000ec0047009180fb00e38060000080700022
:107c700000e088000000eb0010e088008000200099
:107c800020e08800220037004e009000de009000c7
:107c90004008de000100200080017800c2ff2f00b4
:107ca0000281610060806000220798003007980020
:107cb000ce0090005e009000010178008080eb0013
:107cc0008100610063006000410798005007980040
:107cd0002e0090000000a00000e088004e00900000
:107ce000de0090004a09dd004600de000000710061
:107cf000c608de000000780010e088004e0090000a
:107d00004a00dd000030a00020e0880000000000f4
:107d10007e009000104078000080fb00c800dd006d
:107d2000700047001080fb000100700030e0880008
:107d30006e0047001080e800104078000080fb00d3
:107d4000c800dd006e0047001000e8001040780019
:107d50000080fb000100700040e088006e004700da
:107d60004100200010804000104078000080fb009f
:107d7000c800dd006e004700320020001000410006
:107d8000104078000080fb000100700050e0880087
:107d90006e00470061002000108040001040780015
:107da0000080fb00c800dd006e004700520020008c
:107db00010004100104078000080fb0001007000be
:107dc00060e088003064a8006d150700008fbe00d9
:107dd0000b0037001e0890008000eb000001be0081
:107de0001e0078009e0090006d150700e14f5000c6
:107df00003003a003064a90010c0b3000e00370041
:107e0000802180004300de0061406000e14f5000af
:107e100008003a001e0890008000eb000001be0040
:107e20001e0078009e0090005d150700e14f500095
:107e3000e8ff3a000040eb000080fa000000060076
:107e40000400fa00000f780021479800c0f72100d5
:107e500000e088000000eb0010e0880080002000b7
:107e600020e088001e007800104078000080fb00b1
:107e7000c800dd000e80e8001080fb0001007000eb
:107e800030e088001e80e800104078000080fb0091
:107e9000c800dd001e00e800104078000080fb00f4
:107ea0000100700040e08800410020001e8040007a
:107eb000104078000080fb00c800dd003200200088
:107ec0001e004100104078000080fb00010070009f
:107ed00050e08800610020001e80400010407800c3
:107ee0000080fb00c800dd00520020001e004100a1
:107ef000104078000080fb000100700060e0880006
:107f00003064a80000000000802180004300de00f3
:107f100061406000e14f5000fbff320000000000b4
:107f20000080fa00000006003a00fa00889fbe00b8
:107f30008a9fbe00606f9800011f9800121f980072
:107f4000231f98000e1507001007980021079800be
:107f50000d0037002e1890008000eb000001be00dd
:107f60001e009000ae0090000d150700e14f50007c
:107f700005003a002144a900e06d2e0028130700f7
:107f800010c0b300a4003700002180004a00de00ca
:107f9000614060000004e00008003a002e189000e4
:107fa0008000eb000001be001e009000ae009000bb
:107fb000fb140700e14f5000e6ff3a002144a900fe
:107fc000e00220000e0040001080fb0001082000ad
:107fd000810f50004100320011082000810f500035
:107fe0005f003a00601d210040509000e14f5000ba
:107ff00058003a0000e580008000eb00c000dd0082
:1080000000002000620320000e01410060096000b2
:1080100081007800c0ff210000806000401f9800b0
:1080200010e580006101b8004618dd00ca10de00ce
:10803000810070004610dd008001780002fc2f00f6
:1080400002856100e38560003e199000ce19900022
:108050000a0271008b82710020e580004a00de0078
:108060008000eb0080017800f203200002846100b0
:10807000e084600008007200898072006601470099
:10808000809fbe00e06e2e00801f78000200780006
:1080900047be0700e687570066004700e01207006a
:1080a000601d210050509000e14f500002003a0046
:1080b00000c2b300cd120700601d21006050900087
:1080c000e14f500023003a0030e580008040780006
:1080d0000e189000014878001e003700601d210036
:1080e00040509000e14f50001c003a0000e5800035
:1080f0004200de00e6004700801f7800506f2e002f
:10810000801f78000100780029be0700e48757002f
:1081100066004700c2120700601d21005050900009
:10812000e14f500002003a0000c2b300af12070056
:10813000601d210060509000e14f500007003a00a0
:1081400030e58000804078000e18900001487800eb
:1081500002003700000000000100370000000000ae
:108160000000eb00000f7800230037001e007800ad
:108170000000e0000f003200330020001e804100ac
:108180000005b0008000400000c0210000804000d9
:10819000100178001e007800000040008000780088
:1081a000000320000e004000108040008240780054
:1081b00001487800310020001e8040000005b0001a
:1081c0008000400000c021000080400010007800c6
:1081d000c800de001e007800000040000001e8003a
:1081e000000320000e004000100041008140780094
:1081f000014878001e0fe8001e007800e30f5000d1
:10820000daff340030e58000804078001e189000ce
:108210000148780010c0b3004f05be004f04be00f7
:108220000080fa00000006003600fa0030179800bf
:10823000411798005217980063179800646f9800d0
:10824000051f9800161f9800271f98001e18900001
:10825000e70f50001b003e00400020008000470058
:10826000030009008018eb001e1890000040780001
:10827000ef40600040002000017778006400470074
:108280000000e8001e1990008e1890002da707002e
:108290001e1890008040780064004700ae1b9000dc
:1082a00001437800800278006e6a90005e119000b1
:1082b000ee1190003e109000ce1090001ffe0700bf
:1082c0006c003700c00020000001470003000900d7
:1082d0000019eb000040eb00405798001e1890007a
:1082e0004800de00004078006f4060008040780069
:1082f0000144a000c0002000017778001e18900003
:1083000080407800c00020000000e800017778007d
:108310006c0047000080e800620020008e1890008a
:1083200008a707006c004700ae1b900086c0b30092
:10833000800278006e6a90005e119000ee1190004d
:108340003e109000ce109000fcfd070000000000e1
:10835000f400470075004700ae1990000101780055
:10836000800078006e689000effe070061406800b2
:108370000004e000f6ff3a00500120006e40780053
:108380000080fb004400de0000407800e34f500016
:1083900037003a0060002000000f780010c0b300e2
:1083a000204798002d003700d001200080004700b2
:1083b000070009008058eb002e4090008040e80044
:1083c000214798006f4060000054a0008040780072
:1083d000d0012000017778001e1890001e00500088
:1083e000e70f500001003600700020003047980071
:1083f000630047009080fb00000320000e00400057
:10840000100178009e0141007d0047000000e80057
:108410000101780083007800caa607007d004700ac
:108420001e004000ae1b90003e439000800278008a
:108430006e6a90005e119000ee1190003e10900068
:10844000ce109000bdfd0700630047001080fb00c8
:108450001e0f40001000200098a107001e18900079
:108460009e007800808f5000cfff39000100370058
:10847000000000000080fa00000006003000fa0052
:10848000006798001117980022179800331798007a
:1084900044179800551798006617980077179800aa
:1084a0000040eb0070579800f70047006f0047004e
:1084b000be11900001017800800078000e609000ed
:1084c00099fe0700614068000004e00002003200ed
:1084d0000040eb00df003700f00020006e40780025
:1084e0000080fb004400de00104f98001e48900002
:1084f0000004e00021003a00f00020006e40780007
:108500006f406000204f9800f00020006e4078001f
:10851000ef4060002e109000014878000040eb0012
:10852000004f78000d0037001e80fb000001e800be
:108530001e80fb00210220008e80400011004000c0
:10854000f100200081004100eec078000148780071
:108550001e4078000040e800004f78002e48900050
:108560009e40780080cf5000efff3900b06f2e00a2
:10857000ab11070010c0b300b60037001e489000d2
:10858000e14f5000b2003a0000702e00a411070025
:10859000f00020006e4078000080fb00c800dd0085
:1085a00000f0200080806000f00020000000e80063
:1085b0006e4078000080fb000100700060079800aa
:1085c0006e009000801f780050702e00801f780091
:1085d00020f02100f6bc0700e487570020f02100be
:1085e0008f1107006f0047000080e8006200200044
:1085f000800078001e10900052a607000000eb00db
:1086000010079800130037009e0090002002200001
:108610000e00400010804000104078000080fb00f9
:10862000801f780050712e00801f780020f02100fc
:10863000dfbc0700e487570020f021007811070015
:108640000e80e8008e80e8001108e80090007800b5
:10865000110798001e009000e50f5000eaff34005b
:108660006000200020079800800120008001470062
:10867000030009008019eb008001200001c3b30052
:1086800001777800800120000000e8008040eb00c6
:1086900001777800800120000080e8008040eb0036
:1086a000017778000000eb003007980012003700d7
:1086b00080012000e6004700110040006e40780075
:1086c0000080fb00801f780050712e00801f780012
:1086d00020f02100b6bc0700e487570020f02100fd
:1086e0004f11070066004700e60047001108e80048
:1086f00090007800310798003e009000e70f50008e
:10870000ebff340078004700be13900086c0b30032
:10871000800278000e6290006e119000fe119000b1
:108720004e109000de10900004fd0700a0712e0096
:108730003b11070010c0b300004f98003a0037000b
:1087400000000000f70047006f004700be119000d6
:1087500001017800800078000e609000f2fd0700b3
:10876000614068000004e000f6ff3a00f0002000dd
:108770006e4078000080fb004400de00004078007e
:10878000e24f500008003a00f00020006e407800f0
:108790000080fb00ef006000680047001080fb00d5
:1087a000808f5000020032000040eb0029003700ab
:1087b0000e4890000040e8006f406000004f9800b5
:1087c000ee0090006400470010805000e70f50005a
:1087d0000100360070002000604f98006e004700d6
:1087e0009080fb00200220000e0040006401470042
:1087f00090017800128041006f0147008201e8007b
:108800000101780083007800cea507006e004700c4
:108810009080fb006400470064014700128840001c
:108820009000780021079800ae0090006e00900044
:10883000808f5000c2ff39006e00900080407800a9
:108840002e1090000148780010c0b30001003700de
:108850000040eb000080fa00000006000800fa006b
:1088600020079800310798002e009000be0090006d
:108870004008de0001002000004f7800ae009000ac
:1088800011079800002080000080a1000090a10046
:1088900000a0a00000208800000000000020800050
:1088a0004500de0067406000e44f5000fbff3a00e7
:1088b0001e80fb00802088009e0090009120880090
:1088c000002080000080a1000090a10000a0a10075
:1088d0000020880000000000002080004500de002d
:1088e000674060000004e000fbff3a000000000069
:1088f0000080fa00000006000400fa0080208000da
:108900008000eb00c000dd0000002000600160007e
:1089100081007800f00f20008081600090208000ae
:108920008000eb000000710081807100008fbe00ac
:108930001e0078009e0090000080fa0000000600f3
:108940000400fa00000f78001107980070208000e2
:10895000804078001e007800014878007020800078
:108960004800de00804078001e009000014878003a
:10897000000000000080fa00000006000200fa007b
:10898000010ea900204ea800284ea8002268a800c9
:108990000268a9002a4ea800c3e8a80011cea900c9
:1089a00013cea80080572e004125220004000900a4
:1089b000b05878005000b10080572e009125220059
:1089c00004000900b05878005000b1002171ef0098
:1089d00021d1bf002bf1b7002bd1bf002af1b70086
:1089e0002ad1bf0029f1b70029d1bf0028f1b70073
:1089f00028d1bf0026f1b70026d1bf0025f1b7006e
:108a000025d1bf0023f1b70010c0b3002ff1b7008c
:108a10002fd1bf002ef1b7002ed1bf002df1b7002e
:108a20002dd1bf0027f1b70027d1bf0024f1b70037
:108a3000004b2000f08788000031ef000053270032
:108a400010888800802520002088880010002000e1
:108a500030888800803e20004088880080bb20004d
:108a600050888800007d2000608888000000200079
:108a700001152400a0888800b188880030332300c5
:108a800031152400c0888800d1888800d0cc2c0003
:108a9000c1e42300e0888800f1888800c0c3b300e7
:108aa000faf0b700e0c3b300fbf0b700d0572e00d8
:108ab0000124220006000900b05878007000b100bf
:108ac0000c31ef000040eb0058020700606f2100fe
:108ad000a0689000014f78009e80fb00f007200006
:108ae0000080600000f0a7000000ea000000ea003b
:108af0004f00de000040780020f1b70020d1bf0019
:108b00000004e0002b00320040582e000124220017
:108b100006000900b05878007000b1009e80fb008c
:108b200000042000008060000000e000020032002d
:108b300010c0b3003d0207009e80fb000002200031
:108b4000008060000000e00002003a0010c0b300a6
:108b500023f1b7001e80fb00700060000000e00001
:108b600003003200004b2000f0878800020037002d
:108b7000c0122000f08788001e80fb0064006000a7
:108b80000000e0000200320010c0b30021f1b70085
:108b90001e80fb00620060000000e0000300320065
:108ba000803821006088880002003700803e200065
:108bb00060888800000000000080fa0000000600c5
:108bc0003200fa00e00220008000eb00013778005c
:108bd0000080e8008040eb00017778000e01e8009b
:108be00000242200801f7800b0582e00801f7800db
:108bf00081022000020078007aa40700e487570071
:108c00000e00e8000610070022d1bf000004e000bb
:108c100002003200a0592e0001003700f0592e004a
:108c20000e01e800801f7800305a2e00801f780067
:108c300081022000020078006aa40700e487570040
:108c40000e00e800f60f0700f187800023d1bf0077
:108c50000004e00002003200d05b2e00010037006b
:108c6000005c2e000e01e800811f7800801f780054
:108c7000405c2e00801f78008102200002007800f6
:108c800058a40700e68757000e00e800e40f07002d
:108c9000128880000188800024d1bf000004e00019
:108ca00002003200d05b2e0001003700005c2e0075
:108cb0008e01e800821f7800811f7800801f7800f5
:108cc000a05d2e00801f7800810220000300780044
:108cd00044a40700e88757000e00e800d00f070003
:108ce00025d1bf000004e00002003200a0592e0090
:108cf00001003700f0592e000e01e800801f7800b7
:108d0000305f2e00801f7800810220000200780072
:108d100034a40700e48757000e00e800c00f0700e6
:108d2000528880002bd1bf000004e0000200320016
:108d3000a1592e0001003700f1592e0026d1bf00a5
:108d40000004e00002003200d05b2e00010037007a
:108d5000005c2e008e01e800821f7800811f7800e1
:108d6000801f7800a0602e00801f78008102200004
:108d7000030078001ba40700e88757000e00e800f6
:108d8000a70f0700628880002bd1bf000004e0001d
:108d900002003200f1592e0001003700a1592e00c7
:108da00027d1bf000004e00002003200d05b2e009b
:108db00001003700005c2e008e01e800821f780061
:108dc000811f7800801f780070622e00801f78005d
:108dd000810220000300780002a40700e887570002
:108de0000e00e8008e0f07002fd1bf000004e00046
:108df0001a003200a0888000b18880009202200012
:108e00000e014100809fbe0030642e00801f78005c
:108e100002007800d7ba0700e6875700a10f2100ab
:108e200091407800e002200001777800a08880005f
:108e3000b1888000f00107000004e0000200320069
:108e40000040eb000100370010c2b300e102200037
:108e50008100e80000f778000c003700708880007f
:108e6000910220008e804000801f780080642e00d8
:108e7000801f780001007800beba0700e487570021
:108e8000e00220008040eb0001777800218880001c
:108e900028d1bf000004e00002003200d05b2e00a9
:108ea00001003700005c2e000e01e800811f7800f1
:108eb000910220008e804000811f7800e102200096
:108ec0008e804000811f7800801f7800c0642e00d3
:108ed000801f78008102200002007800c1a30700f3
:108ee000ea8757000e00e8004d0f07002dd1bf00a4
:108ef0000004e0001a003200c0888000d1888000a1
:108f0000920220000e014100809fbe0030642e00be
:108f1000801f78000200780096ba0700e6875700a5
:108f2000b10f210091407800e00220000177780025
:108f3000c0888000d1888000af0107000004e000f5
:108f4000020032000040eb000100370010c2b30005
:108f5000e10220008100e80000f778000c003700f3
:108f600080888000910220008e804000801f780061
:108f700080642e00801f7800010078007dba070011
:108f8000e4875700e00220008040eb000177780082
:108f90003188800029d1bf000004e00002003200c7
:108fa000d05b2e0001003700005c2e000e01e800af
:108fb000811f7800910220008e804000811f780080
:108fc000e10220008e804000811f7800801f780021
:108fd000a0662e00801f7800810220000200780029
:108fe00080a30700ea8757000e00e8000c0f070077
:108ff0000040eb00004f7800fcd0bf000000fb00f9
:10900000b1022000810f500003003200d102200085
:10901000810f50000a003a001e4078008040e800ae
:10902000014f78008080fb00c20f210012417800c0
:10903000e002200000804000027778000300370043
:10904000e00220008040eb00017778002ed1bf00c5
:109050000004e0001d003200e0888000f1888000fc
:10906000920220000e014100809fbe0030642e005d
:10907000801f7800020078003eba0700e68757009c
:10908000e0888000f18880005b0107000004e000b8
:10909000020032000040eb000100370010c2b300b4
:1090a0001e81fb00e10220008100410000f77800f2
:1090b0001e80fb008000e800e002200000804000ed
:1090c0008040eb00017778000e0037009088800028
:1090d000910220008e804000801f780080642e0066
:1090e000801f78000100780022ba0700e48757004b
:1090f0009e80fb00e0022000008040008040eb00ea
:1091000001777800418880002ad1bf000004e00088
:1091100002003200d05b2e0001003700005c2e0000
:109120000e01e800811f7800910220008e8040002f
:10913000811f7800e10220008e804000811f7800ae
:10914000801f780070682e00801f78008102200048
:109150000200780023a30700ea8757000e00e8000a
:10916000af0e0700000000000080fa0000000600bb
:109170000000fa0013cea80028d1bf000004e000d0
:1091800006003200960107000004e00003003200f0
:109190008000eb00606a2e00030007000000000062
:1091a0000080fa00000006000400fa00000f7800ba
:1091b00011079800916a2e001e0078008bbd0700f1
:1091c0000000e0000f003200d16a2e001e0078007f
:1091d00086bd07000000e0000a003200616a2e0030
:1091e0001e00780081bd07000000e000050032008d
:1091f000216b2e001e0078007cbd07000000e000ff
:1092000012003a00cc12070000000000e212070032
:109210009e009000808f5000fcff3e00606b2e008f
:109220007f0e070000000000b00e070061406800dc
:109230000004e000fcff3a0013cea900060007007e
:109240009e0078004025220074bd07000000000049
:109250000080fa00000006000000fa00b6120700c5
:1092600024d1bf000004e0000100320018cea800a5
:1092700029d1bf000004e00003003a002ad1bf005a
:109280000004e00001003200021207000040fe006e
:10929000b0120700c4120700000000000080fa00ae
:1092a000000006001e00fa0090252200801f7800b2
:1092b00040252200801f7800506c2e00801f78000f
:1092c0000e007800e3b60700e68757000e0078002e
:1092d000530e0700000000000080fa0000000600a6
:1092e0000400fa00004f7800214798002e419000ba
:1092f000411221008248780020d1bf000004e00024
:1093000004003a001e4178003112210082487800a2
:1093100001003700000000000080fa000000060095
:109320000200fa00004f7800e0888000f188800099
:10933000b10007000004e000070032001e40780082
:109340000004e0000400320010c0b3002af1b700ae
:10935000c3110700010037002a71ef000000000070
:109360000080fa00000006000400fa00004f7800b8
:1093700021479800a0888000b18880009e000700e7
:109380000004e000050032001e80fb000000e00049
:109390000200320010c0b300010037000040eb00b3
:1093a00028f1b700c0888000d188800092000700b3
:1093b0000004e000060032000e80e8001080fb0090
:1093c0000000e0000200320010c0b30001003700ce
:1093d0000040eb0029f1b70028d1bf000004e000f5
:1093e00003003a0029d1bf000004e0000100320070
:1093f0009b110700000000000080fa00000006003a
:109400000200fa00000f780020d1bf000004e00045
:1094100003003a009e007800f187880001003700c1
:10942000000000000080fa00000006000200fa00c0
:10943000004f780020d1bf000004e0000c003a008b
:109440001e417800211221008248780022d1bf00fd
:109450000080fb00610060004800dd0011708000aa
:109460000180a10001007000107088000100370029
:10947000000000000080fa00000006000400fa006e
:10948000000f7800110798009e007800018888007e
:109490009e00900011888800000000000080fa0003
:1094a000000006000200fa00004f78001e4178001c
:1094b000b112210082487800000000000080fa000c
:1094c000000006000400fa00004f780021479800d1
:1094d0001e41780061122100824878002e419000e0
:1094e0007112210082487800000000000080fa001c
:1094f000000006000600fa00004f780011079800ef
:10950000220798001e417800a10f210082487800b0
:109510001e00900070888800ae00900021888800ae
:10952000000000000080fa00000006000600fa00bb
:10953000004f780011079800220798001e4178001c
:10954000b10f2100824878001e00900080888800ba
:10955000ae00900031888800000000000080fa0012
:10956000000006000800fa00204798002107980034
:10957000320798003e0090008000d1003031280072
:109580000008b8004608de00000f78009e00780052
:10959000a00f20008088b900000f78009e0078009e
:1095a0006600470010805000a00fb000be00900081
:1095b0009e805000810f5000030039001e0078008b
:1095c0000000e00002003a00a10f20001e8f4000c2
:1095d0002e00900090888800ae409000c20f2100bd
:1095e000014978001e0178004288880000000000d0
:1095f0000080fa00000006000400fa00889fbe0008
:109600008a1f7800008fbe006011b8001e0078002d
:109610009e009000cf9d07000000e0000300350091
:109620000800200009f82300010037006044b8005a
:109630001091800021918000e69d0700020020002b
:10964000a3472400f89e070000017800010078007d
:1096500082017800000178001ac0b300030078008e
:10966000820078000001be000800be00b79d070020
:109670000000e000010035000045eb000a407800e2
:109680004f0578004f04be000080fa00000006007d
:109690000000fa0023d1bf000080fa00000006009d
:1096a0000000fa00f08780000080fa000000060049
:1096b0000200fa00000f7800d16a2e001e00780028
:1096c0004abc07000000e0000f003200216b2e00b2
:1096d0001e00780045bc07000000e0000a003200d0
:1096e000916d2e001e00780040bc07000000e000d5
:1096f00005003200616a2e001e0078003bbc0700a6
:109700000000e00003003a009e007800902522004f
:1097100042bc0700000000000080fa0000000600c4
:109720000000fa00889fbe00003a80004300de007f
:1097300061406000e14f500025003a0024d1bf0095
:109740000004e00021003200008880006104b800bd
:10975000f08e8000018f80000001be000004200018
:1097600001002000b29d0700000178000100780090
:109770008200780000017800803e20008091b900ce
:1097800001007800e000b90000014100803e2000a7
:109790000008b800010141008200780012c0b30047
:1097a000800f5400818f5c00010036000041eb0007
:1097b0000280fb0011888000810f500003003e00f2
:1097c0004067a90010c0b300020037000040fe004f
:1097d0000040eb004f04be000080fa0000000600cd
:1097e0000600fa00881f7800af100700000f78000d
:1097f0008610070010079800210798002fd1bf009e
:109800000004e0001b003200a10f2100914078000d
:10981000c0c3b30080cf50000b003a00a088800086
:10982000b188800018c0b3000001be001e00900087
:10983000ae009000459d07000000e0001f003500cd
:109840000044eb001d003700a0888000b188800034
:1098500018c0b3000001be001e009000ae009000d2
:109860003c9d07000000e00014003c000044eb00b9
:1098700012003700a10f210091407800c0c3b3004f
:1098800080cf500007003a009e007800708880006a
:1098900018c0b300808f5000080039000044eb006e
:1098a000060037009e0078007088800018c0b30062
:1098b000808f500001003e000044eb00084078001b
:1098c0004f0478000080fa00000006000600fa004d
:1098d000881f780074100700000f78004b100700f5
:1098e00010079800210798002dd1bf000004e00068
:1098f0001b003200b10f210091407800e0c3b3009b
:1099000080cf50000b003a00c0888000d1888000d2
:1099100018c0b3000001be001e009000ae00900011
:109920000c9d07000000e0001f003c000044eb001d
:109930001d003700c0888000d188800018c0b300a7
:109940000001be001e009000ae009000ff9c0700ca
:109950000000e000140035000044eb001200370066
:10996000b10f210091407800e0c3b30080cf5000d8
:1099700007003a009e0078008088800018c0b3007d
:10998000808f500008003e000044eb0006003700c6
:109990009e0078008088800018c0b300808f50003f
:1099a000010039000044eb00084078004f047800c3
:1099b0000080fa00000006001200fa00881f7800fc
:1099c00039100700000f78001010070010079800ea
:1099d00021079800d810070000000000ee100700d3
:1099e0008000780040888000808f5000fbff3900a5
:1099f000d8100700ec1007002b1007003007980064
:109a00000210070040079800510798003e009000a0
:109a10001e005000600798001e019000ae019000eb
:109a20004e009000de009000119d07007007980026
:109a3000010f98002ed1bf000004e0003700320073
:109a4000fcd0bf000000fb00d1022000810f5000bd
:109a500011003200d1032000810f500019003200a4
:109a6000b1022000810f500053003a00e0888000ce
:109a7000f188800018c0b3000001be007e00900095
:109a80008e089000b39c07000000e0004b003d00f2
:109a90000044eb0049003700e0888000f188800036
:109aa00018c0b3000001be007e0090008e08900038
:109ab000a69c07000000e000400034000044eb00da
:109ac0003e003700e0888000f18880000001be0081
:109ad0007e0090008e0890009e9c07000000e00031
:109ae00008003d00e0888000f18880000001be0091
:109af0007e0090008e089000949c07000000e0001b
:109b000002003c0010002000010037000000eb00c4
:109b1000004478006144640028003700fcd0bf0096
:109b20000000fb00d1022000810f50000d00320028
:109b3000d1032000810f500011003200b10220003b
:109b4000810f50001c003a00ee00900090888000c9
:109b500018c0b300808f5000180031000044eb00a3
:109b600016003700ee0090009088800018c0b30007
:109b7000808f5000110036000044eb000f003700ca
:109b8000ee00900090888000808f5000040031002b
:109b9000ee00900090888000808f500002003e0010
:109ba00010002000010037000000eb0000447800a6
:109bb00061446400010037000044eb000840780075
:0c9bc0004f0478000080fa00000006004e
:020000040000fa
:020000040001f9
:109bcc000000fa00803e2000408f8800601d2100bc
:109bdc0011c0b30001509800601d21008040eb00c3
:109bec0011509800601d21008040eb0041509800fe
:109bfc00601d210011c0b30051509800601d210060
:109c0c008040eb0061509800601d210011c0b30032
:109c1c0051589800601d210011c0b300715098007c
:109c2c00601d21008040eb0001589800601d210050
:109c3c008040eb0011589800601d21008040eb0023
:109c4c0021589800601d210011c0b30041589800a4
:109c5c00601d210011c0b30031589800601d210017
:109c6c0001c8b30061589800f07d2000010020006d
:109c7c00b08f8800c18f8800103f2300b18d210068
:109c8c001090880021908800f07d200001002000b9
:109c9c0090b68800a1b68800807e200001002000cc
:109cac00d08f8800e18f880010112f00a18d21002a
:109cbc003090880041908800f0ff200001002000c7
:109ccc00f08f8800019088006000b80050908800e8
:109cdc0061908800601d21008040eb001178980095
:109cec00606f210021c0b30001c09900601d2100ec
:109cfc008040eb0001e09800601d21008040eb00eb
:109d0c0011e09800601d21008040eb0021e09800dc
:109d1c00601d21008040eb0031e09800601d2100a7
:109d2c008040eb0041609a00601d210011c0b3001f
:109d3c0051609a00601d21008040eb0061609a0028
:109d4c006000b8002098880031988800601d2100c0
:109d5c008040eb0021709a00601d21008040eb00d8
:109d6c0031709a00611d21000050200000804000dd
:109d7c008040eb0001487800611d2100105020004c
:109d8c000080400011c0b300014878002600070095
:109d9c00130007000040eb000080fa0000000600f2
:109dac000000fa0040722e00618421000c000900b2
:109dbc00b0587800d000b100000000000080fa001c
:109dcc00000006000000fa00601d21008040eb003e
:109ddc0001509800000000000080fa00000006000e
:109dec000000fa00601d210011c0b3000150980062
:109dfc00000000000080fa00000006000000fa00dd
:109e0c00601d2100005090000070a7000040ea0087
:109e1c000040ea000080fb004700de0000407800b4
:109e2c000080fa00000006000000fa00601d21000e
:109e3c008040eb0011509800000000000080fa00f8
:109e4c00000006000000fa00601d210011c0b300e4
:109e5c0011509800000000000080fa00000006007d
:109e6c000000fa00601d2100105090000070a70047
:109e7c000040ea000040ea000080fb004700de00e2
:109e8c00004078000080fa00000006000a00fa008a
:109e9c004007980010c0b300b4f1b700640047004d
:109eac00801f78008e1f780010732e00801f7800a2
:109ebc004e009000c8b60700e68757001e007800d9
:109ecc009e009000c08d8800d18d88002e009000df
:109edc00be009000e08d8800f18d8800000000002d
:109eec000080fa00000006000400fa00000f780061
:109efc0011079800000000000080fa000000060026
:109f0c000000fa00000000000080fa0000000600cb
:109f1c000000fa0010c0b300b5f1b700000000005b
:109f2c000080fa00000006000000fa00b4d1bf0067
:109f3c000004e00005003200b5d1bf000004e000d1
:109f4c000200320010c0b30010003700b4d1bf00c3
:109f5c00614068000004e0000200320020c0b30041
:109f6c000a003700b4d1bf000004e0000600320044
:109f7c00b5d1bf00614068000004e000020032006f
:109f8c0030c0b300010037000040eb000080fa0045
:109f9c00000006000000fa0009ff070085f1070029
:109fac00000000000080fa00000006000000fa002b
:109fbc00606f2100607891000080fa0000000600bc
:020000040000fa
:020000040001f9
:109fcc00809fbe00ec80570031007800708e8800b6
:109fdc0011007800d0f1b7004f00be000000060061
:020000040000fa
:020000040001f9
:10a000000000000000000000000000000000000050
:10a010000000000000000000000000000000000040
:10a020000000000000000000000000000000000030
:10a030000000000000000000000000000000000020
:10a040000000000000000000000000000000000010
:10a050000000000000000000000000000000000000
:10a0600000000000000000000000000000000000f0
:10a0700000000000000000000000000000000000e0
:10a0800000000000000000000000000000000000d0
:10a0900000000000000000000000000000000000c0
:10a0a00000000000000000000000000000000000b0
:10a0b00000000000000000000000000000000000a0
:10a0c0000000000000000000000000000000000090
:10a0d0000000000000000000000000000000000080
:10a0e0000000000000000000000000000000000070
:10a0f0000000000000000000000000000000000060
:10a10000000000000000000000000000000000004f
:10a11000000000000000000000000000000000003f
:10a12000000000000000000000000000000000002f
:10a13000000000000000000000000000000000001f
:10a14000000000000000000000000000000000000f
:10a1500000000000000000000000000000000000ff
:10a1600000000000000000000000000000000000ef
:10a1700000000000000000000000000000000000df
:10a1800000000000000000000000000000000000cf
:10a1900000000000000000000000000000000000bf
:10a1a00000000000000000000000000000000000af
:10a1b000000000000000000000000000000000009f
:10a1c000000000000000000000000000000000008f
:10a1d000000000000000000000000000000000007f
:10a1e000000000000000000000000000000000006f
:10a1f000000000000000000000000000000000005f
:10a20000000000000000000000000000000000004e
:10a21000000000000000000000000000000000003e
:10a22000000000000000000000000000000000002e
:10a23000000000000000000000000000000000001e
:10a24000000000000000000000000000000000000e
:10a2500000000000000000000000000000000000fe
:10a2600000000000000000000000000000000000ee
:10a2700000000000000000000000000000000000de
:10a2800000000000000000000000000000000000ce
:10a2900000000000000000000000000000000000be
:10a2a00000000000000000000000000000000000ae
:10a2b000000000000000000000000000000000009e
:10a2c000000000000000000000000000000000008e
:10a2d000000000000000000000000000000000007e
:10a2e000000000000000000000000000000000006e
:10a2f000000000000000000000000000000000005e
:10a30000000000000000000000000000000000004d
:10a31000000000000000000000000000000000003d
:10a32000000000000000000000000000000000002d
:10a33000000000000000000000000000000000001d
:10a34000000000000000000000000000000000000d
:10a3500000000000000000000000000000000000fd
:10a3600000000000000000000000000000000000ed
:10a3700000000000000000000000000000000000dd
:10a3800000000000000000000000000000000000cd
:10a3900000000000000000000000000000000000bd
:10a3a00000000000000000000000000000000000ad
:10a3b000000000000000000000000000000000009d
:10a3c000000000000000000000000000000000008d
:10a3d000000000000000000000000000000000007d
:10a3e000000000000000000000000000000000006d
:10a3f000000000000000000000000000000000005d
:10a40000000000000000000000000000000000004c
:10a41000000000000000000000000000000000003c
:10a42000000000000000000000000000000000002c
:10a43000000000000000000000000000000000001c
:10a44000000000000000000000000000000000000c
:10a4500000000000000000000000000000000000fc
:10a4600000000000000000000000000000000000ec
:10a4700000000000000000000000000000000000dc
:10a4800000000000000000000000000000000000cc
:10a4900000000000000000000000000000000000bc
:10a4a00000000000000000000000000000000000ac
:10a4b000000000000000000000000000000000009c
:10a4c000000000000000000000000000000000008c
:10a4d000000000000000000000000000000000007c
:10a4e000000000000000000000000000000000006c
:10a4f000000000000000000000000000000000005c
:10a50000000000000000000000000000000000004b
:10a51000000000000000000000000000000000003b
:10a52000000000000000000000000000000000002b
:10a53000000000000000000000000000000000001b
:10a54000000000000000000000000000000000000b
:10a5500000000000000000000000000000000000fb
:10a5600000000000000000000000000000000000eb
:10a5700000000000000000000000000000000000db
:10a5800000000000000000000000000000000000cb
:10a5900000000000000000000000000000000000bb
:10a5a00000000000000000000000000000000000ab
:10a5b000000000000000000000000000000000009b
:10a5c000000000000000000000000000000000008b
:10a5d000000000000000000000000000000000007b
:10a5e000000000000000000000000000000000006b
:10a5f000000000000000000000000000000000005b
:10a60000000000000000000000000000000000004a
:10a61000000000000000000000000000000000003a
:10a62000000000000000000000000000000000002a
:10a63000000000000000000000000000000000001a
:10a64000000000000000000000000000000000000a
:10a6500000000000000000000000000000000000fa
:10a6600000000000000000000000000000000000ea
:10a6700000000000000000000000000000000000da
:10a6800000000000000000000000000000000000ca
:10a6900000000000000000000000000000000000ba
:10a6a00000000000000000000000000000000000aa
:10a6b000000000000000000000000000000000009a
:10a6c000000000000000000000000000000000008a
:10a6d000000000000000000000000000000000007a
:10a6e000000000000000000000000000000000006a
:10a6f000000000000000000000000000000000005a
:10a700000000000000000000000000000000000049
:10a710000000000000000000000000000000000039
:10a720000000000000000000000000000000000029
:10a730000000000000000000000000000000000019
:10a740000000000000000000000000000000000009
:10a7500000000000000000000000000000000000f9
:10a7600000000000000000000000000000000000e9
:10a7700000000000000000000000000000000000d9
:10a7800000000000000000000000000000000000c9
:10a7900000000000000000000000000000000000b9
:10a7a00000000000000000000000000000000000a9
:10a7b0000000000000000000000000000000000099
:10a7c0000000000000000000000000000000000089
:10a7d0000000000000000000000000000000000079
:10a7e0000000000000000000000000000000000069
:10a7f0000000000000000000000000000000000059
:10a800000000000000000000000000000000000048
:10a810000000000000000000000000000000000038
:10a820000000000000000000000000000000000028
:10a830000000000000000000000000000000000018
:10a840000000000000000000000000000000000008
:10a8500000000000000000000000000000000000f8
:10a8600000000000000000000000000000000000e8
:10a8700000000000000000000000000000000000d8
:10a8800000000000000000000000000000000000c8
:10a8900000000000000000000000000000000000b8
:10a8a00000000000000000000000000000000000a8
:10a8b0000000000000000000000000000000000098
:10a8c0000000000000000000000000000000000088
:10a8d0000000000000000000000000000000000078
:10a8e0000000000000000000000000000000000068
:10a8f0000000000000000000000000000000000058
:10a900000000000000000000000000000000000047
:10a910000000000000000000000000000000000037
:10a920000000000000000000000000000000000027
:10a930000000000000000000000000000000000017
:10a940000000000000000000000000000000000007
:10a9500000000000000000000000000000000000f7
:10a9600000000000000000000000000000000000e7
:10a9700000000000000000000000000000000000d7
:10a9800000000000000000000000000000000000c7
:10a9900000000000000000000000000000000000b7
:10a9a00000000000000000000000000000000000a7
:10a9b0000000000000000000000000000000000097
:10a9c0000000000000000000000000000000000087
:10a9d0000000000000000000000000000000000077
:10a9e0000000000000000000000000000000000067
:10a9f0000000000000000000000000000000000057
:10aa00000000000000000000000000000000000046
:10aa10000000000000000000000000000000000036
:10aa20000000000000000000000000000000000026
:10aa30000000000000000000000000000000000016
:10aa40000000000000000000000000000000000006
:10aa500000000000000000000000000000000000f6
:10aa600000000000000000000000000000000000e6
:10aa700000000000000000000000000000000000d6
:10aa800000000000000000000000000000000000c6
:10aa900000000000000000000000000000000000b6
:10aaa00000000000000000000000000000000000a6
:10aab0000000000000000000000000000000000096
:10aac0000000000000000000000000000000000086
:10aad0000000000000000000000000000000000076
:10aae0000000000000000000000000000000000066
:10aaf0000000000000000000000000000000000056
:10ab00000000000000000000000000000000000045
:10ab10000000000000000000000000000000000035
:10ab20000000000000000000000000000000000025
:10ab30000000000000000000000000000000000015
:10ab40000000000000000000000000000000000005
:10ab500000000000000000000000000000000000f5
:10ab600000000000000000000000000000000000e5
:10ab700000000000000000000000000000000000d5
:10ab800000000000000000000000000000000000c5
:10ab900000000000000000000000000000000000b5
:10aba00000000000000000000000000000000000a5
:10abb0000000000000000000000000000000000095
:10abc0000000000000000000000000000000000085
:10abd0000000000000000000000000000000000075
:10abe0000000000000000000000000000000000065
:10abf0000000000000000000000000000000000055
:10ac00000000000000000000000000000000000044
:10ac10000000000000000000000000000000000034
:10ac20000000000000000000000000000000000024
:10ac30000000000000000000000000000000000014
:10ac40000000000000000000000000000000000004
:10ac500000000000000000000000000000000000f4
:10ac600000000000000000000000000000000000e4
:10ac700000000000000000000000000000000000d4
:10ac800000000000000000000000000000000000c4
:10ac900000000000000000000000000000000000b4
:10aca00000000000000000000000000000000000a4
:10acb0000000000000000000000000000000000094
:10acc0000000000000000000000000000000000084
:10acd0000000000000000000000000000000000074
:10ace0000000000000000000000000000000000064
:10acf0000000000000000000000000000000000054
:10ad00000000000000000000000000000000000043
:10ad10000000000000000000000000000000000033
:10ad20000000000000000000000000000000000023
:10ad30000000000000000000000000000000000013
:10ad40000000000000000000000000000000000003
:10ad500000000000000000000000000000000000f3
:10ad600000000000000000000000000000000000e3
:10ad700000000000000000000000000000000000d3
:10ad800000000000000000000000000000000000c3
:10ad900000000000000000000000000000000000b3
:10ada00000000000000000000000000000000000a3
:10adb0000000000000000000000000000000000093
:10adc0000000000000000000000000000000000083
:10add0000000000000000000000000000000000073
:10ade0000000000000000000000000000000000063
:10adf0000000000000000000000000000000000053
:10ae00000000000000000000000000000000000042
:10ae10000000000000000000000000000000000032
:10ae20000000000000000000000000000000000022
:10ae30000000000000000000000000000000000012
:10ae40000000000000000000000000000000000002
:10ae500000000000000000000000000000000000f2
:10ae600000000000000000000000000000000000e2
:10ae700000000000000000000000000000000000d2
:10ae800000000000000000000000000000000000c2
:10ae900000000000000000000000000000000000b2
:10aea00000000000000000000000000000000000a2
:10aeb0000000000000000000000000000000000092
:10aec0000000000000000000000000000000000082
:10aed0000000000000000000000000000000000072
:10aee0000000000000000000000000000000000062
:10aef0000000000000000000000000000000000052
:10af00000000000000000000000000000000000041
:10af10000000000000000000000000000000000031
:10af20000000000000000000000000000000000021
:10af30000000000000000000000000000000000011
:10af40000000000000000000000000000000000001
:10af500000000000000000000000000000000000f1
:10af600000000000000000000000000000000000e1
:10af700000000000000000000000000000000000d1
:10af800000000000000000000000000000000000c1
:10af900000000000000000000000000000000000b1
:10afa00000000000000000000000000000000000a1
:10afb0000000000000000000000000000000000091
:10afc0000000000000000000000000000000000081
:10afd0000000000000000000000000000000000071
:10afe0000000000000000000000000000000000061
:10aff0000000000000000000000000000000000051
:020000040000fa
:020000040001f9
:10b000000000000000000000000000000000000040
:10b010000000000000000000000000000000000030
:10b020000000000000000000000000000000000020
:10b030000000000000000000000000000000000010
:10b040000000000000000000000000000000000000
:10b0500000000000000000000000000000000000f0
:10b0600000000000000000000000000000000000e0
:10b0700000000000000000000000000000000000d0
:10b0800000000000000000000000000000000000c0
:10b0900000000000000000000000000000000000b0
:10b0a00000000000000000000000000000000000a0
:10b0b0000000000000000000000000000000000090
:10b0c0000000000000000000000000000000000080
:10b0d0000000000000000000000000000000000070
:10b0e0000000000000000000000000000000000060
:10b0f0000000000000000000000000000000000050
:10b10000000000000000000000000000000000003f
:10b11000000000000000000000000000000000002f
:10b12000000000000000000000000000000000001f
:10b13000000000000000000000000000000000000f
:10b1400000000000000000000000000000000000ff
:10b1500000000000000000000000000000000000ef
:10b1600000000000000000000000000000000000df
:10b1700000000000000000000000000000000000cf
:10b1800000000000000000000000000000000000bf
:10b1900000000000000000000000000000000000af
:10b1a000000000000000000000000000000000009f
:10b1b000000000000000000000000000000000008f
:10b1c000000000000000000000000000000000007f
:10b1d000000000000000000000000000000000006f
:10b1e000000000000000000000000000000000005f
:10b1f000000000000000000000000000000000004f
:10b20000000000000000000000000000000000003e
:10b21000000000000000000000000000000000002e
:10b22000000000000000000000000000000000001e
:10b23000000000000000000000000000000000000e
:10b2400000000000000000000000000000000000fe
:10b2500000000000000000000000000000000000ee
:10b2600000000000000000000000000000000000de
:10b2700000000000000000000000000000000000ce
:10b2800000000000000000000000000000000000be
:10b2900000000000000000000000000000000000ae
:10b2a000000000000000000000000000000000009e
:10b2b000000000000000000000000000000000008e
:10b2c000000000000000000000000000000000007e
:10b2d000000000000000000000000000000000006e
:10b2e000000000000000000000000000000000005e
:10b2f000000000000000000000000000000000004e
:10b30000000000000000000000000000000000003d
:10b31000000000000000000000000000000000002d
:10b32000000000000000000000000000000000001d
:10b33000000000000000000000000000000000000d
:10b3400000000000000000000000000000000000fd
:10b3500000000000000000000000000000000000ed
:10b3600000000000000000000000000000000000dd
:10b3700000000000000000000000000000000000cd
:10b3800000000000000000000000000000000000bd
:10b3900000000000000000000000000000000000ad
:10b3a000000000000000000000000000000000009d
:10b3b000000000000000000000000000000000008d
:10b3c000000000000000000000000000000000007d
:10b3d000000000000000000000000000000000006d
:10b3e000000000000000000000000000000000005d
:10b3f000000000000000000000000000000000004d
:10b40000000000000000000000000000000000003c
:10b41000000000000000000000000000000000002c
:10b42000000000000000000000000000000000001c
:10b43000000000000000000000000000000000000c
:10b4400000000000000000000000000000000000fc
:10b4500000000000000000000000000000000000ec
:10b4600000000000000000000000000000000000dc
:10b4700000000000000000000000000000000000cc
:10b4800000000000000000000000000000000000bc
:10b4900000000000000000000000000000000000ac
:10b4a000000000000000000000000000000000009c
:10b4b000000000000000000000000000000000008c
:10b4c000000000000000000000000000000000007c
:10b4d000000000000000000000000000000000006c
:10b4e000000000000000000000000000000000005c
:10b4f000000000000000000000000000000000004c
:10b50000000000000000000000000000000000003b
:10b51000000000000000000000000000000000002b
:10b52000000000000000000000000000000000001b
:10b53000000000000000000000000000000000000b
:10b5400000000000000000000000000000000000fb
:10b5500000000000000000000000000000000000eb
:10b5600000000000000000000000000000000000db
:10b5700000000000000000000000000000000000cb
:10b5800000000000000000000000000000000000bb
:10b5900000000000000000000000000000000000ab
:10b5a000000000000000000000000000000000009b
:10b5b000000000000000000000000000000000008b
:10b5c000000000000000000000000000000000007b
:10b5d000000000000000000000000000000000006b
:10b5e000000000000000000000000000000000005b
:10b5f000000000000000000000000000000000004b
:10b60000000000000000000000000000000000003a
:10b61000000000000000000000000000000000002a
:10b62000000000000000000000000000000000001a
:10b63000000000000000000000000000000000000a
:10b6400000000000000000000000000000000000fa
:10b6500000000000000000000000000000000000ea
:10b6600000000000000000000000000000000000da
:10b6700000000000000000000000000000000000ca
:10b6800000000000000000000000000000000000ba
:10b6900000000000000000000000000000000000aa
:10b6a000000000000000000000000000000000009a
:10b6b000000000000000000000000000000000008a
:10b6c000000000000000000000000000000000007a
:10b6d000000000000000000000000000000000006a
:10b6e000000000000000000000000000000000005a
:10b6f000000000000000000000000000000000004a
:10b700000000000000000000000000000000000039
:10b710000000000000000000000000000000000029
:10b720000000000000000000000000000000000019
:10b730000000000000000000000000000000000009
:10b7400000000000000000000000000000000000f9
:10b7500000000000000000000000000000000000e9
:10b7600000000000000000000000000000000000d9
:10b7700000000000000000000000000000000000c9
:10b7800000000000000000000000000000000000b9
:10b7900000000000000000000000000000000000a9
:10b7a0000000000000000000000000000000000099
:10b7b0000000000000000000000000000000000089
:10b7c0000000000000000000000000000000000079
:10b7d0000000000000000000000000000000000069
:10b7e0000000000000000000000000000000000059
:10b7f0000000000000000000000000000000000049
:10b800000000000000000000000000000000000038
:10b810000000000000000000000000000000000028
:10b820000000000000000000000000000000000018
:10b830000000000000000000000000000000000008
:10b8400000000000000000000000000000000000f8
:10b8500000000000000000000000000000000000e8
:10b8600000000000000000000000000000000000d8
:10b8700000000000000000000000000000000000c8
:10b8800000000000000000000000000000000000b8
:10b8900000000000000000000000000000000000a8
:10b8a0000000000000000000000000000000000098
:10b8b0000000000000000000000000000000000088
:10b8c0000000000000000000000000000000000078
:10b8d0000000000000000000000000000000000068
:10b8e0000000000000000000000000000000000058
:10b8f0000000000000000000000000000000000048
:10b900000000000000000000000000000000000037
:10b910000000000000000000000000000000000027
:10b920000000000000000000000000000000000017
:10b930000000000000000000000000000000000007
:10b9400000000000000000000000000000000000f7
:10b9500000000000000000000000000000000000e7
:10b9600000000000000000000000000000000000d7
:10b9700000000000000000000000000000000000c7
:10b9800000000000000000000000000000000000b7
:10b9900000000000000000000000000000000000a7
:10b9a0000000000000000000000000000000000097
:10b9b0000000000000000000000000000000000087
:10b9c0000000000000000000000000000000000077
:10b9d0000000000000000000000000000000000067
:10b9e0000000000000000000000000000000000057
:10b9f0000000000000000000000000000000000047
:10ba00000000000000000000000000000000000036
:10ba10000000000000000000000000000000000026
:10ba20000000000000000000000000000000000016
:10ba30000000000000000000000000000000000006
:10ba400000000000000000000000000000000000f6
:10ba500000000000000000000000000000000000e6
:10ba600000000000000000000000000000000000d6
:10ba700000000000000000000000000000000000c6
:10ba800000000000000000000000000000000000b6
:10ba900000000000000000000000000000000000a6
:10baa0000000000000000000000000000000000096
:10bab0000000000000000000000000000000000086
:10bac0000000000000000000000000000000000076
:10bad0000000000000000000000000000000000066
:10bae0000000000000000000000000000000000056
:10baf0000000000000000000000000000000000046
:10bb00000000000000000000000000000000000035
:10bb10000000000000000000000000000000000025
:10bb20000000000000000000000000000000000015
:10bb30000000000000000000000000000000000005
:10bb400000000000000000000000000000000000f5
:10bb500000000000000000000000000000000000e5
:10bb600000000000000000000000000000000000d5
:10bb700000000000000000000000000000000000c5
:10bb800000000000000000000000000000000000b5
:10bb900000000000000000000000000000000000a5
:10bba0000000000000000000000000000000000095
:10bbb0000000000000000000000000000000000085
:10bbc0000000000000000000000000000000000075
:10bbd0000000000000000000000000000000000065
:10bbe0000000000000000000000000000000000055
:10bbf0000000000000000000000000000000000045
:10bc00000000000000000000000000000000000034
:10bc10000000000000000000000000000000000024
:10bc20000000000000000000000000000000000014
:10bc30000000000000000000000000000000000004
:10bc400000000000000000000000000000000000f4
:10bc500000000000000000000000000000000000e4
:10bc600000000000000000000000000000000000d4
:10bc700000000000000000000000000000000000c4
:10bc800000000000000000000000000000000000b4
:10bc900000000000000000000000000000000000a4
:10bca0000000000000000000000000000000000094
:10bcb0000000000000000000000000000000000084
:10bcc0000000000000000000000000000000000074
:10bcd0000000000000000000000000000000000064
:10bce0000000000000000000000000000000000054
:10bcf0000000000000000000000000000000000044
:10bd00000000000000000000000000000000000033
:10bd10000000000000000000000000000000000023
:10bd20000000000000000000000000000000000013
:10bd30000000000000000000000000000000000003
:10bd400000000000000000000000000000000000f3
:10bd500000000000000000000000000000000000e3
:10bd600000000000000000000000000000000000d3
:10bd700000000000000000000000000000000000c3
:10bd800000000000000000000000000000000000b3
:10bd900000000000000000000000000000000000a3
:10bda0000000000000000000000000000000000093
:10bdb0000000000000000000000000000000000083
:10bdc0000000000000000000000000000000000073
:10bdd0000000000000000000000000000000000063
:10bde0000000000000000000000000000000000053
:10bdf0000000000000000000000000000000000043
:10be00000000000000000000000000000000000032
:10be10000000000000000000000000000000000022
:10be20000000000000000000000000000000000012
:10be30000000000000000000000000000000000002
:10be400000000000000000000000000000000000f2
:10be500000000000000000000000000000000000e2
:10be600000000000000000000000000000000000d2
:10be700000000000000000000000000000000000c2
:10be800000000000000000000000000000000000b2
:10be900000000000000000000000000000000000a2
:10bea0000000000000000000000000000000000092
:10beb0000000000000000000000000000000000082
:10bec0000000000000000000000000000000000072
:10bed0000000000000000000000000000000000062
:10bee0000000000000000000000000000000000052
:10bef0000000000000000000000000000000000042
:10bf00000000000000000000000000000000000031
:10bf10000000000000000000000000000000000021
:10bf20000000000000000000000000000000000011
:10bf30000000000000000000000000000000000001
:10bf400000000000000000000000000000000000f1
:10bf500000000000000000000000000000000000e1
:10bf600000000000000000000000000000000000d1
:10bf700000000000000000000000000000000000c1
:10bf800000000000000000000000000000000000b1
:10bf900000000000000000000000000000000000a1
:10bfa0000000000000000000000000000000000091
:10bfb0000000000000000000000000000000000081
:10bfc0000000000000000000000000000000000071
:10bfd0000000000000000000000000000000000061
:10bfe0000000000000000000000000000000000051
:10bff0000000000000000000000000000000000041
:020000040000fa
:020000040001f9
:10c000000400fa00000f7800110798001e40780025
:10c010000080fb00ee01b900201b2e000000410053
:10c0200090007800f00f2000808f500002003a004e
:10c0300010c0b300010037000040eb000080fa00a0
:10c04000000006000400fa00000f780011079800b5
:10c050001e4078000080fb00ee01b900201b2e007e
:10c060000000410090007800f00f2000808f500009
:10c0700002003a0010c0b300fc0037001e409000e0
:10c080000080fb000000e0001e003200e10f5000c5
:10c0900037003a001e4078000080fb00ee00b90037
:10c0a0008080e800201b2e000080400010007800f7
:10c0b000900178001e4078000080fb00ee01b9007e
:10c0c000201b2e000000410090007800100020008e
:10c0d0000100dd000080ea00800078001e4078004a
:10c0e0000080fb00ee00b9000081e800201b2e005c
:10c0f0000000410010007800818061000108780094
:10c100001d0037001e4078000080fb00ee00b900e3
:10c110008080e800201b2e00008040001000780086
:10c12000100178001e4078000080fb00ee02b9008c
:10c13000201b2e000000420090007800100020001c
:10c140000100dd00800078001e4078000080fb00c8
:10c15000ee00b9008081e800201b2e000080410025
:10c16000100078008280700001087800020037001b
:10c1700010c0b300bd0037002e4090000080fb00cf
:10c18000e40f500047003200e40f500007003c006d
:10c19000e20f50000c003200e20f500026003c007d
:10c1a0000000e000af003200ac003700e60f5000a6
:10c1b00073003200e60f500056003500e70f5000c4
:10c1c0008b003200a50037001e4078000080fb0085
:10c1d000ee00b900e8004000201b2e000080400067
:10c1e00010007800900178001e4078000080fb006d
:10c1f000ee01b900201b2e000000410090007800e5
:10c20000100020000100dd000080ea0080007800be
:10c210001e4078000080fb00ee00b900680140007d
:10c22000201b2e000000410010007800818061007a
:10c23000010878008c0037001e4078000080fb0069
:10c24000ee00b900e8004000201b2e0000804000f6
:10c2500010007800100178001e4078000080fb007c
:10c26000ee02b900201b2e00000042009000780072
:10c27000100020000100dd00800078001e407800e2
:10c280000080fb00ee00b900e8014000201b2e00fa
:10c290000080410010007800828070000108780062
:10c2a000710037001e4078000080fb00ee00b900ee
:10c2b000ea004000201b2e000080400010007800a3
:10c2c000900178001e4078000080fb00ee01b9006c
:10c2d000201b2e000000410090007800100020007c
:10c2e0000100dd000080ea00800078001e40780038
:10c2f0000080fb00ee00b9006a014000201b2e0008
:10c300000000410010007800818061000108780081
:10c31000550037001e4078000080fb00ee00b90099
:10c32000ea004000201b2e00008040001000780032
:10c33000100178001e4078000080fb00ee02b9007a
:10c34000201b2e000000420090007800100020000a
:10c350000100dd00800078001e4078000080fb00b6
:10c36000ee00b900ea014000201b2e0000804100d1
:10c370001000780082807000010878003a003700d1
:10c380001e4078000080fb00ee00b900ec00400089
:10c39000201b2e00008040001000780090017800e3
:10c3a0001e4078000080fb00ee01b900201b2e002b
:10c3b0000000410090007800100020000100dd0026
:10c3c0000080ea00800078001e4078000080fb00ba
:10c3d000ee00b9006c014000201b2e00000041005f
:10c3e0001000780081806100010878001e0037008d
:10c3f0001e4078000080fb00ee00b900ec00400019
:10c40000201b2e00008040001000780010017800f2
:10c410001e4078000080fb00ee02b900201b2e00b9
:10c420000000420090007800100020000100dd00b4
:10c43000800078001e4078000080fb00ee00b9000c
:10c44000ec014000201b2e0000804100100078000d
:10c4500082807000010878000300370010c0b3002c
:10c4600002003700000000000040eb000080fa00ee
:10c47000000006000400fa00000f78001107980081
:10c480001e4078000080fb00ee01b900201b2e004a
:10c490000000410090007800f00f2000808f5000d5
:10c4a00002003a0010c0b3003a0037003e4090004e
:10c4b0000004e0001b0032001e4078000080fb00fa
:10c4c000ee00b900e4004000201b2e000080400078
:10c4d00010007800100178001e4078000080fb00fa
:10c4e000ee02b900201b2e000000420090007800f0
:10c4f000100020000100dd00800078001e40780060
:10c500000080fb00ee00b900e4014000201b2e007b
:10c5100000804100100078008280700001087800df
:10c520001b0037001e4078000080fb00ee00b900c1
:10c53000e4004000201b2e00008040001000780026
:10c54000900178001e4078000080fb00ee01b900e9
:10c55000201b2e00000041009000780010002000f9
:10c560000100dd000080ea00800078001e407800b5
:10c570000080fb00ee00b90064014000201b2e008b
:10c5800000004100100078008180610001087800ff
:10c590000040eb000080fa00000006000400fa00f2
:10c5a000000f7800110798001e4078000080fb0003
:10c5b000ee00b900e4004000201b2e000080400087
:10c5c00010007800900078001e4078000080fb008a
:10c5d000ee01b900201b2e00000041001000780081
:10c5e0000008de0000407800614060000080fa0032
:10c5f000000006000400fa00000f78001107980000
:10c600001e4078000080fb00ee00b900e60040000c
:10c61000201b2e0000804000100078009000780061
:10c620001e4078000080fb00ee01b900201b2e00a8
:10c6300000004100100078000008de000040780093
:10c64000614060000080fa00000006000600fa0069
:10c6500022002000003779000280e80001377800ce
:10c660000040eb00004f78000040eb00004f7800e6
:10c670000f003700200020000000e8006e40780026
:10c680000080fb00800078001e80fb00e301b90001
:10c69000a03a2e000000410054b007000000e00066
:10c6a000070032001e4078000040e800004f78008c
:10c6b0001e407800e74f5000eeff360001003700c3
:10c6c000000000001e4078000080fa000000060014
:10c6d0000600fa0022002000003779000280e800fe
:10c6e000013778000040eb00004f78000040eb007d
:10c6f000004f78000f003700200020000080e80085
:10c700006e4078000080fb00800078001e80fb00f7
:10c71000e301b900a03a2e000000410033b0070049
:10c720000000e000070032001e4078000040e800f2
:10c73000004f78001e407800e74f5000eeff3600b3
:10c7400001003700000000001e4078000080fa0061
:10c75000000006000400fa00008fbe002188a90036
:10c760002168a90080082000001188002222ef0023
:10c770001e0178009e019000c01e2400511320006d
:10c78000ab91070080017800010178000300780078
:10c79000820078004c09dd004400de0000007100da
:10c7a000c408de00000078000000e90040118800a5
:10c7b0002062a9002168a80021e2a8002342a80065
:10c7c000000000000080fa00000006001000fa00df
:10c7d00060079800710798006e019000fe019000bc
:10c7e000c01e2400511320009191070080017800a1
:10c7f0000101780003007800820078004c09dd0018
:10c800004400de0000007100c408de00640147003f
:10c81000f4ff2f00f5ff2f00041940000591480098
:10c8200012027800920290002407980035079800c1
:10c830006400470014002000050020003001420081
:10c84000a0814a004418dd00cc10de008100700099
:10c850004410dd000001be00c01e24005113200062
:10c860007391070040079800510798006e019000ef
:10c87000fe0190004e009000de009000800f5100fd
:10c88000818f5900110036006e009000fe0090006c
:10c890006801470032025000a28258000400be0026
:10c8a0004c910700008fbe006e009000fe009000cb
:10c8b000489107000001be001e0078009e00900015
:10c8c00059920700008fbe00100037004e00900004
:10c8d000de0090006c01470032025000a282580036
:10c8e0000400be003b910700008fbe006e00900068
:10c8f000fe009000379107000001be001e00780086
:10c900009e00900048920700008fbe0002002000a9
:10c91000832c24001e0078009e00900021930700c5
:10c92000008fbe001e0078009e0090000b91070053
:10c930000080fa00000006000400fa0054f307002b
:10c940000004e0002f00320055f30700800078005b
:10c95000803e20008088b90010079800f604070088
:10c960000040eb00004f7800120037000a05070076
:10c97000800078000e80e80090805000f0a52e0026
:10c98000808f50000b003e0059d1bf000004e00032
:10c99000080032001e407800614068000004e0009a
:10c9a00004003200a0732e009d00070010c0b300e9
:10c9b000004f780010118000004078006140600056
:10c9c000e14f500004003200f30407009e00900085
:10c9d000808f5000e5ff3e00de040700ee040700f4
:10c9e0009e009000808f500003003e008000eb000e
:10c9f00050742e00ecf10700eb040700060037002e
:10ca0000dbf10700101180000040780061406000f9
:10ca1000e14f5000faff3a00101180000000d100f1
:10ca200061406000e14f500001003a002222a9005d
:10ca300030118000004078000080fa0000000600fd
:10ca40000600fa0010079800210798000000eb008c
:10ca5000000f78005d003700b7ff070080407800c6
:10ca60000e80e800100178001e00410001487800a7
:10ca7000e5f407000000e0000e0032001e00780020
:10ca80000000e00006003a000e80e8009000780008
:10ca90001e80400010407800e84f50000500320032
:10caa0000e80e800100178001e0041001040780060
:10cab0004e0007000e80e800900078001e804000c5
:10cac00010407800ed4f500007003a001e0078003b
:10cad0000000e00004003a00810422001e009000e3
:10cae0004eaf07003e0037000e80e80010017800ce
:10caf0001e00410010407800e84f500014003a003a
:10cb00001e0078000000e00011003200bef40700b3
:10cb10000000e0000700320000c2b300330007004d
:10cb20000e80e800900078001e80400010407800e1
:10cb30002e0007001e0fe9001e0078000000e00034
:10cb400022003a000000eb00000f78001f003700c1
:10cb50000e80e800100178001e00410010407800af
:10cb6000ea4f5000060032000e80e8009000780086
:10cb70001e80400010407800ed4f500009003a0040
:10cb80000e80e800100178001e0041008040eb009c
:10cb9000014878009e009000800422001faf07002b
:10cba0000f0037000e80e800900078001e804000e3
:10cbb00010407800e84f500003003a000000eb00fe
:10cbc000000f7800010037001e0fe80064004700e6
:10cbd0001000e9009e007800808f50009eff390011
:10cbe000000000000080fa00000006000200fa00c9
:10cbf000004f780000000000101180004900de00a6
:10cc0000614060000004e000fbff3a001e80fb0072
:10cc100020118800000000000080fa0000000600db
:10cc20000200fa00000f78000b003700000000003f
:10cc3000101180004900de0061406000e14f5000ab
:10cc4000fbff32001e007800104078000000fb005f
:10cc5000201188001e0fe8001e00780010407800a8
:10cc60000004e000f1ff3a00000000000080fa003c
:10cc7000000006000000fa0010118000004078005b
:10cc8000614060000080fb0000f0a7000000ea00a7
:10cc90000000ea004f00de00004078000080fa004b
:10cca000000006000000fa00101180004800de00bd
:10ccb000614060000004e0000700320010118000b5
:10ccc0004a00de00614060000004e0000200320023
:10ccd00010002000010037000000eb000040780049
:10cce000614060000080fa00000006000000fa00c9
:10ccf000101180004800de00614060000080fb00f1
:10cd000000f0a7000000ea000000ea004f00de008b
:10cd1000004078000080fa00000006000000fa00e1
:10cd2000101180000080fa00000006000000fa00e8
:10cd3000d0ff07000080fa00000006000000fa00a3
:10cd4000d8ff07000080fa00000006000000fa008b
:10cd5000c8ff07000080fa00000006000000fa008b
:0ccd6000e2ff07000080fa00000006005f
:020000040000fa
:020000040001f9
:10cd6c00ce1100000400000080000000d61b000063
:10cd7c002000000080000000d21100000200000022
:10cd8c0082000000ffff0000042200001e000000d3
:10cd9c00800000008a1000003800000080000000b5
:10cdac00942200000400000082000000ffffff003e
:10cdbc00ff000000c8110000060000008000000009
:10cdcc002a200000820000008000000032110000c8
:10cddc003600000080000000222200001e0000002f
:10cdec0080000000c210000038000000800000002d
:10cdfc00ac2000005a000000800000006811000008
:10ce0c00360000008000000066180000da02000006
:10ce1c00800000004810000042000000800000006c
:10ce2c0006210000500000008200000053544e0008
:10ce3c003231320030207200312e30000000000000
:10ce4c00005354004e3231003230200076352e0023
:10ce5c00362e350000005300544e32003132300073
:10ce6c00207635002e362e0035205b003230320015
:10ce7c00302e3100302e3100345d000000000000f7
:10ce8c000032310032303100303135003433300073
:10ce9c003300000000000000401b00009600000062
:10ceac00800000000010000048000000800000001e
:10cebc009e1100000c0000008200000001008000a8
:10cecc002500000080250000000100004022000029
:10cedc001e00000080000000fa1000003800000066
:10ceec0080000000d61100009006000080000000b9
:10cefc00b61100000a000000820000000100390099
:10cf0c00300000009e02000000000000aa1100008a
:10cf1c000c00000080000000001e0000200100003a
:10cf2c0080000000001c00000002000080000000d7
:10cf3c00c01100000800000080000000d4110000a7
:10cf4c000200000080000000fe1b00000200000038
:10cf5c008000000098220000020000008000000009
:10cf6c005e2200001e00000082000000286e690096
:10cf7c006c29000025006800076c09004c836a00ce
:10cf8c009074a0007ac000008068880000846c0057
:10cf9c0082008100ce2100003600000082000000db
:10cfac00696e6600696e6900747900006e616e00ce
:10cfbc0000005f0070890000ff092f000f0a0000bd
:10cfcc000000640000000000e803000000102700cf
:10cfdc000000a0008601000040420f000080960077
:10cfec0098000000e1f50500201f00000a01000078
:10cffc008200000000010200040703000605000087
:10d00c00ffffff00ffffff00ffffff00ffffff0020
:10d01c00ffffff00ffffff00ffffff00ffffff0010
:10d02c00ffffff00ffffff00ffffff00ffffff0000
:10d03c00ffffff00ffffff00ffffff00ffffff00f0
:10d04c00ff00010002030400050607000809ff00a9
:10d05c00ffffff00ffffff000a0b0c000d0e0f007f
:10d06c00101112001314150016171800191a1b00b2
:10d07c001c1d1e001f2021002223ff00ffffff00ac
:10d08c00ffff0a000b0c0d000e0f10001112130005
:10d09c0014151600171819001a1b1c001d1e1f0052
:10d0ac002021220023ffff00ffffff00ffffff00f6
:10d0bc00ffffff00ffffff00ffffff00ffffff0070
:10d0cc00ffffff00ffffff00ffffff00ffffff0060
:10d0dc00ffffff00ffffff00ffffff00ffffff0050
:10d0ec00ffffff00ffffff00ffffff00ffffff0040
:10d0fc00ffffff00ffffff00ffffff00ffffff0030
:10d10c00ffffff00ffffff00ffffff00ffffff001f
:10d11c00ffffff00ffffff00ffffff00ffffff000f
:10d12c00ffffff00ffffff00ffffff00ffffff00ff
:10d13c00ffffff00ffffff00ffffff00ffffff00ef
:10d14c00ffffff00ffffff00ffffff00ffffff00df
:10d15c00ffffff00ffff0000f61b000008000000af
:10d16c00800000009a2200000200000080000000f5
:10d17c007c2200001000000082000000494e460096
:10d18c0000696e0066004e00414e00006e616e003c
:10d19c00000000008c22000008000000820000004b
:10d1ac00696e6600006e61006e0000009c2200003b
:10d1bc000200000080000000562100003c0000002e
:10d1cc0082000000010003000000000000000000cd
:10d1dc000000000000003c004700000000000000c0
:10d1ec0000be46002e4800000000000000000000b9
:10d1fc000000000000000000000000000000000023
:10d20c000000000000000000000000000000000012
:10d21c0000000000922100003c0000008200000091
:10d22c0001000300000000000000000000000000ee
:10d23c0000003c00470000000000000000be46005b
:10d24c002e4800000000000000000000000000005c
:10d25c0000000000000000000000000000000000c2
:10d26c0000000000000000000000000000000000b2
:10d27c009e2200000200000082000000010000005d
:10d28c00a02200000200000080000000000000004e
:020000040000fa
:020000040001f9
:10d29c000800fa00200798003107980035000700b5
:10d2ac00823e200003002000de8e0700008fbe00af
:10d2bc0001003700000000002e000700823e200015
:10d2cc0003002000d78e0700800178000101780050
:10d2dc0003007800820078003e015000ae815800b7
:10d2ec000200be002e019000be019000800f510084
:10d2fc00818f5900efff3900000000000080fa0018
:10d30c00000006000400fa00008fbe0000000000c0
:10d31c000080fa00000006000000fa0013e1a900ea
:10d32c001221a90012c1a900900880000040a000a1
:10d33c000050a100900888000a21ef00c0d4210001
:10d34c0070088800204280000000a0000010a1009e
:10d35c000020a100204288000108a9002108a80093
:10d36c0013e1a80011e1a800000000000080fa0001
:10d37c00000006000000fa00208e8000318e800034
:10d38c000001780081007800020078000080fa002b
:10d39c00000006001000fa004007980051079800a2
:10d3ac006207980073079800228e8000338e8000ed
:10d3bc00028fbe004e009000de0090001e0178002f
:10d3cc009e019000800f5100818f59000f00390091
:10d3dc001e0078009e009000680147003202500049
:10d3ec00a28258000400be006e019000fe01900065
:10d3fc00800f5100818f590002003e0010c0b30015
:10d40c00170037000040eb0015003700f0ff2f002d
:10d41c00f1ff23006801470032025000a28258003d
:10d42c000400be0020079800310798002e009000e1
:10d43c00be0090003e014000ae8148000200be00dc
:10d44c006e019000fe019000800f5100818f5900f9
:10d45c0002003e0010c0b300010037000040eb009a
:10d46c000080fa00000006000800fa00200798006f
:10d47c0031079800228e8000338e8000028fbe0010
:10d48c002e009000be0090001e0178009e019000be
:10d49c00800f5100818f5900070039001e00780061
:10d4ac009e0090006401470032025000a282580096
:10d4bc000400be000a0037001e0078009e00900099
:10d4cc006401470032025000a28258000401be00e1
:10d4dc00f0ff2f00f1ff2300020040008380480082
:10d4ec000001780081007800020078000080fa00ca
:10d4fc00000006000000fa00003a80000080fa00ec
:10d50c00000006000200fa00faff0700000f780086
:10d51c001e007800250007000004e0000200320025
:10d52c0000002800720007001e0078002b00070086
:10d53c000004e00002003200000024006c00070030
:10d54c001e007800330007000004e00002003200e7
:10d55c0000202000660007001e0078003b0007003a
:10d56c000004e00002003200000820006000070008
:10d57c001e007800430007000004e00002003200a7
:10d58c00000420005a0007001e0078004b00070022
:10d59c000004e000020032000001200054000700eb
:10d5ac00000000000080fa00000006000400fa00f1
:10d5bc00100798000040eb00004f78001e00900010
:10d5cc000000e00002003d0010c0b300004f7800e6
:10d5dc001e4078000080fa00000006000400fa00eb
:10d5ec00100798000040eb00004f78009e00900060
:10d5fc0000002400008060000000e0000200320007
:10d60c0010c0b300004f78001e4078000080fa0074
:10d61c00000006000400fa00100798000040eb0020
:10d62c00004f78009e0090000020200000806000d9
:10d63c000000e0000200320010c0b300004f780080
:10d64c001e4078000080fa00000006000400fa007a
:10d65c00100798000040eb00004f78009e009000ef
:10d66c0000082000008060000000e0000200320092
:10d67c0010c0b300004f78001e4078000080fa0004
:10d68c00000006000400fa00100798000040eb00b0
:10d69c00004f78009e009000000420000080600085
:10d6ac000000e0000200320010c0b300004f780010
:10d6bc001e4078000080fa00000006000400fa000a
:10d6cc00100798000040eb00004f78001e009000ff
:10d6dc00700060000000e0000200320010c0b300d7
:10d6ec00004f78001e4078000080fa000000060011
:10d6fc000200fa00000f78001e0078008080ea001b
:10d70c00003a800000806000003a880000000000b1
:10d71c000080fa00000006000000fa004027ef002d
:0cd72c00000000000080fa000000060071
:020000040000fa
:020000040001f9
:10d738000000fe0042292200001978000109780043
:10d74800000006000000fe000000eb008000eb0077
:10d75800f8ff07002e27ef00000006000000fe007b
:10d768000000fe00801f7800811f7800821f78006b
:10d778004129220012468000c3e8a9003100780040
:10d7880070398800110078007039880029e7a800ee
:10d79800000000000000000029e7af00feff37008e
:10d7a80002f0a700c3e8a8004f017800cf00780076
:10d7b8004f007800000006000000fe00a202800072
:10d7c800a10288009080ba001000ba00a202880066
:10d7d800000006000000fe00a2028000a1028800ee
:10d7e8001000ba00a2028800000006000000fe0037
:10d7f800f27f20000001610008003a003200240096
:10d80800423988005039880061398800b6eb020037
:10d81800000000001000200029a7af000000200031
:10d82800000006000000fe0029e7af00feff3700f9
:10d838000000a700130037000010a70011003700f0
:10d848006139880050398800100024004039880068
:10d85800a0028000a10f2000a10288000100200082
:10d868008208bb008398bb008408bb008598bb0076
:10d87800b6eb020000000000a002880010002000a3
:10d8880029a7af0000002000000006000000fe00ed
:10d8980029e7af00feff37000000a700140037009b
:10d8a8000010a7001200370061398800503988003d
:10d8b800a10280001000240040398800a00f200039
:10d8c800a0028800000020000208bb00f20f200020
:10d8d8000298bb000308bb000298bb00b6eb02002d
:10d8e80000000000a10288001000200029a7af0056
:10d8f8000000200000000600f27f20000000610008
:10d908000000060002802f0000006100f2ff2f00d7
:08d9180081006100000006001f
:020000040000fa
:020000040001f9
:10d920000000fa00000ea800001980000080a1008d
:10d930000090a10000198800001980000050a1008b
:10d940000060a1000070a100001988002083a900d8
:10d950002043a8002143a900101980000080a100e5
:10d960000090a100101988002019800000f0a0008c
:10d970002019880021198000f00f2e00008060001f
:10d980000080a000201988002463ef001119800096
:10d9900030f82f00008060001019880041198000c5
:10d9a00000fe2f00008060004019880028e3a900d5
:10d9b0001e0ea80001a8a90021a8a90021e3a80023
:10d9c00025e3a800001980000050a0000060a0001e
:10d9d0000070a0000019880021a3a900b013200046
:10d9e00010868800000000000080fa000000060099
:10d9f0000200fa00000f78009e007800118688006f
:10da0000000000000080fa00000006000000fa009c
:10da100001188000108680000001780011000900c4
:10da20008280d8008000eb00ea8c070000017800bb
:10da3000010078008201780000017800030078007e
:10da4000820078000000be000080fa00000006009e
:10da50000000fa00001880000080fa0000000600b4
:10da60000200fa002023a8000000eb00000f78005d
:10da7000010037001e0fe800100320009e00780010
:10da8000808f5000fbff3600000000000080fa008d
:10da9000000006000000fa002023a900000000009a
:10daa0000080fa00000006000000fa00f9ff0700fd
:10dab0000000000000198000004078006140600014
:10dac0000004e000fbff3200e1ff07000080fa00e5
:10dad000000006000000fa00042eef00142eef00f4
:10dae000242eef00342eef00442eef00542eef00d2
:10daf000642eef0030f9210000708800f0fd2f0047
:10db000080708800f0df230000718800001620007c
:10db10008071880000002f00007288003000200013
:10db200080728800003c2000007388000c2eef00fb
:10db30001c2eef002c2eef003c2eef004c2eef00a1
:10db40005c2eef006c2eef000a2eef001a2eef0075
:10db50002a2eef003a2eef004a2eef005a2eef0049
:10db60006a2eef00062eef00162eef00262eef0095
:10db7000362eef00462eef00562eef00662eef00f9
:10db8000308121007070880030102000f070880013
:10db9000708020007071880000002f007072880073
:10dba000103a800000407800004178000264a10033
:10dbb00060c4b30071c5b3002374200080497800ad
:10dbc000814978008249780011348000f00f2c00e0
:10dbd000008060000080a00010348800416c2000ac
:10dbe0009140780000c8b30080c0600060c2b300fc
:10dbf00000c07000c4e6b70061348000f00f2c0054
:10dc00008080600000e02000010070006034880027
:10dc1000416d20009140780000c8b30080c06000d2
:10dc200000c6b30000c07000d4e6b700103a800010
:10dc300000407800004178000264a00060c4b30096
:10dc400071c5b300237420008049780081497800b1
:10dc500082497800000000000080fa000000060001
:10dc60000000fa000021ef00207320001008880057
:10dc70000000280020088800408e80000000e0009e
:10dc800002003a0020e82e00220007000068a900e8
:10dc90002068a800ca71ef00000000000080fa00b0
:10dca000000006000200fa00000f78009e007800d5
:10dcb00011088800ca71ef00000000000080fa001f
:10dcc000000006000000fa00100880000080fa0042
:10dcd000000006000200fa00000f78009e007800a5
:10dce00001088800ca71ef00000000000080fa00ff
:10dcf000000006000000fa00000880000080fa0022
:10dd0000000006000000fa00000000000080fa0099
:10dd1000000006000200fa00000f78002068a90049
:10dd20009e007800418e88002068a8000000000056
:10dd30000080fa00000006000000fa00ca71ef003f
:10dd40002068a80005e1a800000000000080fa009b
:10dd5000000006000000fa0005e1a9002068a90003
:10dd6000000000000080fa00000006000200fa0037
:10dd7000a11c210091407800014f78001e407800de
:10dd80000004e00001003200ca71ef001e4078007c
:10dd90000080fa00000006000000fa00608e80009b
:10dda0000080fa00000006000000fa00cc31ef000d
:10ddb000000000000080fa00000006002000fa00c9
:10ddc000881f7800500f9800610f9800625f9800dc
:10ddd000400020008000eb00013778006e089000c2
:10dde0005f900700100798007e0047001000fb00be
:10ddf000800078001e00900040920700000f78001d
:10de000015003700400020006e0478001e007800e6
:10de10005390070000017800400020008800e800cf
:10de200081804000008040000237780040002000e0
:10de30006e0078008000e800400020000137780084
:10de40007e0047001000fb00800078000000eb001f
:10de50002a920700000f78001e0078000000e00002
:10de600004003200400020006e007800e90f5000ee
:10de7000e4ff34001e0090001b900700de089000b5
:10de800040002000000147000a000900b218780095
:10de90006101b1005e0890004f0478000080fa0034
:10dea000000006000400fa00100798000000eb00d4
:10deb000000f7800070037009e0090001e00e80069
:10dec000000040000080400010007800069007002d
:10ded0001e0fe8001e009000100078009e007800e1
:10dee000808f5000f4ff3500000000000080fa0031
:10def000000006000000fa0000042300203a880019
:10df00004827ef004e27ef00a0022000303a88009b
:10df10006027ef006227ef006427ef006627ef001d
:10df20006c27ef0012c0b30080c7b300a1c9b300d3
:10df30003374200080497800814978008249780054
:10df400012c0b30060c4b30071c5b30023742000d5
:10df500080497800814978008249780000000000fb
:10df6000103a800000407800614060000004e0004a
:10df7000fbff3a0000000000103a80004500de0080
:10df800061406000e14f5000fbff3a0000000000dc
:10df90000080fa00000006000200fa00000f78007e
:10dfa00021028000200f2000808060001e00780089
:10dfb0000100700020028800000000000080fa00cc
:10dfc000000006000000fa00c3e8a80000000000fe
:10dfd00000000000000000000080fa0000000600c1
:10dfe0000000fa00bbfe0700c2ff07003100070077
:10dff0000058220001002000d6f9070057e507006d
:10e00000f0ff070000022000e3ff070067ef0700b2
:10e0100013ff070042fe070058ea07000000000057
:10e020000080fa00000006000200fa00000f7800ed
:10e030000300370000e22400010020009f8a07004f
:10e040001e007800000fe9000000e000f9ff3a0030
:10e05000000000000080fa00000006000000fa0046
:10e06000dfff070048dd0700d0002000dffa0700cf
:10e07000a0742e00eafa0700d0002000dbfa0700a7
:10e08000e0032000d9fa0700c1032000a00c220001
:10e090006bfa070075ef07000004e0000200320091
:10e0a000a0002000d1fa0700a00c220084bb0700ca
:10e0b000f5ff37000000fa000042800000c0a00019
:10e0c00000d0a10000e0a1000042880000438000d1
:10e0d0000040a0000050a1000060a10000438800a3
:10e0e000304280000000a0000010a1000020a1002c
:10e0f000304288002042800000c0a00000d0a10073
:10e1000000e0a10020428800000000000080fa002a
:10e11000000006000200fa00000f78009e00780060
:10e12000918e88000000fe00000000000080fa00d0
:10e13000000006000000fa0060bd210080077800a2
:10e14000e0be210000018800000000000080fa000d
:04e1500000000600c5
:020000040000fa
:020000040005f5
:045fe000cfff0000ef
:020000040000fa
:020000040005f5
:045fe400ffff0000bb
:020000040000fa
:020000040005f5
:045fe8007fff000037
:020000040000fa
:020000040005f5
:045fec007fff000033
:020000040000fa
:020000040005f5
:045ff00078ff000036
:020000040000fa
:020000040005f5
:045ff400ffffff00ac
:00000001FF
