:020000040000fa
:080000000002040000000000f2
:020000040000fa
:0400080026030000cb
:020000040000fa
:04000c006803000085
:020000040000fa
:04001000c803000021
:020000040000fa
:04001400460300009f
:020000040000fa
:040018008803000059
:020000040000fa
:04001c00a803000035
:020000040000fa
:04002000e8030000f1
:020000040000fa
:040024006e05000065
:020000040000fa
:040028006e05000061
:020000040000fa
:04002c006e0500005d
:020000040000fa
:040030006e05000059
:020000040000fa
:0400340014040000b0
:020000040000fa
:040038006e05000051
:020000040000fa
:04003c006e0500004d
:020000040000fa
:040040006e05000049
:020000040000fa
:040044006e05000045
:020000040000fa
:040048004605000069
:020000040000fa
:04004c006e0500003d
:020000040000fa
:040050006e05000039
:020000040000fa
:040054004404000060
:020000040000fa
:040058006e05000031
:020000040000fa
:04005c006a04000032
:020000040000fa
:040060006e05000029
:020000040000fa
:040064006e05000025
:020000040000fa
:040068006e05000021
:020000040000fa
:04006c006e0500001d
:020000040000fa
:040070006e05000019
:020000040000fa
:04007400b6040000ce
:020000040000fa
:040078006e05000011
:020000040000fa
:04007c006e0500000d
:020000040000fa
:040080006e05000009
:020000040000fa
:040084006e05000005
:020000040000fa
:040088006e05000001
:020000040000fa
:04008c006e050000fd
:020000040000fa
:040090006e050000f9
:020000040000fa
:040094006e050000f5
:020000040000fa
:040098006e050000f1
:020000040000fa
:04009c006e050000ed
:020000040000fa
:0400a0006e050000e9
:020000040000fa
:0400a4006e050000e5
:020000040000fa
:0400a8006e050000e1
:020000040000fa
:0400ac006e050000dd
:020000040000fa
:0400b0006e050000d9
:020000040000fa
:0400b4006e050000d5
:020000040000fa
:0400b8006e050000d1
:020000040000fa
:0400bc006e050000cd
:020000040000fa
:0400c0006e050000c9
:020000040000fa
:0400c4006e050000c5
:020000040000fa
:0400c8006e050000c1
:020000040000fa
:0400cc006e050000bd
:020000040000fa
:0400d0006e050000b9
:020000040000fa
:0400d4006e050000b5
:020000040000fa
:0400d8006e050000b1
:020000040000fa
:0400dc006e050000ad
:020000040000fa
:0400e0006e050000a9
:020000040000fa
:0400e4006e050000a5
:020000040000fa
:0400e8006e050000a1
:020000040000fa
:0400ec006e0500009d
:020000040000fa
:0400f0006e05000099
:020000040000fa
:0400f4006e05000095
:020000040000fa
:0400f8006e05000091
:020000040000fa
:0400fc006e0500008d
:020000040000fa
:040100006e05000088
:020000040000fa
:040104006e05000084
:020000040000fa
:040108006e05000080
:020000040000fa
:04010c006e0500007c
:020000040000fa
:040110006e05000078
:020000040000fa
:040114006e05000074
:020000040000fa
:040118006e05000070
:020000040000fa
:04011c006e0500006c
:020000040000fa
:040120006e05000068
:020000040000fa
:040124006e05000064
:020000040000fa
:040128006e05000060
:020000040000fa
:04012c006e0500005c
:020000040000fa
:040130006e05000058
:020000040000fa
:040134006e05000054
:020000040000fa
:040138006e05000050
:020000040000fa
:04013c006e0500004c
:020000040000fa
:040140006e05000048
:020000040000fa
:040144006e05000044
:020000040000fa
:040148006e05000040
:020000040000fa
:04014c006e0500003c
:020000040000fa
:040150006e05000038
:020000040000fa
:040154006e05000034
:020000040000fa
:040158006e05000030
:020000040000fa
:04015c006e0500002c
:020000040000fa
:040160006e05000028
:020000040000fa
:040164006e05000024
:020000040000fa
:040168006e05000020
:020000040000fa
:04016c006e0500001c
:020000040000fa
:040170006e05000018
:020000040000fa
:040174006e05000014
:020000040000fa
:040178006e05000010
:020000040000fa
:04017c006e0500000c
:020000040000fa
:040180006e05000008
:020000040000fa
:040184006e05000004
:020000040000fa
:040188006e05000000
:020000040000fa
:04018c006e050000fc
:020000040000fa
:040190006e050000f8
:020000040000fa
:040194006e050000f4
:020000040000fa
:040198006e050000f0
:020000040000fa
:04019c006e050000ec
:020000040000fa
:0401a0006e050000e8
:020000040000fa
:0401a4006e050000e4
:020000040000fa
:0401a8006e050000e0
:020000040000fa
:0401ac006e050000dc
:020000040000fa
:0401b0006e050000d8
:020000040000fa
:0401b4006e050000d4
:020000040000fa
:0401b8006e050000d0
:020000040000fa
:0401bc006e050000cc
:020000040000fa
:0401c0006e050000c8
:020000040000fa
:0401c4006e050000c4
:020000040000fa
:0401c8006e050000c0
:020000040000fa
:0401cc006e050000bc
:020000040000fa
:0401d0006e050000b8
:020000040000fa
:0401d4006e050000b4
:020000040000fa
:0401d8006e050000b0
:020000040000fa
:0401dc006e050000ac
:020000040000fa
:0401e0006e050000a8
:020000040000fa
:0401e4006e050000a4
:020000040000fa
:0401e8006e050000a0
:020000040000fa
:0401ec006e0500009c
:020000040000fa
:0401f0006e05000098
:020000040000fa
:0401f4006e05000094
:020000040000fa
:0401f8006e05000090
:020000040000fa
:0401fc006e0500008c
:020000040000fa
:040200006e05000087
:020000040000fa
:040204006e05000083
:020000040000fa
:040208006e0500007f
:020000040000fa
:04020c006e0500007b
:020000040000fa
:040210006e05000077
:020000040000fa
:040214006e05000073
:020000040000fa
:040218006e0500006f
:020000040000fa
:04021c006e0500006b
:020000040000fa
:040220006e05000067
:020000040000fa
:040224006e05000063
:020000040000fa
:040228006e0500005f
:020000040000fa
:04022c006e0500005b
:020000040000fa
:040230006e05000057
:020000040000fa
:040234006e05000053
:020000040000fa
:040238006e0500004f
:020000040000fa
:04023c006e0500004b
:020000040000fa
:040240006e05000047
:020000040000fa
:040244006e05000043
:020000040000fa
:040248006e0500003f
:020000040000fa
:04024c006e0500003b
:020000040000fa
:040250006e05000037
:020000040000fa
:040254006e05000033
:020000040000fa
:040258006e0500002f
:020000040000fa
:04025c006e0500002b
:020000040000fa
:040260006e05000027
:020000040000fa
:040264006e05000023
:020000040000fa
:040268006e0500001f
:020000040000fa
:04026c006e0500001b
:020000040000fa
:040270006e05000017
:020000040000fa
:040274006e05000013
:020000040000fa
:040278006e0500000f
:020000040000fa
:04027c006e0500000b
:020000040000fa
:040280006e05000007
:020000040000fa
:100400006f2922000eff27000e0188000000000067
:10041000000020000000e000020032000001200087
:1004200020028800140007005f0207000000e000bf
:1004300003003a00e0e72d00010020000200370031
:100440000000200001002000810f70000100320038
:100450000f000700000020000000e0000200320052
:100460000000020000000000d6e7020000000000cb
:100470000040da000000fe0080b620000000e0002e
:1004800002003200002020009001880000000600d9
:10049000a1028800800478000000eb001f003700f4
:1004a000e284440054a0b4009905ba00e2844400f8
:1004b00054a0b4009906ba00e284440054a0b400e9
:1004c0000006eb00476fde00fd07b200ae018800ba
:1004d000636ce10003003a000ad801000000eb0061
:1004e0000e003700606ce10008003a00004deb00a0
:1004f0000a05e800020039003420ec000af0a000f0
:100500008b05e900f9ff3e00040037006168e10057
:10051000010032000086eb000b00070019c7ba008b
:100520000e04e0001905ba0003003a000a00e000da
:10053000dbff3a0000000600fe07b200ae028800b2
:100540008a047800f5ff37000cd0a300e20f4d00bd
:100550001c003b0089027800354dba000a05e8000e
:10056000020039003420ec000af0a0008b05e900fd
:100570000f003200254dba000a05e80002003900dc
:100580003420ec000af0a0008b05e90008003200de
:100590000c00e0000600320015cdba000a05e800a4
:1005a000020039003420ec000af0a0008b05e900bd
:1005b0008984e80054a0b4000b00e000e2ff3a0098
:1005c000000006009902ba00055d78008b05e9007d
:1005d000f7ff3200c82ade00055d78008b05e900d0
:1005e000f3ff32000c00e000f1ff320019ddba0029
:1005f000eeff37008ce60400000000006aaf040044
:1006000000000000b49c040000000000d21e0400a2
:10061000000000000e1004000000000094480400d8
:1006200000000000724a0400000000001e4904009f
:10063000000000008e49040000000000224a04006f
:100640000000000094480400000000003600f8009c
:10065000809fbe00829fbe00849fbe00869fbe001a
:100660000000fa00c028a9000000eb008572070016
:100670000080fa004f03be004f02be004f01be00d3
:100680004f00be003600f900004006003600f800ba
:10069000809fbe00829fbe00849fbe00869fbe00da
:1006a0000000fa007e720700c048a9001000200078
:1006b000747207000080fa004f03be004f02be00b4
:1006c0004f01be004f00be003600f900004006009a
:1006d0003600f800809fbe00829fbe00849fbe004f
:1006e000869fbe000000fa00c068a900200020001c
:1006f000647207000080fa004f03be004f02be0084
:100700004f01be004f00be003600f9000040060059
:100710003600f800809fbe00829fbe00849fbe000e
:10072000869fbe000000fa00c088a90030002000ab
:10073000547207000080fa004f03be004f02be0053
:100740004f01be004f00be003600f9000040060019
:100750003600f800809fbe00829fbe00849fbe00ce
:10076000869fbe000000fa00c0a8a900400020003b
:10077000447207000080fa004f03be004f02be0023
:100780004f01be004f00be003600f90000400600d9
:100790003600f800809fbe00829fbe00849fbe008e
:1007a000869fbe000000fa00c608a9007000200065
:1007b000347207000080fa004f03be004f02be00f3
:1007c0004f01be004f00be003600f9000040060099
:1007d0003600f800809fbe00829fbe00849fbe004e
:1007e000869fbe000000fa00214680000002200023
:1007f000008060000000e00003003200c4a8a900ef
:10080000900020001f7207002046800070006000ea
:100810000000e00003003200c488a900a00020000e
:1008200018720700ffff37003600f800809fbe00f7
:10083000829fbe00849fbe00869fbe000000fa001b
:10084000408e80000000e00002003200408e8000f8
:1008500000000100608e80000000e800608e8800cb
:1008600010c0b300caf1b7000068a9000080fa0008
:100870004f03be004f02be004f01be004f00be003e
:100880003600f900004006003600f800809fbe00e8
:10089000829fbe00849fbe00869fbe000000fa00bb
:1008a0000168a900ee5f07000004e00002003200ca
:1008b000f0722e00cf5f07000080fa004f03be00e9
:1008c0004f02be004f01be004f00be003600f900cf
:1008d000004006003600f800809fbe00829fbe00e8
:1008e000849fbe00869fbe000000fa0001a8a900f8
:1008f000db5f07000004e00015003200f2d0bf000b
:100900000004e00007003200ff5f07000004e00081
:100910000300320020742e00b65f07000c00370081
:10092000b45e0700f3d0bf000004e000070032000f
:10093000876007000004e0000300320050742e00be
:10094000ac5f070002003700aa5e0700a95e07003f
:100950000080fa004f03be004f02be004f01be00f0
:100960004f00be003600f900004006003600f800d7
:10097000809fbe00829fbe00849fbe00869fbe00f7
:100980000000fa000268a90025d1bf000004e000c1
:10099000110032000a003700ea700700ff700700fc
:1009a0008000780050888000808f5000040039005b
:1009b000ea7007008000eb00c06a2e00615e07004d
:1009c00010718000640060000000e000f2ff32005f
:1009d000e2700700f5700700a15f07000004e00067
:1009e0002300320026d1bf000004e00013003200d3
:1009f0000b003700d3700700e87007008000780014
:100a000060888000808f500005003900d370070097
:100a1000c06a2e00775f0700e0c3b3005a6c07007e
:100a200010718000640060000000e000f1ff3a00f7
:100a3000ca700700dd7007000d003700917080005c
:100a400000042000008060000000e0000700320089
:100a500023d1bf000004e00004003200706a2e00c1
:100a6000645f070018cea90001003700615e07002f
:100a70000080fa004f03be004f02be004f01be00cf
:100a80004f00be003600f90000400600809fbe0007
:100a90003200f8003400f80010002000a0018800a7
:100aa0000020200000d0fe000000fa000108a9008c
:100ab000208e8000318e800061004000e080480080
:100ac000208e8800318e88000080fa003400f90002
:100ad0003200f9004f00be00004006000040da007e
:100ae0000000fe000a00fa000000e00037003a00b3
:100af00093148100e18f510003003200e28f510016
:100b00000e003a0009003700002220000000e0003b
:100b100001003a000040da002002e2000b0035003c
:100b20002822ef0021e2a80008003700002320005f
:100b30000000e00001003a000040da003002e2006c
:100b4000020035003822ef0031e2a80002007800f0
:100b50001a003700040a2000e18f51000b003a0010
:100b6000030037000402e90002003a0003003700e6
:100b7000040a20002202ab00faff320014118000a8
:100b8000050037000402e900020032003202ab0027
:100b9000fcff320094118000610262000900320003
:100ba000e18f510002003a0034118000010037004b
:100bb000b4118000845878000000e9000000e000d3
:100bc000e4ff3a0000005100080037002300200035
:100bd000b3bf9f00c0bf9f00d1bf9f00e2bf9f0077
:100be0006a8057005c2307006fb897000080fa0006
:100bf000000006000a00fa0011002000b1bf9f00ab
:100c0000c0bf9f006a805700552307004fb8970068
:100c10000080fa00000006000a00fa00e20f50000f
:100c200034003e0090148100e10f500003003200b8
:100c3000e20f500011003a000c00370003222000a0
:100c40000300e00001003a000040da002002e20068
:100c5000020035002822ef0021e2a8002342ab0069
:100c60000d003a002342a8000b00370003232000a8
:100c70000300e00001003a000040da003002e20028
:100c8000020035003822ef0031e2a8003342ab0009
:100c900001003a003342a800820178000b003700bf
:100ca0003102fb00e10f500004003a002322ab00a8
:100cb000feff3a0024118800030037003322ab0006
:100cc000feff3a00a41188008301e9000300e00060
:100cd000f3ff3a00e10f500003003a002302ab009b
:100ce000feff32000b0037003302ab00feff320084
:100cf0000800370033002000b3bf9f00c0bf9f0033
:100d0000d1bf9f00e2bf9f006a80570016230700f3
:100d10006fb99700020078000080fa00000006001a
:100d2000889fbe0080047800a01481000000e000cd
:100d300005003a000000eb000e0007000084eb0005
:100d40000000e00008003500a81481000900e00060
:100d50000500320009004400060007000000e00022
:100d600001003d000084eb00080078004f04be0045
:100d700000000600800078000100e00003003a0057
:100d800000002000a0148900000005000080eb0096
:100d900002002000828f500002003e00a114890052
:100da0000000eb0000000600000005001400200019
:100db0009c033700f4ff2f009a0337000001be00a8
:100dc0001e0007000470a70003f0a10003f8a300b1
:100dd00013003a006509b100100032000900350027
:100de0006928e1000200350001002800000005002c
:100df00000004000818048008502e900fcff3a00c5
:100e000000000600f88f4200050035008100d10087
:100e10000080d3008502e800fcff3a0000000600d5
:100e20008000eb00000005004f89de0082017800a1
:100e3000970337006011b800a5033700c70ade002a
:100e4000f107b200f50fb20008003200e1cf420016
:100e5000020032000170a00024000500810f700024
:100e6000010032000408050044000500810f7000f5
:100e700002003a00140005008502e900000040006d
:100e800081c04800fcff3b000170a0002400050069
:100e90006022b800060220000000d0008180d2004d
:100ea0000482d2008582d2000000a000020252001b
:100eb00083825a00030031000202420083824a000a
:100ec0000000a1000603e900f3ff3a00000006005d
:100ed00007f82700078361000638e10004003a00a4
:100ee000f7072000878361008703710001003a0043
:100ef00003f0a200889fbe008a9fbe008c9fbe00a8
:100f0000470ade000480a100c71ade000580a100a8
:100f1000070028000785600087856100f70f200023
:100f20000720e1009e0032000728e1009c0032000b
:100f3000010678000400e000b4003200f70720004a
:100f4000878060000170a0000500e000c000320052
:100f5000f7072000878161000370a000050652009a
:100f60000f003a000b50e1000b0032000308e100d3
:100f700002003a000200e1007e003200020450004c
:100f800083845800040031000001fd008101fd0050
:100f90008402fd008a05fd006044b800210037008e
:100fa0000520e10005003d000001fd008101fd007c
:100fb0008402fd008a05fd00050652007a60e1000a
:100fc000050035000170a1004722dd00848070001b
:100fd0008a807000630037006044b800ef0266004a
:100fe00007ff2f00070666000500e000060034003a
:100ff000f08312008714dd000511de00071bdd0001
:10100000060171008519de007060e1000500350001
:101010000904780082047800030178008001eb0065
:10102000700656000b50e10003003a000200400039
:10103000838048000400370060041400e0841c0032
:1010400002005800838058000188a3000600320087
:101050008100d1000080d3008984d3000884d300ac
:101060000402e800270037000178a30025003a00b9
:101070000100e000030032008186cf00698656003f
:101080000a0037008c0020000000e00004003a0055
:1010900009007800880478000004eb007002520018
:1010a0008086cf000d0646000c06e9007060e10066
:1010b0000600350080007800090078008804780078
:1010c0000004eb0070065600700252000c00e000b5
:1010d0000c0034008c08dd00f00316000703de006e
:1010e000868070000c00dd00074bde0006007000fb
:1010f0008c4cdd000743de00868474000c44dd0068
:101100000c0252006120e100200035006101600006
:101110000700280087816400f7ff270087836400a9
:10112000070374000300e00006003200820373002e
:10113000040032000000e800e08048000188a300bd
:101140000e003a00f70f20000720e1004a003d00a2
:101150000170a1004722dd00810072008a807000ca
:101160000000be004f06be004f05be004f04be008b
:10117000000006006000b800faff37008100d100cf
:101180000080d3000402e800eeff3700040178007d
:1011900089017400a10107008a807000f1ff370007
:1011a000f7010700070278000001fd008101fd0042
:1011b000f301070087027800850372000778a30017
:1011c000040032000001fd008101fd00060207005d
:1011d000e4ff3700850362000768a30008003200bf
:1011e0000b50e10003003200f0ff2f00f1ff270059
:1011f000dcff37000001fd008101fd00d9ff370051
:101200000468a300d7ff3200faff3700f8ff270079
:10121000888360000b003a000000e00009003a00fb
:101220008303640082837300020032000200be0068
:10123000ccff37000b50e100ceff3a000200be00a9
:10124000c8ff370014002000810064003eff370013
:10125000f8ff27008883610004003a000200e000e4
:1012600002003a008c007800beff37001500200015
:101270008301640039ff370001f8270000002000d7
:1012800081007500b7ff3700889fbe008a9fbe00af
:101290008c9fbe001b0020000202be000586680075
:1012a00006002800060666004709de00f20fb200bd
:1012b000820032000243e80080003200c729de00cd
:1012c000f30fb2007d0032000343e8007b003200e0
:1012d000f107b2000170a000f507b2000570a00090
:1012e000c708dd004903de00868070004700dd008e
:1012f000c72add004923de00868272004722dd0016
:101300000305510004035000858358000300310099
:1013100000004000818048000a05e9008c1f780029
:101320008a9fbe00040050008580580004024200dd
:1013300085824a0000004000818048000005eb00e3
:101340000004be006033b8000406be000d48e10092
:1013500056003100110009004dccd8000c01b80036
:101360000d02b8008481410060824a0082835300ec
:1013700003045c0084845c0060055d000a00e000fa
:1013800025003a00800578000d40e1004900310059
:101390008800780007007800110009004d88d80007
:1013a0000c01b8000d02b8008481410060824a003f
:1013b0006003110083835b0004045c00e0845c0034
:1013c0000900e00021003a004f01be000300e000e8
:1013d0002b003200e3016000070673008c8171006e
:1013e00001003200640070004200de004e5edd004d
:1013f0000c007000c258de0001e0a000830107006d
:10140000cf017800818071004f06be004f05be00fd
:101410004f04be00000006008c8343000d044c0006
:10142000e0844c0060054d000000e9000a00e00087
:10143000d4ff32008c8343000d044c00e0844c0048
:1014400060054d000000e900ceff37000c034300ab
:101450008d834b0060044c00e0844c000000e900e8
:101460000900e000d8ff32000c0343008d834b00dd
:1014700060044c00e0844c000000e900d2ff37001b
:101480004200de004e5edd000c007000c258de003f
:1014900001e0a000cf0178000300e000daff320095
:1014a00060001000e0801800d7ff3700f0ff2f0029
:1014b000aaff3700f0ff2f00b9ff37000404be0079
:1014c0002f010700870678000004fd008104fd005d
:1014d0002b010700078366000678a3000300320093
:1014e0000960a7000800be002c0037000d78a3009b
:1014f000020032000800be00280037000778a30071
:1015000026003a0001f0a10009f0a1000668a3003e
:1015100003003200f1ff2700f0ff2f00baff370071
:101520000d68a300030032000800be008c8070002c
:10153000b5ff37000768a30007003a000648a3007c
:1015400003003200f1ff2700f0ff2f00aeff37004d
:101550000d48a300030032006000b8008c807000ca
:10156000a9ff37000748a3000400320001f8270054
:10157000000020008c807000a3ff37007601070078
:101580000004fd008104fd000205780072010700df
:101590000802be008a01780059ff37000160a000f0
:1015a00012022000a28e880097ff37000100e000a1
:1015b000120032000500e00010003200889fbe00db
:1015c0008a9fbe008c9fbe000006eb0001f8a300be
:1015d0000300320060001000e08018000cf0a00052
:1015e00005f8a3000300320060021200e0821a0036
:1015f0000cf0a2008005eb0041ff37006000b8004e
:101600000200050003836800070028000703630049
:10161000470ade000480a100c71ade000580a10091
:10162000f70f20000720e100420032000728e10008
:1016300040003200889fbe008a9fbe008c1f780049
:10164000f107b200f307b2000400e00064003200ca
:101650000170a0000500e000680032000370a000e7
:1016600085054200eb07b1000204b8000302b80090
:101670008484440060854a00020ab80084844400df
:101680000a854a00030ab800040545000400330037
:101690000804d0008984d2000a85d2008b05e900b5
:1016a0006158e1003d003500021020000901610091
:1016b0000308200089816100f70720008783640008
:1016c00008867300c84cde00c853dd0087847400b0
:1016d0004855de000300e000060032008203760079
:1016e000040032008904e80060054d000a88a30068
:1016f0000c003a00f70f20000758e10044003d00bd
:101700000a70a100c75ddd000a8575008a007300bc
:10171000090078004f0678004f05be004f04be0058
:10172000000006000a05d1008984d3008b05e8007b
:10173000f0ff3700881f780006047800900007004b
:10174000070278000001fd008101fd008c00070008
:1017500087027800850372000778a3000500320035
:101760000001fd008101fd009f0007004f0478008b
:1017700000000600850372000748a3000300320042
:10178000f0ff2f00f1ff2700f8ff370000002000d6
:1017900001f8270088807000f4ff37008801780086
:1017a0004848dd00808171004848de00c850dd00f7
:1017b00001007000c850de00060478000b017800bc
:1017c0001600070088807000d2ff37000500e00097
:1017d00005003200170020003a0007009dff370087
:1017e00081037000f9ff3a00860078004f06780008
:1017f0004f05be004f04be000000050083037100ca
:10180000f9ff3200270020002e00070094ff370068
:1018100001f8270086807000f4ff37000100e00027
:1018200026003200610111007810e10023003c0025
:101830006022b8007010e1000400350080027800da
:10184000010078008000eb00700151000200e00010
:101850000900340070031100062add00822ade0030
:101860008603dd00878272000200de00860bdd0049
:10187000070070008208de0084817100f4ff2700f9
:101880000482620084817100040028008482620066
:101890006102600005f0a6000000060004827100ed
:1018a000070032000000e800e08048000000060069
:1018b0000002be006000b800efff37006000b80013
:1018c00000000600889fbe000004eb006138e100c4
:1018d00016003a000100e00008003a00c800de00ef
:1018e0004800dd00880020000100e00003003a000d
:1018f000c800de004800dd00680444008184cf0099
:10190000e9845400060034008908dd00f0831400e7
:101910008703de00878070000900dd0009044400b1
:10192000610214004f04be00000006000300e00046
:1019300008003a00c811de004811dd0088002000d0
:101940000300e00003003a00c811de004811dd008a
:10195000680444008384cf00e98454000600340006
:101960008919dd00f08314008713de008781710080
:101970000911dd0009044400e1021400e9ff370009
:101980002700200001f0a70017002000470bde0011
:10199000f60fb200040032000643e8000a003200ed
:1019a0004702b3000000060001037800f607b2000a
:1019b0000603700002003a000703b30000000600af
:1019c0008702b3000000060001037800f607b200aa
:1019d00006037000020032000770a000000006003d
:1019e0000760a000000006000478a3000400320095
:1019f0000578a300030032000168a30001003a004b
:101a00000200be000160a00000000600810170001d
:101a1000270032008002eb0001f8a300030032002f
:101a200060001000e080180015002000f40720007e
:101a30000202420020003400f70320008703600008
:101a4000060420000003630002082000000161007a
:101a50004700de00c909dd0000807100c708de0014
:101a60000600e00008003200870371000600320023
:101a70001000b0000180b0000188a3000200320015
:101a8000c108de000402e800f107b200f30f2000f5
:101a90000320e10003003d004722dd0081007200c9
:101aa0002900370001f827000000eb00260037006e
:101ab0006000b80000000600680212007f20e1000c
:101ac000020034006000b8001f0037006011b80049
:101ad0007020e100040035008001780001007800ea
:101ae0008000eb00700252000400e00009003400a6
:101af000f00312000719dd008419de000703dd0082
:101b0000868171000400de00070bdd000600700016
:101b10008408de00f7ff27008383630087037100da
:101b20000600280003036300070032000700e000fe
:101b300003003a006101600002817300020032007c
:101b40001000b0000180b0000500a60000000600f3
:101b500001f0a000000006004f0ade004709de0089
:101b6000f107b200f20fb2000b003200f207b10031
:101b70000170a000c708dd00c901de00838070008d
:101b80004700dd000400a600000006006000100011
:101b9000e080180000000600810f700001003a008c
:101ba000000006008182cf000500e00010003e002a
:101bb0008082cf00ee8242007028e10004003900ec
:101bc00007003e00800078000000eb000e003700a8
:101bd000708312008600de000500dd000a00370079
:101be000708352008600dd000000eb000600370025
:101bf000e28252008508dd00708312000603de00d9
:101c0000868070000500dd007507b0000501ea0060
:101c10000400a6000000060060001000e08018002c
:101c200000000600889fbe008a9fbe00841f7800c7
:101c30007c0007004f00780011003300f0ff2f00f8
:101c4000838f6c0006003b00040565000a00a700b6
:101c50000800370009f0a600100020000800370037
:101c6000820f5400838f5c000300390010002000b5
:101c700001003e000000200009f0a7000000ea007b
:101c80004f05be004f04be000000e000000006004b
:101c9000881f7800030478000300e00007003d007f
:101ca00060001000e080180060011900e081190058
:101cb00002003b0001f02d00030037000400070084
:101cc00008f0a70001f0a0004f0478000000060013
:101cd000889fbe008a9fbe000082700004027100cf
:101ce00004827100260032000004be000200be0023
:101cf0006011b8006b092000950220000182cf001e
:101d00000a0039000541b1000082cf000700390008
:101d10000541b1000982cf00040039000541b1003e
:101d20000882cf00010039000541b1000542520090
:101d3000120032000a003b008281710061016400e0
:101d40008100d1000080d3008984d3000884d300af
:101d50008b05e8000442e800f7ff3a00070037006f
:101d60000804440089844c00000048008180480039
:101d70008b05e9000442e900f9ff3a00030007007f
:101d80004f05be004f04be00000006008100200089
:101d9000618055000b003d000b00200061fe2f000c
:101da0000100e1001d0034008281710061016400c6
:101db0008904d1000884d3000000e800faff3a004b
:101dc00071002000610064000300700002006000e8
:101dd0000900320061044400e0844c000988a50039
:101de000050032008b05e8006808e10002003a00b7
:101df0008904d1000884d300f20f20000258e100ca
:101e000005003d00c75ddd00f907b200898075005f
:101e100008007800000006000bf827008b0078000f
:101e2000000005000004be0004fc07000003be0023
:101e30000405be000200be0000fc0700844f7500d0
:101e4000000006000000fa00e88157004fb9970033
:101e5000ab0707000080fa0000000600e802070058
:101e6000170607004f060700cb060700f506070018
:101e700055080700fc0737000000fa00688157008a
:101e8000cfb89700c30707000080fa0000000600e3
:101e9000db020700370307000906070041060700b9
:101ea000bd060700e7060700cd0707004608070044
:101eb000ed0737000000fa0068815700cfb897009f
:101ec000b40707000080fa0000000600cc020700fb
:101ed00028030700fa050700af060700d906070028
:101ee00030060700be07070037080700de07370087
:101ef0000000fa0068815700cfb89700a5070700d7
:101f00000080fa0000000600bd020700ec05070093
:101f1000a1060700cb060700220607002a080700d3
:101f2000d10737000000fa0068815700cfb897004a
:101f30009d0707000080fa0000000600a00a370095
:101f4000f5df80000001eb000500e0003100320009
:101f5000050178008001eb0003027800830078001f
:101f60000200370082017800060178001203780031
:101f7000800f530009003a000300e0000300320024
:101f800012009000900198000200370012009000ab
:101f9000f0df88000281e8001e003700800f530048
:101fa000060036000100e00002003200910f13002d
:101fb00002003600030278008200780012039000cd
:101fc0000600e000e7ff3a000001eb000100e0003e
:101fd000100032001101900011031000e40f5300b3
:101fe00006003600810178008019780000804100e9
:101ff0000688e9001200980000017800818f5200e5
:1020000002003a00f2df8800010037001202980057
:102010000181e80002007800000006000000e000f6
:10202000180032000081e900f1df80000100e000cb
:10203000120032009201780003024000848f5000a9
:1020400006003a00110290000408780091814100d6
:102050000389e800f2df8800000006001102780022
:102060008482e80085824000850f510003003a0019
:10207000848141008388e8000000060001087800a0
:10208000f2df8800000006008001780002003700bf
:10209000b15978000201e9000200e000fcff3a00bb
:1020a00000000600810178000002780030417800cd
:1020b000b14f510002003a000204e000f9ff3a007b
:1020c0009480fb001380fb0000805000000006009d
:1020d000881f78000004780008007800571a07006d
:1020e000080078004f04780000000600889fbe00ba
:1020f00000047800080078000d0007008004e80064
:1021000009007800ac180700800178000000eb009f
:102110000300e00004003200090178008800780024
:1021200003007800d8ff07004f04be00000006003f
:1021300080007800040037003104e00002003a001b
:102140000000510000000600010178000108a30012
:10215000f9ff3a008101780031017800f4ef2f0097
:10216000020242000281ea00020162000408280023
:1021700004016100f7ff320083007800010178005c
:102180003104e000fdff3a000000510000000600ad
:102190008001eb000200e000100032000002780035
:1021a00001037800b44178000304e0000800320025
:1021b000b14278000504e0000500320082034000cf
:1021c000848f53000200320085cf5100f4ff3200ab
:1021d0008381fb001680fb008081510003007800a2
:1021e00000000600114290000482fb009180fb0079
:1021f000c808dd000482700080007800d181fb00f7
:102200001081fb004811dd0003017100030037005d
:102210004811dd001180fb00020170000100780010
:102220003104e00004003200840f5100f8ff3a004e
:102230000000e900000006000000050011439000c6
:102240008683fb00060020001181fb008001eb006b
:10225000c811dd00020020000203730083837300b5
:10226000214190004811dd008001eb000203730062
:10227000838373008080e800104190008281fb001e
:10228000020020001082fb008002eb00c822dd006b
:102290000400200004017100858171001182fb009f
:1022a0004822dd008002eb0004017100858171008d
:1022b000080037001182fb008002eb00040271006d
:1022c000858271004829dd00c821de00830171008c
:1022d0004821dd00010078003104e00005003200f3
:1022e000860f5100878f5900f2ff3a000080e90005
:1022f0000000060000000500314190000281fb0053
:102300008001eb001183fb008003eb00c833dd008c
:1023100006002000060371008783710011419000c0
:102320008281fb000200200002037300838373009c
:10233000214190004811dd008001eb000203730091
:1023400083837300e30040001182fb008002eb00f6
:102350001081fb008001eb00c811dd0002002000ad
:102360000201720083817200104290008482fb009f
:10237000040020000401710085817100204290005a
:102380004822dd008002eb0006003700481add001d
:10239000c812de00850272004812dd001181fb00c8
:1023a0008001eb000201720083817200010078005d
:1023b0003104e00005003200860f5100878f59007c
:1023c000f2ff3a0063005000000006000000050024
:1023d0002802fa00889fbe008a9fbe008c9fbe0024
:1023e00000047800810578000f000900001feb0051
:1023f0000e02b1000b017800880078008004eb0029
:102400000d0037000080fb00c401de008381410025
:102410006f02600015002000042add00ee827900c2
:102420000482720004b779008904e80000004000cb
:102430000002b00009377800324078000004e00064
:1024400005003a001a0020000a0078000001eb00a5
:102450008081eb001b0037003104e000e9ff3a0007
:10246000a800370003824500000242009442780031
:10247000018245001442780084cf520005003a00e2
:102480008a0f50000c0032000000e8008200780043
:102490000b00370084cf5200020036000385500045
:1024a000060037008200e800820178001a00200050
:1024b0000a007800020037000005780010002000b4
:1024c0000101780082004000898f5000e5ff39004b
:1024d00011002000010078000002eb008086eb0074
:1024e000180037008d824500808242001543780035
:1024f0008282450095427800854f530005003a00de
:10250000810f50000c0032000000e8000401780048
:102510000b003700854f5300020031008d00510041
:10252000060037000401e80084067800110020004e
:1025300001007800020037008000780010002000c1
:102540000202780004014000890f5100e5ff3900c4
:102550000d01e8000300e800800f51000200360082
:102560000105780001003700830678000d02e800bd
:102570008a804500040178000b00780034179a0027
:10258000ff1707003e1292000000e0000800320032
:102590000905e9000d0555008d0f550001003100ba
:1025a0000d0578000a05e8008002eb000100370005
:1025b0008a825400880178000006eb0008805100f0
:1025c000890f50001600310009037800f603b300ac
:1025d000060178008000eb000300780003179a00e2
:1025e00034179a0015179a0026179a00b517070096
:1025f0008e1192003e1292009e1292002e139200b3
:102600000000e0000500320088005000898f500073
:102610003c003900800178000100370086814100cc
:102620008900440071f897000080fb006f01600092
:1026300017002000823bdd004401de000201410062
:102640006e037900068163000d0032000000400037
:102650000002b0006e007800008054000a003200d2
:102660000500e000160032000c00e000140032000b
:102670008a0f5000120031000a8054001000370009
:1026800001047800ccff37000c007800840f56005e
:102690000300310004007800010037000000e8006a
:1026a00080804500914078000104e000060032007f
:1026b0000001440092cf5000f8ff32000d0050009e
:1026c00000044400bcff37000d0078008000e800e3
:1026d0008c8f5000090036000081450080004400c6
:1026e0000000e90012417800914f5100f7ff3200dd
:1026f0000a04440005067800b0ff3700080078009f
:10270000010037000000eb004f06be004f05be0081
:102710004f04be000080fa0000000600881f780009
:1027200001047800984078000104e000260032009f
:102730008100fb00e11807000000e00022003200e9
:10274000984090000104e0001f003200904090008b
:102750000104e0001b003200a84090000104e000ea
:1027600003003a00880078009efe0700160037003c
:10277000a04090000104e00012003200b840900038
:102780000104e00003003a0088007800abfe070077
:102790000d003700b04090000104e0000900320055
:1027a000c84090000104e00003003a00880078006f
:1027b000d1fe0700040037008800780004ff0700fe
:1027c000010037000000eb004f0478000000060015
:1027d0003c00fa00889fbe008a9fbe000004be0035
:1027e000020578000f0078004004b1001d000900c8
:1027f0000018eb0088a79f00d8af9f000080eb0077
:10280000e0af9f006022b8006033b800c0fb2f002b
:102810000f004000cc170700120020008a0078004b
:10282000c0fb2f000f0040009b1307006fb2970002
:10283000ffb297000fbb97009fbb9700dfad9700db
:102840000fa597000900e000090032000a85550035
:10285000cfd5de000402450085824d0006834d0081
:1028600087834d000100320004044400880c780086
:102870004f05be004f04be000080fa0000000600b5
:102880000001eb00d2ff0700a71c37001200200058
:10289000cfff0700a41c370022002000ccff370028
:1028a000889fbe000004be000800e00003003a005c
:1028b000681481000800e000130032000800be0028
:1028c000e7180700000444001804e00004003a0080
:1028d0000000eb0060148900000478000a00370053
:1028e0000800be00aa180700000044006014890018
:1028f0001004e000020032000058eb000100370035
:102900000000eb0060148900080078004f04be004e
:10291000000006004400fa00889fbe008a1f78006d
:102920000004be000205780094bf9f00a5bf9f0071
:10293000b6bf9f00c7bf9f000000eb00c09f9f0075
:10294000a8af9f00d89f9f000080eb00b0af9f0012
:102950006022b8006033b80060fb2f000f00400019
:10296000791707001fba9700afba97003fbb9700cf
:10297000cfbb9700120020008a00780060fb2f0078
:102980000f004000641407000900e0000600320058
:102990003fb29700afaa970004824200df9a9700e7
:1029a00005025200840c44004f0578004f04be001d
:1029b0000080fa0000000600f4ff2f00f5ff2f0052
:1029c0000403be00d3ff37006022b80006002000d9
:1029d00007002800cfff3700f4ff2f00f5ff2f007e
:1029e0006033b800cbff370004002000050028004a
:1029f0006033b800c7ff3700f3ff3700eeff370042
:102a0000ec874700889fbe008a9fbe008c9fbe0057
:102a10008e1f7800000678000104780018079000e7
:102a20002805900098067800cdb79f00b805900063
:102a3000120278009202900022039000b2039000ec
:102a40000400be000601be004f18de006011b80091
:102a50008000eb00d0b79f00e1b79f00f2b79f0066
:102a600083bf9f00800478000900e0000600320068
:102a70006000b8006011b800040250008582580060
:102a800006035900878359000e00e000020035005c
:102a90000d10a100cdb79f000900e00005003a002d
:102aa0004fb097000028a30002003a000038a300ae
:102ab000020032008a00e900010037008a00780035
:102ac000f8815700a2002000080078005f0307008b
:102ad0000900e00003003a00cfb097000128a300ee
:102ae000080032000000e90000814500b1c2b300d7
:102af0000900e00001003200d1c2b30001497800b2
:102b0000060037000138a300040032000000e9008d
:102b10008080450002c2b3008248780048019000de
:102b20000201e90000015100808045004fb297008a
:102b30008a0178000c0078006e0507009c00900068
:102b40000188a3000400320098009000810f50001b
:102b500001003d00010078004f0778004f06be00dd
:102b60004f05be004f04be00cf00b10000000600bc
:102b7000000006002f04b000889fbe008a9fbe00a0
:102b80008c9fbe008e1f7800b09f9f00a1a79f0062
:102b9000a37f9f0011007800d0a79f0091009000b4
:102ba000f1a79f00afa19700a3019000c3a79f00ca
:102bb0002fa2970044029000a49f9f00afa297000d
:102bc00035079000120478009204900022059000ce
:102bd000b20590006022b8006033b8000800be0063
:102be0000a01be00621b07000000e00003003d0078
:102bf0000bf0a200d0c2b300040037005fa397001f
:102c00000628a30008003200b0c2b300004f7800cd
:102c1000cfa397008703e90087af9f001000200033
:102c2000e0a79f000f003700dfa097000138a30046
:102c30000800320000c2b300004f78004fa1970097
:102c40000201e90082af9f0013002000e3a79f006c
:102c5000040037004fa2970084af9f008002eb0072
:102c6000e5a79f000800be000a01be00c0ff0700e4
:102c7000f4ff2f00f5ff2f00f6ff2f00f7ff2700ce
:102c800004026000858260000603610087836100a2
:102c90006000b8000200200003ff27000020e100d0
:102ca00001a8e10002b0e10003b8e10010003a0021
:102cb0002f7b97008600fb001104b100efa3970063
:102cc00007004700f98f500002003e00e1be2100de
:102cd0000100370021bf2100fdfc070020bf2100bb
:102ce00013fd0700efa0970001014000140037001a
:102cf0000020e10001a8e10002b0e10003b8e1001a
:102d0000120036002f7997008200fb001104b100f9
:102d1000efa1970003004700f98f500002003e002a
:102d200061bf210001003700a1bf2100e8fc0700be
:102d3000a0bf2100fefc07006fa297000401400025
:102d40005fa29700cfa19700490237006022b80028
:102d50006033b8000800be000a01be00041b070073
:102d60000000e000680032006000b80002002000af
:102d700003ff2300d0af9f00e1af9f00f2af9f00a1
:102d800083b79f008006eb000802be000a03be0066
:102d900094b79f00a5b79f00b6b79f00c7b79f0025
:102da000070037008d06e8000800be000a01be00db
:102db000d0af9f00e1af9f00f2af9f0083b79f00ad
:102dc0006022b80006002000470224005fa8970098
:102dd000efa897007fa997008fb19700861c070086
:102de0000004be000205be000002be000203be00d9
:102df0001fb09700afb097003fb19700cfb19700d9
:102e0000db1a07000000e000e6ff3d000006eb00d3
:102e10005fac9700efac97007fad97008fb5970040
:102e20002500370040ed2f00808f560019003d002f
:102e30000c00e00016003a006022b80006002000f6
:102e4000073524001fb09700afb097003fb197003f
:102e5000cfb19700681c07000002be000203be004d
:102e600094b79f00a5b79f00b6b79f00c7b79f0054
:102e70006022b80006002000073524000800be00cc
:102e80000a01be005c1c07000004be000205be0073
:102e90001c0020006022b800060020004702240029
:102ea0000800be000a01be00a41b07000004be000b
:102eb0000205be008d06e9000802be000a03be003e
:102ec0001fb09700afb097003fb19700cfb1970008
:102ed000a71a07000000e000d2ff35000800be007e
:102ee0000a01be00d0af9f00e1af9f00f2af9f008c
:102ef00083b79f001fb49700afb497003fb597000a
:102f0000cfb59700080037006022b8000600200007
:102f100007ff2300d4af9f00e5af9f00f6af9f00ef
:102f200087b79f008006eb00af7a97000500fb0093
:102f30007e170700b07f9f007fa3970060002000ee
:102f40000600e000010035007fa0970071c6b300c5
:102f5000bf7b970081cf53000a003a00ffa0970083
:102f60000100e000cb013200cb0137008d0f500093
:102f7000cf013c0090b79f0052c6b300e2cf9f0044
:102f80001e003700bf799700e3cf9f000200370093
:102f900064c6b300e4cf9f000000e80090b79f0034
:102fa00060c6b300efca970080cf520013003a000a
:102fb0000d00e00008003d006000b80002002000a5
:102fc00003ff2300d0af9f00e1af9f00f2af9f004f
:102fd00083b79f008006eb0061c6b300e1cf9f007e
:102fe00070c6b3003f799700804f51000300320054
:102ff0009fb197008d81410093b79f005faa970012
:10300000efaa97007fab97008fb39700d4b79f00cc
:10301000e5b79f00f6b79f0087bf9f000800be007e
:103020000a01be0090af9f00a1af9f00b2af9f000a
:10303000c3af9f000006eb000802be000a03be00fb
:10304000e49f9f00f59f9f0086a79f0097a79f0082
:10305000310037005fb29700efb297007fb397005f
:103060008fbb97001fa89700afa897003fa99700b4
:10307000cfa99700311b0700651f07000004be00a1
:103080000205be00771a070080027800b5a79f00ee
:103090005fb29700efb297007fb397008fbb9700a6
:1030a0000800be000a01be00d31b07001faa97003c
:1030b000afaa97003fab9700cfab9700ce1a07009f
:1030c0000002be000203be0007f0a20094af9f0002
:1030d000a5af9f00b6af9f00c7af9f006022b800aa
:1030e00006002000470224005fb09700efb0970071
:1030f0007fb197008fb99700101b07000002be0038
:103100000203be00d4b79f00e5b79f00f6b79f004b
:1031100087bf9f000c06e8009fb29700850f5600fe
:10312000ccff35006f9c9700ff9c97000fa5970080
:103130009fa597006022b8000600200047012400e8
:103140005fb09700efb097007fb197008fb99700fd
:10315000a91b07000002be000203be00d4b79f00f7
:10316000e5b79f00f6b79f0087bf9f001fa8970095
:10317000afa897003fa99700cfa99700fc190700b7
:103180000000e0000f0035005fb29700efb297003b
:103190007fb397008fbb97001fa89700afa8970039
:1031a0003fa99700cfa99700f11907000000e000a0
:1031b00011003a00bfa297000508a30008003200e2
:1031c0000d0037006000b8006011b800d0b79f0054
:1031d000e1b79f00f2b79f0083bf9f000600370052
:1031e0006022b8006033b800d4b79f00e5b79f00f5
:1031f000f6b79f0087bf9f005fb29700efb29700be
:103200007fb397008fbb97000800be000a01be0085
:103210007f1a07000002be000203be0094af9f00a9
:10322000a5af9f00b6af9f00c7af9f006022b80058
:1032300006002000470224005fa89700efa897002f
:103240007fa997008fb197006b1b07000004be0099
:103250000205be000002be000203be001fa89700c8
:10326000afa897003fa99700cfa99700c5190700fd
:103270000000e000090035008d06e80060c6b300dc
:10328000efca970080cf520008003a001fb39700a2
:103290000603e80096b79f00110037005fac970067
:1032a000efac97007fad97008fb5970050c6b30085
:1032b0006fc99700804f510009003a000802be0014
:1032c0000a03be00d4b79f00e5b79f00f6b79f0082
:1032d00087bf9f008002eb00d5af9f00070037003b
:1032e0000800be000a01be00d0b79f00e1b79f00f2
:1032f000f2b79f0083bf9f00ddaf9f006fa69700ce
:103300000001eb00b2a79f00c29f9f00e29f9f00b9
:103310009d9f9f00680037005fb29700efb2970053
:103320007fb397008fbb97001fa89700afa89700a7
:103330003fa99700cfa99700801a0700b41e070085
:103340000004be000205be00c6190700e90f5000c8
:103350000100340090002000dfa197000348a30083
:103360000c003a000000e0000a003a0071c6b30009
:103370003f7a9700814f520006003a00dfaa97007b
:103380000500e00003003d003fa397008606e8002b
:1033900021003700cf9b97000700e0000c003a00a7
:1033a000dfa897000100e00009003d000c01470084
:1033b000e1c2b300014978000c06e8000fa99700ac
:1033c0000201e90082af9f0013002000c39f9f000d
:1033d0000c014700bfa697000300370001c3b300ec
:1033e000015978008d06e9000d00e000fbff3a006e
:1033f0003fa29700040646008c00470005c3b300b7
:10340000854840000c06e8000480ea000fab9700f6
:103410000003430086af9f005fb29700efb29700b2
:103420007fb397008fbb97000800be000a01be0063
:10343000f11a07001faa9700afaa97003fab9700a9
:10344000cfab9700ec1907000002be000203be00dc
:1034500007f0a20094af9f00a5af9f00b6af9f00fa
:10346000c7af9f006022b80006002000470224007a
:103470005fb09700efb097007fb197008fb99700ca
:103480002e1a07000002be000203be00d4b79f0040
:10349000e5b79f00f6b79f0087bf9f00dfaa9700a0
:1034a0008502e900d5af9f006f9b97000603e800f7
:1034b000e69f9f00bda79f00ef9b97001fb097005e
:1034c000808f530005003d00afa0970041009000a1
:1034d00065005000800f56008fff39009f9e9700b7
:1034e0004f9997000200e00007003a00dfa1970023
:1034f0000348a300040032000c004700e1c2b300ff
:10350000014878000c06e8000c0047000048eb007a
:1035100051c6b3006fca9700814f520036003a007f
:10352000af9a97008500e900010147000049eb00d0
:103530008001eb000d00e00002003d008d06ea0076
:103540001300200022002000810378008faa97003a
:10355000000478000b003700810378000703470060
:10356000a4002000110009008406d80001027800a0
:103570008006780000c3b300004b42000201e9005e
:103580008502e9008700e9000d00e000f2ff3a0043
:103590000200e000f0ff3c0085af9f0008007800cb
:1035a00001024700b2c2b3000300e0000100320094
:1035b000d2c2b300024a78000101e900820047004c
:1035c000af7997000302fb001404b10053c6b300a7
:1035d000f90f520001003e0053c4b3008348780045
:1035e0000faa97000482e90084af9f00820f560063
:1035f00001003d00b6fa0700dfa297006380620079
:10360000e20f500015003a000fab97000600e000f3
:10361000120034000e007800c5fa070006003700db
:103620008fab970087004700808040000001470073
:10363000924878000000e900efa09700810f500049
:10364000f7ff3d00010047000fa99700010320008c
:10365000d91307000001eb00c2a79f000e007800fd
:10366000b3fa07005fa29700cfa19700000178008e
:103670008e0078003f9897009e0207004f07780061
:103680004f06be004f05be004f04be002f04b10020
:103690000000060010002000e48f460033fe3d00cd
:1036a00090b79f0053c6b300e3cf9f0053fe37008f
:1036b0000d00e00036fe350090b79f0046fe370053
:1036c0000200fa00889fbe008a9fbe008005780035
:1036d000010478000200780018019000280590008d
:1036e00098007800b1bf9f00b80490000200e0008d
:1036f000020035000110a100b1bf9f00ea81570010
:10370000820020008a007800100278009002900069
:1037100020039000b0039000080078004b000700e1
:103720003fb99700f0006100040032000000e9009a
:103730008080440002c3b300824878003fb99700fc
:10374000e8006100040032000000e90080804400cd
:1037500002c2b30082487800480190000201e900eb
:1037600000015100808044003fba97008a01780030
:103770000b0078005f0207009b0090000188a30007
:103780000400320098009000810f500001003d00bd
:10379000010078004f05be004f04be000080fa0013
:1037a00000000600ea874700889fbe008a9fbe008f
:1037b0008e1f78000004780003007800728757009d
:1037c00084e2260055c72600049fbe00c39622004f
:1037d000030f78006c875700004feb001105900035
:1037e000a1049000910578000200e0000200320080
:1037f0000207780001003700728757000000e000e0
:1038000002003a000e00780049fa07000a00e000c2
:10381000030035008a0f5000010036000a007800ce
:103820000b02780089017800000178008e00780092
:10383000080078002f0207004f0778004f05be00f0
:103840004f04be00af00b10000000600f48747003f
:10385000889fbe008a9fbe008c9fbe008e1f78008e
:103860000605be000404be0081bf9f0082b79f0012
:10387000f3b79f00b0009000e1b79f0013017800fc
:1038800092b79f0090069000400090000000e90071
:10389000000678000d00e00001003d001d00200042
:1038a000efb19700008041000048eb001e002000af
:1038b0001f0037000c06e9000fb09700cf80de0034
:1038c0006109b900a0b79f00b1b79f00c2b79f00c0
:1038d000d3b79f000203be000002be000800be0076
:1038e0000a01be00871b070000077800efb09700b1
:1038f0000c80400003c3b300034847008d06e90075
:103900000fb897000000e90080bf9f002fb297001a
:10391000bfb297004fb39700dfb397000800be0017
:103920000a01be00701b07000205be000004be00b5
:103930000c00e0000d003400e00f5400e08f5c004c
:10394000e00f5d00e08f5d00daff3a000d00e0005f
:10395000d8ff3c008fb897000100e000030034005e
:103960001fb197000218a300d2ff3a000e00e0003a
:1039700002003a00ffb197001340a1000c0078004c
:103980004f0778004f06be004f05be004f04be0033
:103990004f01b100000006000200fa00889fbe003f
:1039a0008a9fbe00000578000104780002007800bc
:1039b00018019000a804900098007800b1bf9f0003
:1039c000b80590000200e000020035000110a100df
:1039d000b1bf9f00ea815700a20020008900780053
:1039e000100278009002900020039000b003900035
:1039f0000800780095ff0700480190000201e900e7
:103a000000015100808045003fba9700890178008d
:103a10000a007800b70107009a0090000188a3000f
:103a20000400320098009000810f500001003d001a
:103a3000010078004f05be004f04be000080fa0070
:103a400000000600fa874700889fbe008a9fbe00dc
:103a50008c9fbe008e1f78008004780001047800df
:103a6000820578001801900028059000180778005a
:103a7000b80090000200e000020035000e10a10026
:103a8000010037001200200070006700e0b79f00bf
:103a90000b0032001b0278009b0290002b03900069
:103aa000bb039000e00f5200e08f5a00e00f5b0074
:103ab000e08f5b00020032008a86e90001003700d7
:103ac0008a067800e8026700f5b79f00010032001f
:103ad0008d06e9001b0278009b0290002b039000ea
:103ae000bb039000e4af9f00f5af9f0086b79f0037
:103af00097b79f00480690000c06e9000c80400034
:103b00000048eb00efb297007fb29700890378007e
:103b100081047800d8af9f00020478008bbf9f001b
:103b20008a057800034578002b0037000c06e90071
:103b30006fab97006f006300e90f500002003c007c
:103b40000003b000010037007005b0000a03fb005d
:103b50001604b100f90f53000c003e00000378007a
:103b60000650a0001606b100f90f530007003e00f2
:103b7000b4b79f00a5b79f00c7b79f007214070096
:103b8000cfb39700afb297003fb297000c834400c9
:103b9000004b78000804e9008d06e9006fa8970043
:103ba000ffa897000fb197009fb197004600200033
:103bb0008301d1000281d3008180d3000080d30033
:103bc0000603e900faff3a00e0af9f00f1af9f0063
:103bd00082b79f0093b79f00e10f56000f0034009b
:103be0006fa89700ffa897000fb197009fb19700ab
:103bf000e00f5000e08f5800e00f5900e08f5900af
:103c0000caff3a000800e000c8ff3c000d00e000d9
:103c1000020034000e18a300c4ff3a0089007800a7
:103c2000f4b79f00870478005fac97008a41780062
:103c30000b0578008fbd97000500e00014003200ee
:103c40001b0278009b0290002b039000bb039000a6
:103c5000e4af9f00f5af9f0086b79f0097b79f0026
:103c6000e00f5200e08f5a00e00f5b00e08f5b0036
:103c7000070032000c06e9000c8040000348780081
:103c80000c06e9000c80400002c3b3000248780033
:103c9000ffb297000500e000040032000c06e900c6
:103ca0000c80400002c2b300024878004801900036
:103cb0000201e9000c0151008c8040000e027800e6
:103cc0008a017800090078000a0107009900900035
:103cd0000188a3000400320098009000810f50007a
:103ce00001003d00010078004f0778004f06be003c
:103cf0004f05be004f04be00af01b100000006003a
:103d0000f28747008e1f78000202780003017800d6
:103d10000000e000020032000007780001003700d8
:103d2000728757008002eb000100e00001003200c2
:103d30008102e90070805700060009000018eb00be
:103d40000080eb0080bf9f002310200093bf9f00e6
:103d5000aebf9f00b1bf9f00c5bf9f000100e00044
:103d600003003d00b10420007114890006003700f3
:103d7000004feb00eebf9f00debf9f008400780085
:103d800070805700f71307004f0778002f01b1002c
:103d9000000006008201780001017800f1ff270091
:103da000d7ff3700fb0537003c00fa008f01780091
:103db000c303b1001d0009008019eb00c0a79f00dc
:103dc00080b79f0020ed2100b0b79f0040fc2f007e
:103dd0000f004000f11307000080fa000000060009
:103de000881f78000004780000082000808f5000b1
:103df0001a00350010082000808f50000d0034009c
:103e000030082000808f500014003a0092007800a3
:103e1000688050000009780010027800900290003d
:103e200020039000b0039000049cbe000694be00e6
:103e30000800370092027800648052000009780080
:103e40009000900010007800e7160700009cbe006c
:103e50000294be0010002000010037000000eb00bb
:103e60004f0478000000060084082000848f500072
:103e70001d0032000d003c0014082000848f50000b
:103e80002700320002003c00040820000400370034
:103e900024082000848f500036003200440820009f
:103ea000848f500047003a003a003700040a20008f
:103eb000848f50002900320004003c0004092000d7
:103ec000848f50003f003a002a003700020c200087
:103ed000828f500033003200020f2000828f50008a
:103ee00038003a002f0037009380e9000200e0001c
:103ef00005003200810978001102fb00cfa2de002c
:103f0000612bb9002c00370081097800114278003c
:103f10000482fb008002eb006033b800260037000b
:103f200013027800e40052000200e00006003200b4
:103f30008109780011027800910290004fabde00f9
:103f4000860378001c003700810978001102780090
:103f5000910290006033b800170037009380e900a9
:103f60008109780011027800cfa2de00612bb90030
:103f70001100370093027800e88052008109780030
:103f8000110278009102900021039000b10390008b
:103f9000090037009380e9000200e00002003200cf
:103fa000efff37009380e900810978001102780063
:103fb0008002eb006033b8000498be000690be009b
:103fc000100005000000050044082000848f500008
:103fd0002500320008003c0014082000848f5000a7
:103fe0001400320024082000848f50002400320086
:103ff000040820000c00370004092000848f5000c2
:104000001f00320004003c0084082000848f500010
:1040100024003a000e003700040a2000848f50006c
:1040200011003200040c2000848f50001d003a0063
:104030000d0037009380e900810978009100780035
:1040400001087800cf91de008288be00140037009e
:104050009380e900810978009100780001087800d8
:10406000824878000e0037009380e90081097800cb
:104070009100780001087800820878000800370075
:104080009380e900810978009100780001087800a8
:104090006112b900612bb9008498be008690be0001
:1040a0001000050000000500889fbe000004780095
:1040b0004800900082047800808f54000100360090
:1040c000800478000901780058009000eef707009e
:1040d000580090000900400050049800c80090006b
:1040e00089845000490498000048eb004f04be004a
:1040f00000000600f2874700889fbe008a9fbe002e
:104100008c9fbe008e1f7800800478000105780027
:1041100002047800830578006107620002003a001b
:104120008b0f540008003900080178008a007800dd
:1041300009007800fe1307008b0f540002003900bd
:10414000880578001e003700088655000c017800ad
:10415000f00f56000100360002012000010220008d
:104160007e805700141107008c0678000500370088
:1041700002012000fe80570009007800ec130700c0
:10418000f0865600ef8f5600f9ff3e004461de00d6
:1041900000ff2f008091b9000c014100fe80570004
:1041a00009007800e21307000e00e00004003a0066
:1041b000080178008a00780009007800dc13070005
:1041c0000b0078004f0778004f06be004f05be0079
:1041d0004f04be002f01b1000000060000000500e2
:1041e0000000050000000500000178000040eb0021
:1041f0008080fb0081804000632622008181410095
:10420000134278000404e00004003a007026220003
:104210008100400011407800000006009201780003
:10422000934f520005003a007026220081004000a2
:10423000114078000309e800010037000040e80061
:10424000ea4f5000eaff360000000600f6874700fc
:10425000889fbe008a9fbe008c9fbe008e1f780084
:1042600000057800010478008305780004067800d2
:104270000000eb00c0b79f008080eb00d1b79f002b
:10428000e0b79f00f2b79f000008200080bf9f00aa
:1042900098007800010078008004eb0001003700ee
:1042a0008904e800304178000204e0000300320095
:1042b00053c2b300834f5100f9ff3a000900e000f8
:1042c00004003200090178000a0078009813070002
:1042d000188c44001807780050c2b3009e4f10009d
:1042e0003f013a000e07e8000e0c7800100037007e
:1042f000cfb097000100a0000b003700cfb09700af
:104300000110a00008003700cfb097000120a000e6
:1043100005003700cfb097000130a0000200370041
:10432000cfb097000140a000c1b79f00000ce8008b
:104330001800780090407800b2c2b30082cf5000dd
:10434000f1ff320007003c0002c2b30082cf5000f0
:10435000f0ff320032c2b30082cf500007003a00b3
:10436000efff3700d2c2b30082cf5000e0ff32002f
:1043700002c3b30082cf5000e0ff3200a2c2b300fc
:1043800082cf50000d003a00000ce8001c80e900cc
:10439000000e780010007800e0b79f000000e000f9
:1043a0000f003d00cfb097000100a200c1b79f00f1
:1043b0000000ea00e0b79f0009003700a1040700f1
:1043c000e0b79f0001003700000ce80018007800fb
:1043d0009000fb000103b100e98f5000faff3600a6
:1043e0004fb097000008a300020032000010a100a7
:1043f000c0b79f0018007800e1c2b30090cf100052
:1044000016003a008000eb00d1b79f000000e800e2
:10441000000c7800a1c2b30090cf100006003a0053
:10442000000ce8001c80e900000e78001000780005
:10443000d0b79f000900370082040700d0b79f0063
:1044400001003700000ce800180078009000fb0025
:104450000103b100e98f5000faff36000800780030
:1044600061ff070080467800180078001000fb000c
:104470002e12070091062000810f500038003200f4
:1044800012003c0041062000810f50003400320031
:104490000a003c0011062000810f5000200032006d
:1044a00031062000810f5000a00032005102200090
:1044b000810f5000bc003a00b400370071062000a4
:1044c000810f5000b8003c00880037000107200031
:1044d000810f50005c00320007003c00e106200024
:1044e000810f50007a003200f1062000810f500049
:1044f000ad003a003900370051072000810f50000d
:104500002700320081072000810f50004200320056
:1045100031072000810f5000a3003a008f003700c0
:104520008d80fb000c01780000fe2f000f00400082
:104530002bfe07000000e000a80032001800780001
:10454000000ce8009041780002fe2f000f014100ae
:10455000f88057000a00780021ff07000e0037009e
:104560008d80fb008c0178001200200000fe2f00df
:104570000f0040003cfe07000000e0009700320002
:10458000180ce80002fe2f000f014100f8805700d0
:104590000a0078001af90700808444009000370070
:1045a0008d80fb008c0178000001eb0000fe2f00e5
:1045b0000f0040002cfe07000000e00087003200e2
:1045c000180ce80002fe2f000f014100f880570090
:1045d0000a007800f0fc0700efff37008d80fb0039
:1045e0008c0178000001eb0000fe2f000f0040005e
:1045f0001dfe07000000e00078003200180ce80003
:1046000002fe2f000f014100f88057000a007800d9
:104610002bfc0700e0ff37008d80fb008c01780049
:104620000001eb0000fe2f000f0040000efe07000f
:104630000000e0006900320018007800000ce8007b
:10464000904178001c0037008c0178000001eb00dd
:10465000010f200000fe2f000f00400002fe0700a7
:104660000000e0005d003200180ce8000fb0970079
:104670009fb097002fb19700bfb19700e00f500097
:10468000e08f5800e00f5900e08f590009003a0010
:10469000cfb597006fb49700e0252200a4f607007d
:1046a0000b0278008801780000017800e1252200e3
:1046b0004700370083c7b30002fe2f000f014100ff
:1046c000f88057000a007800defc0700b2ff3700d0
:1046d0000b8144008d80fb008c01780000fe2f00d0
:1046e0000f00400038fe07003c0037008d80fb00c3
:1046f0000c01780000fe2f000f004000b8fd0700fd
:104700000000e0003500320018007800000ce800de
:104710009041780002fe2f000f014100f880570001
:104720000a00780013f907009bff370000c8b300a8
:1047300080cf560029003a00180ce8001c80e900e0
:10474000000e780010407800e0df9f00130020008a
:10475000e2fd2f000f0141000800370000c8b30040
:1047600080cf56001d003a00180ce8001c80e900bc
:10477000000e78008001eb0010017800f8805700ef
:104780000a00780007fc070083ff370000c8b30069
:1047900080cf560011003a00180ce8004fb2970085
:1047a000efb19700080037000e0c78000000eb0016
:1047b000c0b79f00e0b79f000080eb00d0b79f001c
:1047c0000002eb0084017800120020004126220044
:1047d0000a00780047fe07006fff3700180ce8005a
:1047e000090078004f0778004f06be004f05be0055
:1047f0004f04be006f01b100000006008200fa0005
:10480000889fbe008a1f7800000578008204780027
:10481000c13f9f000004eb00100037000902780040
:1048200088017800a2f72f000f01410081f72f00c7
:104830008f8040000a00780084fe070008004000d6
:10484000880f500004003d00b0042000701489005f
:104850000084eb0004003700000478004f38970014
:104860001004e000edff3a00080078004f057800e2
:104870004f04be000080fa00000006000600fa00a7
:10488000889fbe008a9fbe008c9fbe000004be00b1
:1048900082057800c0272200000f7800002822003f
:1048a000100798000b80e8000005eb00830f500014
:1048b0003d003d000b0678008a0678008080eb0002
:1048c0007808900038119000820f500003003100ea
:1048d0003085fb00700c9800070037000800780056
:1048e00021079800bd0f070000057800ae0090007a
:1048f000e10f45002c003200e18f40000a003a0031
:104900000a007800091107000005780090062000d1
:10491000800f55000f003200e0062000800f550088
:104920000e0032001c0037000a00780021079800b2
:10493000fe100700ae009000018140006e0179007a
:104940000d0141001201fb00820f500004003200f3
:10495000110037008000eb0001003700110020003b
:104960000c8044000a4878000c06e8008d06e80038
:10497000e38f5600d2ff3a000d0578000a00370099
:10498000381090000000e00003003200780890002a
:104990000000e900700c98000c06e9008b0f56002f
:1049a000f7ff3d000005eb000a0078004f06be004f
:1049b0004f05be004f04be000080fa000000060054
:1049c000f2874700889fbe008a9fbe008c9fbe0072
:1049d0008e1f780000047800a1b79f008304780040
:1049e0002205900042069000b205900099067800da
:1049f00008007800c30007008d0c40000c06e90099
:104a00000a00e00001003a000c057800eab79f00b8
:104a10000a0078008c0f500001003400ecb79f00b2
:104a20000b07780011002000c1b79f008006eb0043
:104a3000ddb79f000d057800bdb79f008bbf9f00bd
:104a4000880578000d047800840037007b0890000a
:104a5000bb109000810f5000030031003086fb0036
:104a6000f00d98000a0037000b0078005b0f07007c
:104a700000067800e10f460005003a008fbd970060
:104a80007fb297000400e0007b003c008800370004
:104a90000a00e0000e003a00b0022000800f56002d
:104aa00003003200d0022000800f560008003a00b8
:104ab0000d00e00002003200888f56000c003a0022
:104ac0000c4f7800990ce8001a0020005e003700b7
:104ad0003fb097000000e00013003a00e002200021
:104ae000800f560010003a000800e0000900320074
:104af0000b0478008fbd9700381090000000e00094
:104b00005d003200780890000000e900700c980009
:104b1000590037000c4f7800990ce8001100200074
:104b2000b1b79f00480037000800e00023003a00ba
:104b30005fb297000400e000040032000c0078002f
:104b40007a1007000087b200030037000c007800dd
:104b5000761007005086b20000f0a7000000ea00bf
:104b60000000e9004f00de000004e00057003200c2
:104b70004fb497000c4f7800990ce8000005eb004b
:104b8000310037000c007800681007008107200012
:104b9000810f500009003a00fef8970000c3b300ef
:104ba00080cf500005003a000c4f7800990ce800c7
:104bb00010002000d0b79f0023003700dfb097001f
:104bc0000100e000050032000c007800ed0d070048
:104bd0000000e0001a003a000400370000fd2f003a
:104be0000c004000e90f5000150036000b0478005f
:104bf0008fbd9700381090000000e00003003200e5
:104c0000780890000000e900700c98008d0f5500a6
:104c100019003a00efb197000a0178008b00780084
:104c20000800780015ff07000000e00011003400c4
:104c30000a054000fab79f00990c40000e003700ab
:104c40000c4f7800990ce8008d06e8004fb29700f1
:104c50000402e800c4b79f000e07e800fdb79f00fc
:104c6000efb09700818f560078ff35008fbd970019
:104c700001003700fab79f007fb29700048045001b
:104c80000048eb00fe8057000b00780002f7070099
:104c90002fb29700009abe000292be001c002000b6
:104ca0001fb09700808f550001003a00ecff2f00e5
:104cb0000c0078004f0778004f06be004f05be007d
:104cc0004f04be002f01b100000006000a00e800fa
:104cd000808f5600b9ff3a00aaff370080007800a5
:104ce0001000200002022000828f500004003200d9
:104cf000e9805000e48f5000010036000000eb0016
:104d000000000600889fbe00000478008004eb00cd
:104d10000b003700f1ff07000000e00007003a0039
:104d2000381090000000e000100032007808900079
:104d30000000e900700c98000c0037008904e800be
:104d4000f808900038109000808f50000300310068
:104d50003180fb00710c9800eeff370008007800ee
:104d60009e0e0700e10f4000eaff3a0009007800bc
:104d70004f04be0000000600889fbe008a1f780016
:104d80000004be00190078001000fb00d3ff0700ec
:104d90000005eb000000e000090032000800780088
:104da000d8ff0700000578001900e800800c7800a3
:104db0001000fb00c9ff07000000e000faff3a0006
:104dc0000a0078004f0578004f04be00000006007e
:104dd0001801fa00889fbe008a9fbe008c9fbe000b
:104de0000005780001047800830578000406780047
:104df00068004700040009000018eb0072079800e3
:104e000000082000000f9800880078000a00780051
:104e1000d9ff070080067800190037007a08900053
:104e2000ba109000810f500003003100b084fb00e5
:104e3000700d9800050037000a007800670e070023
:104e400080047800e18f44000700320018007800e9
:104e50001000fb00808f5400030032003a109000d5
:104e6000e9ff2f00100137009b0de800180ce80047
:104e7000880078000a007800bfff0700808646009f
:104e800018007800904078000104e0000300320030
:104e900052c2b30082cf5000e0ff3a009b8d460023
:104ea00051c2b30090cf10008b013a000000e8001f
:104eb000000c78008000eb0061079800210f99003a
:104ec000a1c2b30090cf100003003a00000ce8002c
:104ed00011002000210f990018007800d901070067
:104ee000600798006102b900612bb9000a007800e0
:104ef000150e070001003700000ce80018007800cc
:104f00009000fb000103b100e98f5000faff36006a
:104f100008007800b4fc070080467800180078008c
:104f20001000fb00810f070091062000810f500048
:104f30003900320015003c0031062000810f50007e
:104f4000a10032000a003c00b1052000810f500092
:104f5000db00320011062000810f50008800320073
:104f600051022000810f50005a013a00ba00370068
:104f700041062000810f5000190032007106200008
:104f8000810f500053013c007d00370001072000d5
:104f9000810f50005900320007003c00e10620005c
:104fa000810f500066003200f1062000810f500092
:104fb00048013a003d00370051072000810f5000a2
:104fc0002600320081072000810f5000450032008a
:104fd00031072000810f50003e013a008d0037005c
:104fe0008b017800680147008e0078000a00780085
:104ff00042010700800478000900e0003901350013
:10500000180ce8008004eb002e0891000000e0007e
:1050100034013a000d0037008b0178006801470029
:105020008e0078000a0078003401070080047800c0
:105030000900e0002b013500180ce8008004eb00ab
:10504000ae0891000100e00026013a008d80fb00cf
:105050008c01780012002000100037008b017800ce
:10506000680147008e0078000a00780023010700dd
:10507000800478000900e0001a013500180ce800ef
:105080008004eb002e0891000000e00015013a00ba
:105090008d80fb008c017800090178000e007800fb
:1050a0006f0f0700800478000e0137008b01780035
:1050b000680147008e0078000a0078000f010700a1
:1050c000800478000900e00006013500180ce800b3
:1050d0008004eb00ae0891000100e00001013a00fd
:1050e000ebff37008b017800680147008e007800e5
:1050f0000a00780001010700ddff37008b0178000e
:10510000680147008e0078000a007800fb00070065
:10511000800478000900e000f2003500180ce80077
:105120008004eb00ae0891000100e000ed003a00c1
:105130008c01780009017800010f2000d7ff3700ab
:10514000180ce8001b007800cf80de006109b90070
:10515000009fbe000297be008004eb002e08910065
:105160000000e000df003a008d80fb008c01780039
:10517000090178000e007800390f0700d9003700c8
:105180008b017800680147008e0078000a007800e3
:105190000bfe0700800478000900e000d100350014
:1051a000180ce8008004eb00ae0891000100e0005c
:1051b000cc003a008d80fb000c0178000e007800d6
:1051c000040f0700b7ff370000c8b30080cf5600b8
:1051d000c0003a006e0090000000e00002003a00bb
:1051e0001000200060079800180ce8000002eb0097
:1051f0002e0891000000e00003003a001c80e90046
:10520000000e7800100278008b0178000001eb009e
:105210000d00370000c8b30080cf5600ad003a0043
:10522000180ce8000002eb00ae0891000100e0005d
:1052300003003a001c80e900000e7800100278009c
:105240008b01780012002000e80047000a00780077
:10525000ab00070093ff370000c8b30080cf5600b3
:105260009c003a00180ce800fa0890003a109000f0
:10527000808f5000030031003180fb00710d9800d9
:10528000020037000a007800540d07005102200088
:10529000810f500002003a009b0de800900037009b
:1052a0003a1090008004eb000000e0008d00320016
:1052b0007a0890000000e900700d9800890037001e
:1052c00000c8b30080cf560082003a008006eb0091
:1052d0002e0891000000e00003003a001c80e90065
:1052e000000e7800900678001800e800000c7800a6
:1052f0008004eb00e1c5b30090cf100002003a003b
:10530000000ce8001900200012102000890078002d
:1053100072004700a80c07000040eb0020579800df
:105320001800780090407800d2c2b30082cf5000bd
:1053300005003a00000ce80010c0b300094050001e
:1053400000c7980029003700d2c5b30082cf5000b3
:1053500026003a00000ce80010c0b30009405000dd
:1053600000f79800210037000004e000240032001c
:10537000d3c2b300834f500015003a0018009000cc
:10538000104078000004e00011003200814f50000e
:105390000f0032000201e800020c780078b8970094
:1053a0001000fb00f20047000080400003003700bf
:1053b0000000e80011c0b30009c85000f201470026
:1053c000830150009200fb00818f5100f8ff3500ef
:1053d000180078009000fb00f380400012c0b3007a
:1053e0000941510002f77800000ce800180178002c
:1053f00012407800d1c5b300814f5000daff3a0067
:105400000d00e000180032008d0078000006eb006f
:1054100003003700895878000c06e8009b0de8006f
:105420007a0890003a119000820f5000030031007a
:10543000b084fb00700d9800050037000a0078006a
:10544000310f9900e50c070080047800be08910038
:10545000738044006e4078000004e000edff3a00e5
:10546000100037009b0de8007a089000ba109000f9
:10547000810f500003003100b084fb00700d9800d4
:10548000030037000a007800d40c0700800478007d
:10549000738044006e4078000004e000f1ff3a00a1
:1054a0000006eb003a1090000000e000030032001c
:1054b0007a0890000000e900700d98000c00e000f0
:1054c000040032000d00e000020032008c8646002d
:1054d000804eeb00180ce800e18f44000100320020
:1054e0008004eb00090078004f06be004f05be00a7
:1054f0004f04be000080fa00000006000000050016
:10550000000005008400fa00889fbe008a1f780012
:105510000005780082047800b13f9f000000eb0096
:10552000c03f9f00000478000d003700090278009a
:1055300083f72f008f814100a2f72f000f01410058
:1055400061f72f008f8040000a00780020fe0700de
:10555000800178000300e0000400350003044400eb
:105560003f3897001004e000f0ff3a00e18f41005f
:1055700003003a000800e00001003a00030478004c
:10558000080078004f0578004f04be000080fa0044
:1055900000000600889fbe008a9fbe008c9fbe0050
:1055a000800578008106780002067800eb0c9000f8
:1055b000081020000c044400080178008000eb0073
:1055c00009007800bf0b07000000e0000100320076
:1055d00009045000080578008c0f540001003600c3
:1055e0000c0578000a017800890078000d00780029
:1055f000a5f207000a804400f00d980008844400da
:1056000088159800e80d98000a0078004f06be0043
:105610004f05be004f04be00000006008000780069
:105620001000200002022000828f5000040032008f
:10563000e9805000e48f5000010036000000eb00cc
:1056400000000600889fbe008a1f780000057800d1
:105650000a047800984478000805e8000900fb0077
:10566000eeff07000000e000f9ff3a00b0c2b3000f
:1056700080cf540005003200d0c2b3008000eb00a0
:1056800080cf540005003a00020037008000eb0094
:1056900001003700110020000804e8000000eb00c2
:1056a00003003700ea00b900020050000003b00018
:1056b0003801fb0003fd2f0082814100e98f51007a
:1056c000f8ff36000100e00001003a000000ea00a7
:1056d0004f0578004f04be000000060080007800ef
:1056e0001000200002022000828f500004003200cf
:1056f000e9805000e48f5000010036000000eb000c
:10570000000006000800fa00889fbe008a9fbe00c5
:10571000000478008105780078089000b8109000a7
:10572000810f500003003100b084fb00700c980022
:105730000300370008007800280c07008004780078
:10574000b0022000808f5400040032000005eb00fe
:10575000d0022000808f54001b003a00d982b20092
:1057600009f0a7008904ea008904e9004f4dde0032
:1057700078089000b8109000810f500003003100ad
:10578000b084fb00700c980003003700080078001c
:10579000120c07008004780000fd2f000900400073
:1057a000e90f5000080036000b00e0000600320050
:1057b000381090000000e0000300320078089000ec
:1057c0000000e900700c980000fd2f000900400067
:1057d0008005eb00e90f50001300360038109000f0
:1057e0000000e00072003200780890000000e9003c
:1057f000700c98006e003700ea59b900800541002e
:1058000078089000b8109000810f5000030031001c
:10581000b084fb00700c980003003700080078008b
:10582000ee0b07008004780000fd2f000900400007
:10583000e90f500003003e00b1cc2000818f5500dd
:10584000edff3400615ab900612bb90084bf9f009d
:1058500095bf9f00a6bf9f00b7bf9f001f003700e6
:10586000a4002000050020006033b8000fb89700a6
:105870009fb897002fb99700bfb99700031407008e
:10588000cfcdde000082440081824d0002834d00b6
:1058900083834d000403b1000580b1000680b10090
:1058a0000780b10084bf9f0095bf9f00a6bf9f00e7
:1058b000b7bf9f0078089000b8109000810f50008b
:1058c00003003100b084fb00700c98000300370027
:1058d00008007800c10b07008004780000fd2f004d
:1058e00009004000e90f500017003e00d07a240064
:1058f00011ae270042e12a00731420000fba97006e
:105900009fba97002fbb9700bfbb97000020e10014
:1059100001a8e10002b0e10003b8e100d0ff3400cb
:105920000900370078089000810f50000300310013
:10593000b084fb00700c980003003700080078006a
:10594000a60b0700800478000903b100b81090008e
:10595000e98f5400f3ff36000100e000030032003d
:10596000780890000000e900700c98000a00e00040
:10597000160032006000b8006011b8000fba97003e
:105980009fba97002fbb9700bfbb9700040250003f
:1059900085825800060359008783590084bf9f0001
:1059a00095bf9f00a6bf9f00b7bf9f0007003700ad
:1059b0006000b800020020000300280080bf9f00a4
:1059c00091bf9f00a2bf9f00b3bf9f000fb8970079
:1059d0009fb897002fb99700bfb997004f05be0039
:1059e0004f04be000080fa00000006000f04b00063
:1059f000889fbe008a9fbe008c9fbe008e1f7800cd
:105a000000067800b1a79f00c29f9f00a3a79f0038
:105a1000b49f9f00fc0890003c109000808f5000c5
:105a2000040031003180fb00710e98000007eb008c
:105a30000d0037000c007800680b0700fbff3700f3
:105a4000fc0890003c109000808f50000300310053
:105a50003180fb00710e9800020037000c007800c6
:105a60005e0b07001e00200001032000810f500084
:105a7000f3ff32006022b8006033b80094af9f009b
:105a8000a5af9f00b6af9f00c7af9f008002eb009d
:105a900095a79f00e1022000810f500023003a00eb
:105aa000fc0890003c109000808f500005003100f1
:105ab0003180fb00710e98006044b8006055b8005a
:105ac000110037000c007800440b0700faff370084
:105ad000fc0890003c109000808f500003003100c3
:105ae0003180fb00710e9800020037000c00780036
:105af0003a0b070061045400e0845c0060055d001f
:105b0000e0855d001e00200001032000810f500091
:105b1000efff320098af9f00a9af9f00baaf9f0080
:105b2000cbaf9f001500200095a79f006022b80012
:105b30006033b800d4af9f00e5af9f00f6af9f0081
:105b400087b79f008002eb00a59f9f006022b800ee
:105b50000600200007ff2300d49f9f00e59f9f00c1
:105b6000f69f9f0087a79f006044b8006055b8006b
:105b70006033b800f6a79f0087af9f00840037000e
:105b8000e1022000810f50000e003a009fa3970011
:105b90000700e0008b003a005fa89700efa897008d
:105ba0007fa997008fb1970090af9f00a1af9f0092
:105bb000b2af9f00c3af9f001100200091a79f00cc
:105bc0006a00370091032000810f50000300340069
:105bd0000050a0009dfa2f00808646007000200033
:105be000010020006011b8005faa9700efaa97009b
:105bf0007fab97008fb397000020e10001a8e10080
:105c000002b0e10003b8e1000c003c007fa3970064
:105c10008fab97004438dd00cc30de00810070008f
:105c20004430dd004feade000081460081014a0079
:105c3000f2a79f0083af9f003f003700d0002000f5
:105c4000010020006011b8005faa9700efaa97003a
:105c50007fab97008fb397000020e10001a8e1001f
:105c600002b0e10003b8e1001d003c006022b80072
:105c70000600200007fb23005f989700ef9897002d
:105c80007f9997008fa19700db1007000002be00ec
:105c90000203be00d49f9f00e59f9f00f69f9f00d8
:105ca00087a79f006168b9009a0f07005f9a970065
:105cb000ef9a97007f9b97008fa39700ce10070065
:105cc0000002be000203be000800be000a01be00c2
:105cd000cf0f07000004be000205be00160037000b
:105ce0000d00e00014003200af9a97000500e000bc
:105cf00011003a006022b8000600200007fe2300d1
:105d00005f989700ef9897007f9997008fa1970071
:105d1000b91007000002be000203be000800be006a
:105d20000a01be00ba0f07000004be000205be0053
:105d300016002000a69f9f005fa89700efa897007d
:105d40007fa997008fb1970061004000e080480074
:105d500060014900e0814900d0af9f00e1af9f00a2
:105d6000f2af9f0083b79f001e002000fc08900048
:105d70003c109000808f5000030031003180fb0008
:105d8000710e9800020037000c007800930a07009b
:105d90000dfd2f0080864600e98f560078ff360003
:105da000800078000150a0001106b100e58f50007e
:105db00073ff3600e1022000810f500073ff3200b4
:105dc00001003700e00220000e00e0001e003a0053
:105dd0003c1090000000e00003003200fc0890003e
:105de0008100e900710e9800bf9897000100e00063
:105df0000e0032000000e00003003200fc089000ba
:105e00008100e900710e98001fa197000200e000d8
:105e10000a0032000000e000080032007c08900018
:105e20000000e900700e9800040037006022b800fe
:105e30006033b8000c007800430a0700afa1970058
:105e40006118b900510037001fa297000400e0005c
:105e500016003a005faa9700efaa97007fab970061
:105e60008fb3970094af9f00a5af9f00b6af9f0080
:105e7000c7af9f00110037007fa197008fa997003f
:105e80004418dd00cc10de00810070004410dd00fd
:105e9000f0a79f0081af9f0061024200e0824a00ac
:105ea00060034b00e0834b00050037005faa9700ba
:105eb000efaa97007fab97008fb39700800678001a
:105ec00070002000010020006011b8000020e100f7
:105ed00001a8e10002b0e10003b8e100e6ff3400f0
:105ee0000d0078000050a00001072000810f500035
:105ef00015003a00bf9897000c00780001fe0700db
:105f00006022b80006002000070028000400e1001d
:105f10000588e1000690e1000798e10014003a00ce
:105f2000bf9997000300e00007003a006022b80024
:105f30006033b8000c007800030a07006000b80066
:105f40006011b8003c0137003c1290006000b800be
:105f50006011b8000400e000050032007c089000e9
:105f60000000e900700e98006000b8006011b800f1
:105f70007fa297008faa9700e00f5200e08f5a008f
:105f800007003a00afa297006128b900a6eb07000e
:105f90006011b8009bed0700930e07002601370043
:105fa0001faa9700afaa97003fab9700cfab97000f
:105fb00068025200e0825a0060035b00e0835b00ed
:105fc0002c0020000402d0008582d2000683d2007b
:105fd0008783d2000c06e900faff3a000402400071
:105fe000858248000603490087834900d4af9f009b
:105ff000e5af9f00f6af9f0087b79f00cf9a97004d
:106000000500ea00cf80de006109b9005faa9700b1
:10601000efaa97007fab97008fb397000020e100b5
:1060200001a8e10002b0e10003b8e1000f00340074
:106030002002200070148900afa297006128b900e7
:10604000b40e0700f4ff2f00f5ff2f00f6ff2f001e
:10605000f7fe2700e80f0700f4ff2f00f5ff2f00e1
:10606000f6ff2f00f7fe27001a0037004f9b97001e
:1060700067f92f0007004300cf80de006109b900f7
:106080005faa9700efaa97007fab97008fb39700a6
:106090000020e10001a8e10002b0e10003b8e10046
:1060a00039003d002002200070148900afa2970043
:1060b0006128b900970e07006022b8000600200092
:1060c00007012000cc0f07006022b8000600200066
:1060d00007012000c80f0700d70037006022b80072
:1060e0000600200007fe23000800be000a01be00d3
:1060f000240e07000c0646008d864e000000e000ce
:106100000d00350061064600e0864e006022b800b2
:106110000600200007ff23000800be000a01be00a1
:10612000b50e07000002be000203be000800be005c
:106130000a01be00040037000802be000a03be00c8
:106140000800be000a01be00b10e07000004be0038
:106150000205be005fa89700efa897007fa99700ef
:106160008fb1970061005000e08058006001590035
:10617000e0815900d0af9f00e1af9f00f2af9f00d8
:1061800083b79f00020037007fa697008fae97006d
:10619000e00f5600e08f5e00d0ff3d00fca79f009f
:1061a0008daf9f003fa29700cfa2de00612bb90008
:1061b00094af9f00a5af9f00b6af9f00c7af9f00f1
:1061c00000022000010020006011b800cf9a970063
:1061d0004faede00050250008c8258000c035900bf
:1061e0008c835900d49f9f00e59f9f00f69f9f00de
:1061f00087a79f005fa89700efa897007fa9970047
:106200008fb197000000420081804a0002014b00dc
:1062100083814b00d0b79f00e1b79f00f2b79f008a
:1062200083bf9f001faa9700afaa97003fab9700bc
:10623000cfab97000020e10001a8e10002b0e1002f
:1062400003b8e10006003400dfaa97004f9b9700d7
:10625000068052000002b000b0a79f000b00330080
:106260006000b8006011b80090af9f00a1af9f0020
:10627000b2af9f00c3af9f0040032000bfa09700b4
:10628000808f500038003c00020037000001eb0016
:10629000b2a79f0042052000bfa197000301510053
:1062a0000000200001f82300ec1407000006be00e7
:1062b0002fa297006120b900160e07000002be0051
:1062c0000203be000c00be0094b79f00a5b79f005c
:1062d000b2b79f00c7b79f00c30d07001fb297005a
:1062e000afb297003fb39700cfb39700a312070058
:1062f0000002be000203be0094af9f00a5af9f0046
:10630000b6af9f00c7af9f00bfa29700ff8f52009c
:1063100015003c006022b8006033b8000800be00e1
:106320000a01be00ab0d07000000e0000e003200c5
:106330006000b8007fa3970061006300e00f500089
:10634000e08f580008003a007fa697008fae9700b4
:1063500061064600e0864e00fca79f008daf9f00bf
:106360006044b8006055b800afa697006168b900f6
:10637000e80d07000002be000203be00b4a79f00a4
:10638000c5a79f00d6a79f00e7a79f000802be00f1
:106390000a03be00180f07000004be000205be007d
:1063a0007fa097008fa89700dd0d07000002be00b8
:1063b0000203be003fa09700cfa097005fa1970007
:1063c000efa197000c0f07000002be000203be0001
:1063d0001fa89700afa897003fa99700cfa99700e3
:1063e0000b0e07000802be000a03be00080e0700dd
:1063f0001faa9700afaa97003fab9700cfab9700bb
:10640000fd0d07000004be000205be006022b800ba
:106410006033b8006f0d07000000e00002003a0092
:1064200020022000701489005faa97000800be00b7
:106430000a01be00b31407004f0778004f06be00e4
:106440004f05be004f04be000f04b100000006005f
:10645000cf23b000889fbe008a9fbe008c9fbe00e5
:106460008e1f78000004780001007800b2a79f001a
:10647000e39f9f0094af9f00850578008006eb00a6
:106480000a003700f808900038109000808f500004
:10649000030031003180fb00710c980002003700ce
:1064a00008007800cd0807001d002000010320002f
:1064b000810f5000f3ff32000006eb006022b800ad
:1064c0006033b80094b79f00a5b79f00b6b79f0090
:1064d000c7b79f00e1022000810f50002a003a0058
:1064e000f808900038109000808f500009003100ab
:1064f0003180fb00710c98006022b8006033b80056
:1065000094b79f00a5b79f00b6b79f00c7b79f007d
:106510001900370008007800b0080700f6ff3700c0
:106520001fb09700afb097003fb19700cfb1970071
:1065300061005000e080580060015900e08159007e
:1065400090b79f00a1b79f00b2b79f00c3b79f004d
:10655000f808900038109000808f50000300310040
:106560003180fb00710c98000200370008007800b1
:106570009a0807001d00200001032000810f500031
:10658000e7ff32001c0020006011b800c29f9d0090
:10659000d39f9d008004eb006022b8006033b800f8
:1065a000d4af9f00e5af9f00f6af9f0087b79f0075
:1065b000090778000905780053003700810f500063
:1065c0000c003a000c00e00059003a005fa8970068
:1065d000efa897007fa997008fb1970090b79f0011
:1065e000a1b79f00b2b79f00c3b79f001c00200057
:1065f0003c003700010320005faa9700efaa970034
:106600007fab97008fb3970061024200e0824a009f
:1066100060034b00e0834b00d4af9f00e5af9f00c9
:10662000f6af9f0087b79f00c3072000830f570076
:1066300024003c00810f500001003200dfac9700c5
:10664000c276dd000a00e0001200320085db2f0078
:106650008f8242008d8642006102b9000403b100be
:106660000580b100a2002000030020001d0078007a
:106670009d009000d4b79f00e5b79f00580d07001c
:106680005fb29700efb29700801e420081964a00e9
:106690000500370086db2f000f0343008d06430003
:1066a000cf91de00828ebe000a05e8001d002000aa
:1066b000e90f55000b003a000d0747000005eb00fd
:1066c00008003700810f5000060032004f909700fd
:1066d000df9097000000a000c0979f00d1979f0017
:1066e000c9452000f808900038109000808f5000b5
:1066f000030031003180fb00710c9800020037006c
:10670000080078003508070002fd2f000001410055
:10671000e1022000e90f5100a8ff3600810f500070
:10672000a8ff32000c00e000030032000a0037002e
:10673000e0022000080037005faa9700efaa970048
:106740007fab97008fb3970094b79f00a5b79f00ca
:10675000b6b79f00c7b79f000d00e00029003200c8
:10676000000178000250a00051062000810f510066
:1067700024003a008b00780008007800e1fb070055
:106780006022b80006002000070028000400e10095
:106790000588e1000690e1000798e1000c003a004e
:1067a0000b00e00023003200381290006000b800b7
:1067b0006011b8000400e000050032007808900085
:1067c0000000e900700c98006000b8006011b8008b
:1067d0001fb29700afb297003fb39700cfb39700b7
:1067e0000002420081824a0002034b0083834b0077
:1067f00094b79f00a5b79f00b6b79f00c7b79f008b
:10680000130037000000e00006003500381090004b
:106810000000e00003003200780890000000e9006a
:10682000700c98000d00e00009003a0060012000a3
:10683000701489006022b8006033b8000800780046
:10684000c10707006000b8006011b8008903370075
:106850004f9e9500df9e9500e00f5600e08f5e0092
:1068600007003a009faa97006128b9006ee9070067
:106870006011b80063eb07005b0c07007d03370075
:106880001fb09700afb097003fb19700cfb197000e
:106890005faa9700efaa97007fab97008fb397008e
:1068a0000400e1000588e1000690e1000798e1009e
:1068b00020003a0090002000010020006011b80084
:1068c0001fb29700afb297003fb39700cfb39700c6
:1068d0000020e10001a8e10002b0e10003b8e100fe
:1068e00014003c00bfa29700fe8f52000a003c003b
:1068f0000c00be00050378000603e9000300330026
:106900008100d1000080d300fbff3700e00f500072
:10691000e08f580007003a009fab97006138b9003c
:106920007c0c07000004be000205be000c00be0087
:1069300061003700220020006f9e970011000900bf
:106940000206d8000000ea00cf80de006109b9002d
:106950001fb29700afb297003fb39700cfb3970035
:106960000020e10001a8e10002b0e10003b8e1006d
:106970000f00340020022000701489009faa9700a5
:106980006128b900630c0700f4ff2f00f5ff2f000a
:10699000f6ff2f00f7fe2700970d0700f4ff2f00ea
:1069a000f5ff2f00f6ff2f00f7fe270091003700bc
:1069b0006f9b970067f92f0007004300cf80de0030
:1069c0006109b9001fb29700afb297003fb39700bb
:1069d000cfb397000020e10001a8e10002b0e10080
:1069e00003b8e1000d003d00200220007014890072
:1069f0009faa97006128b900460c07006022b800e2
:106a000006002000070120007b0d07006022b8006f
:106a10000600200007012000760037000a00e00091
:106a20000f0032000b0037004274dd0086db2f00c0
:106a30000f03430008044300a200200003002000cd
:106a40001800780098009000650c0700008cbe00cc
:106a50000a05e800e80f5500f3ff34000e07e800d0
:106a60009fb39700e88f540002003c00878f5400ca
:106a7000050034004270dd008cdb2f000f0646005d
:106a8000000046005e0037009fb69700f18f560069
:106a9000f8ff3c00e98f560009003a001fa9970053
:106aa0006110b9001b0c07000004be000205be0007
:106ab0004f989500df989500190c070049003700a2
:106ac0009fb19700e88f51001d003c001faa97005e
:106ad0006120b9000f0c07000004be000205be00d3
:106ae0004f989500df9895000d0c07000002be003e
:106af0000203be000800be000a01be003e0d0700f2
:106b00000004be000205be009fb29700688012001c
:106b10004200dd00c11d2200008040009000900076
:106b200010007800fb0b07000002be000203be004d
:106b30000800be000a01be00800c0700cd0237002d
:106b40003fa397007b004300d2ff2f009fb3970025
:106b500082b9b90002014000fe0f51000a003c005a
:106b60004f989500df9895000201e900030033007b
:106b70008100d1000080d300fbff3700e00f500000
:106b8000e08f5800bbff3a001fae97006160b9006c
:106b9000e00b07000004be000205be004f98950000
:106ba000df989500de0b07000002be000203be0066
:106bb0000800be000a01be000f0d07000004be0061
:106bc0000205be009fb697006a8056004200dd00b5
:106bd000c11d22000080400090009000100078004d
:106be000cc0b07000002be000203be000800be007e
:106bf0000a01be00000d07009e0237000e07e900e3
:106c0000640050001001780090019000e00f5100e6
:106c1000e08f5900f9ff3200940020009fb09700e8
:106c2000110009008400d800010278000001eb0087
:106c3000d2af9f000400e000550032009fb19700e2
:106c40000300e00001003d006902420068001200fc
:106c50004200dd00c11d22000080400010057800c8
:106c60009005900046db2f000f0343006044b800fe
:106c70008002eb00d5af9f00c4a79f000800be00b4
:106c800085047800060478000002be002f0037005b
:106c90006404440018067800980690000a01be00bb
:106ca0000c00be00d4b79f00e5b79f0078e807004e
:106cb0005fb29700efb2970004034000858348005d
:106cc000068cbe000a01be0000a02c00a1b9230062
:106cd000f6b79f0087bf9f002f0b07000002be0082
:106ce0000a01be000c00be00d4b79f00e5b79f00ac
:106cf000b80b07000001be005fb29700efb297002b
:106d00000400be00b60b07000002be000900e80048
:106d10007fb397008fbb97005fae97008c8f5400b6
:106d200009003a00e00f5300e08f5b0006003a00d4
:106d300080067800fd07b200ddaf9f009fb097008e
:106d4000e980500091b79f00800478008e8f540036
:106d5000cfff3a000404be004fa29700e00f54009a
:106d6000e08f5c00060032004270dd0082db2f0005
:106d70000f014100000041000888be000e07e80036
:106d8000690212009fb197008481410093b79f0070
:106d90000002eb00c4a79f00dfae97006f00370032
:106da000cfa29700fd825200c5a79f000e06e90002
:106db000fc07b2006033b800d6af9f00e7af9f007a
:106dc0004260dd0087db2f008f8343008083430018
:106dd000d7a79f0017047800970490006055b8006b
:106de000cd55dd004348de008b0570004d4ddd00c4
:106df0004340de000a057000cd44dd000004eb00d6
:106e00005fa99700efa99700080441008984490011
:106e100060054d00e0854d0004a02c00a5b92300bd
:106e20006033b8000440e10005c8e10006d0e1008d
:106e300007d8e1000e0036000800be000a01be00bf
:106e4000290e0700d0af9f00e1af9f0004a02c00e7
:106e5000a5b923006033b8000800be000a01be00d7
:106e6000280e0700dfa39700808bbe0005003700c7
:106e70005fa097000888be006011b800d2af9f00e5
:106e8000e3af9f000e00e900f007b200800f56004c
:106e90000c003a008d0f56000f0032004260dd00fa
:106ea00083db2f008f814100008041009000900023
:106eb00010007800e00f5000e08f5800f40132001d
:106ec000020037008d0f5600030032000c06e90067
:106ed000fc07b200baff37005faa9700efaa97003d
:106ee000e00f5200e08f5a001c0032009fb2970062
:106ef000e982420095b79f008d06e900fd07b200c8
:106f00008e8f56000e003a000d07e900fe07b20012
:106f10000e00e900f007b2004200dd0086db2f0022
:106f20000f03430000004300c270dd0081004300f6
:106f300010017800900190003118710021907100cb
:106f40004268dd0083db2f008f814100008041001b
:106f50005faa9700efaa97000488be009fb297002f
:106f6000f18f52008eff3400f28f520009003a0078
:106f70004269dd0086db2f000f034300020143005e
:106f8000e005270091082000b20f1000a28f180022
:106f900083ff36008d037800821f22000000eb0083
:106fa00087004000f107b2008e8f500010003200c1
:106fb000c208dd0083db2f008f814100818041000a
:106fc00011047800910490006401410012027800dd
:106fd00092029000840f5400858f5c0004003900f9
:106fe0000d003e000000e800e20f5000ecff3a0008
:106ff0001fb29700f20f520007003a00d7af9f0070
:107000006044b8006055b8008006eb000800be0080
:107010000a01be0068003700990020009fb2970067
:10702000fb8f520001003c00190020004fa3970085
:1070300009034300c6a79f00100020000900dd00df
:107040000000e9006101b900d2a79f00e3a79f00fb
:107050000aa02c00abb92300890178008301e90064
:10706000030033008b85d1000a85d300fbff370076
:10707000070478006000b800d0af9f00e1af9f0028
:107080000a02be001fb59700870578002e00370062
:10709000c240dd0086db2f000f0343008100430068
:1070a00011017800910190000203be0009067800ea
:1070b0000c06e900030033008703d1000683d300e8
:1070c000fbff37005fae9700efae97000603460068
:1070d00087834e008688be006fa0970083066000fd
:1070e000dfa09700028660000401be000c00be0015
:1070f000d4b79f00e5b79f00f6b79f0087bf9f00fa
:10710000b70a0700d0af9f00e1af9f000800e8007a
:107110005fb29700efb297007fb397008fbb9700e5
:107120008b0f540006003a00e00f5300e08f5b0025
:1071300003003a0080057800fb07b200690555009e
:1071400000047800f807b2008e0f5400d0ff3a0018
:107150008b0378009ab79f005fa89700efa897006d
:10716000e00f5000e08f58008bff32000e01e80066
:10717000f207b200870f5100070032004277dd00ae
:1071800083db2f008f8141000e874100008fbe00fe
:107190000207780080ff37000e00e900f007b20018
:1071a0004200dd0084db2f000f024200000042009d
:1071b0001000a00078ff3700dfaa97000586460080
:1071c000fc07b2008e0f560009003a000e07e800d7
:1071d000fe07b2000e02e9004222dd0086db2f002e
:1071e0000f03430004024300000aeb00341278004e
:1071f0006022b80056d62c00d71c24007e0b070056
:107200000004be000205be004266dd0087db2f00e1
:107210008f8343000c8643001c0078009c00900084
:107220003f0a07000002be000203be000800be00c5
:107230000a01be00760a07008d06e800e28f5600bc
:10724000ddff3a000004be000205be001fae97003d
:107250006160b9002f0a07000002be000203be00f1
:107260000800be000a01be00630b07000002be005a
:107270000203be00d4a79f00e5a79f00f6a79f00ca
:1072800087af9f00cfa297005503b000c59f9f0016
:107290006f9b970006835200d69f9f00bfa3970065
:1072a000868f5300060034000600e0000b00350016
:1072b000060678001d0020009db79f0003003700e0
:1072c0003fa697000000eb0090b79f00400320000e
:1072d000800f560037003c000300370011002000eb
:1072e00091b79f000006eb00920620000c015100b0
:1072f0000000200001f82300d8100700ba09070099
:107300005fa29700efa297007fa397008fab970033
:107310009a0e07000002be000203be00f49f9f0009
:1073200085a79f0096a79f00a7a79f005203200054
:107330000c0151000000200001f82300c7100700d5
:10734000a90907000002be000203be005fa097006b
:10735000efa097007fa197008fa99700290f070042
:107360000004be000205be000002be000203be0013
:107370005fa09700efa097007fa197008fa99700cb
:107380001d0a07007f9a97008fa297001fa39700fe
:10739000afa397001e0a07000002be000203be0052
:1073a000d4a79f00e5a79f00f6a79f0087af9f0087
:1073b000080037006000b8006011b800f09f9f001f
:1073c00081a79f0092a79f00a3a79f000004be0073
:1073d0000205be00dfa897000180e800f007b200b8
:1073e0008e0f50004f0032004200dd0082db2f0084
:1073f0000f01410000004100100178009001900051
:10740000f04f2600d1dc2100800f5100818f590000
:107410000e003e00e00f5100e08f590005003a00d9
:10742000dfa9970063804100f007b2008e0f500083
:10743000250032001faa97006120b9007ae60700f4
:107440000200200003e82300160037000050260049
:10745000d1dc2100800f5100818f590003003200e0
:107460009faa97006128b9000b0037005fab970017
:1074700063014300f207b2009fab97006138b90087
:107480008e0f510004003a0067e60700020020005a
:1074900003f023000300370063e60700020020002a
:1074a00003f4230057e807004f0907000002be005d
:1074b0000203be000800be000a01be00d409070096
:1074c0000004be000205be00500320000c00500066
:1074d000e10f5000130034006022b80006002000c5
:1074e00007ff23000800be000a01be00c50e07000a
:1074f0006022b8006033b800360907000000e000e1
:1075000008003a006022b8000600200007ff2300b0
:107510000800be000a01be00bd0907000004be004d
:107520000205be003fa09700e3061000ef98970009
:10753000818656000802be000a03be005fa09700c5
:10754000efa097007fa197008fa99700b0090700cf
:107550007f9a97008fa297001fa39700afa3970071
:10756000a50907000002be000203be0094af9f0001
:10757000a5af9f00b6af9f00c7af9f0064805600c5
:10758000cf98970001f0a100810f500033003c001c
:107590000400be00130e07006022b80006002000a1
:1075a00007342400f70807000000e0001b00350046
:1075b0009fb297000500e000070032005f9b970034
:1075c00006066e000cf0a7000c06ea000c06ea00a6
:1075d0004f66de009cb79f006022b80006002000c6
:1075e00007fe23001fa89700afa897003fa99700a8
:1075f000cfa99700800a07000002be000203be0068
:1076000094af9f00a5af9f00b6af9f00c7af9f008c
:10761000cfa297008502e800c5a79f004fa0970062
:107620004003b0008d0f50000a003d001fb39700cb
:107630000600e000090032006022b8006033b800a4
:107640000800be000a01be00e20807000000e000da
:107650000200320020022000701489004fa297001f
:107660001fa89700afa897003fa99700cfa9970040
:10767000241007004f0778004f06be004f05be00dc
:107680004f04be00ef1fb100ef03b1000000060081
:107690000c0778000dfe3700e4874700889fbe0086
:1076a0008a9fbe008c9fbe008e1f78000004780069
:1076b000020778000100e000fa003500bbf62f0059
:1076c0008a012000e18f500004003400e28f500056
:1076d000f4003a00ebbc2f005a0320007808900019
:1076e000b8109000810f500003003100b084fb00ff
:1076f000700c98000300370008007800370407007a
:107700008004780009007800f4f707000000e0002a
:10771000f2ff3a00b0022000808f540006003200d1
:107720001c002000d0022000808f54000e003a0080
:107730002c002000010037000006eb006106160057
:1077400078089000b8109000810f500003003100bd
:10775000b084fb00700c980003003700080078002c
:107760001e04070080047800d11c22008006eb0074
:1077700011003700e78f56000c00320078089000a7
:1077800038119000820f500003003100b084fb00dc
:10779000700c9800050037000800780081bf9f003a
:1077a0000e040700800478008fb897008d06e8006b
:1077b000e88f56001f003200090178000250a00037
:1077c0005100fb00800f5100eaff32000d007800ed
:1077d000e38f560006003200e88f56001500320095
:1077e000e38f5600190036000e00e000bd003200a5
:1077f000b81090000100e00003003200780990000a
:107800000201e900720c98000e00e000090032004d
:10781000060037000100e000030032007809900004
:107820000201e900720c98000000e900e30f50002b
:10783000f8ff3a00e10f46009d003a006000b800f2
:107840000200200003ff2f00a0003700611d22006e
:107850000d00e00012003200a2003700e28f560057
:107860000c0032007808900038119000820f500010
:1078700003003100b084fb00700c98000500370055
:107880000800780081bf9f00d403070080047800bf
:107890008fb897008d06e800e38f5600060032008f
:1078a000090178000250a0005100fb00800f510038
:1078b000eaff32008b003700f80890003810900083
:1078c000808f50000700310080c2b3003140680053
:1078d0000080fb000000ea004f00de00710c980001
:1078e0000700370008007800bc0307008082b20060
:1078f00000f0a7000000ea000000ea004f00de00f0
:10790000190020000004e000070032003810900049
:107910000000e0006a003200780890000000e900f2
:10792000700c980066003700f8089000381090003e
:10793000808f5000030031003180fb00710c9800f3
:107940000200370008007800a403070001fd2f00a3
:1079500080804000e98f50000b003600f1fb2f00c3
:1079600080804000f98f500007003600f1f92f00a9
:1079700080804000f98f500003003600f1052000a0
:10798000810f500002003a008904e800e6ff37004a
:1079900091022000810f5000490032003810900001
:1079a0000000e00003003200f80890008100e900c8
:1079b000710c98000e00e00007003a000f0037003d
:1079c0000000e00003003200f80890008100e900a8
:1079d000710c98008904e9000900e000f8ff3a0002
:1079e00037003700381090000000e000030032003c
:1079f000780890000000e900700c980060012000f9
:107a0000701489006022b8006033b8000800780064
:107a10004d0307002300370000032000808f54002f
:107a20001a003a00f808900038109000808f50003b
:107a3000030031003180fb00710c98000200370018
:107a400008007800650307000050a00081072000af
:107a5000810f500007003a000e0278008c01780078
:107a60000b0178008a00780008007800dff7070033
:107a700016003700381090000000e00003003200cc
:107a8000780890000000e900700c98008e027800e1
:107a90000c0278000a01be000800be006cfa070064
:107aa0000a0037006000b8006011b8000700370016
:107ab0006000b8000200200003ff27000300370029
:107ac0006000b8000200200083ff27004f07780005
:107ad0004f06be004f05be004f04be004f00b10070
:107ae000000006000d00e000beff3a00caff3700ac
:107af000800078001000200002022000828f5000d9
:107b000004003200e9805000e48f5000010036008c
:107b10000000eb00000006006f02b000889fbe006e
:107b20008a9fbe008c9fbe008e1f780000067800e2
:107b30000107780082047800d4af9f00e5af9f0072
:107b4000f6af9f0087b79f0040022000800f5700cc
:107b50007e003e00e10f57007c0032007c08900060
:107b6000bc109000810f500003003100b086fb0074
:107b7000700e9800030037000c0078001703070010
:107b8000800678000d007800d9ff07000000e000b3
:107b9000f2ff3a00b0022000808f5600050032004c
:107ba0008002eb0085af9f00d0022000808f56003e
:107bb00010003a00dd82b2000df0a7008d06ea0049
:107bc0008d06e900cfeede008daf9f007c089000af
:107bd000bc109000810f500003003100b086fb0004
:107be000700e9800030037000c007800fb020700bd
:107bf000800678000e00e00002003200f00f57000f
:107c000043003a0000032000808f56003d003a00f8
:107c10007c089000bc109000810f500003003100e0
:107c2000b086fb00700e9800030037000c0078004f
:107c3000ea020700800678008d0078000150a0005d
:107c400080072000808f50002b003a007c089000b5
:107c5000bc109000810f500003003100b086fb0083
:107c6000700e9800030037000c007800db0207005c
:107c700080067800a0f22100008046000e0120005e
:107c8000f6c0b300904f13008c0036003c109000fb
:107c90000000e00003003200fc0890008100e900d1
:107ca000710e98000900e0000c0032006022b8005c
:107cb0006033b800d4af9f00e5af9f00f6af9f00e0
:107cc00087b79f000000e000a20132007c0890000e
:107cd0000000e900700e98009e0137006022b80095
:107ce0006033b8000c007800970207006000b8000d
:107cf0006011b800930137000e00e0009f013200d0
:107d0000170037000e00e00001003a00ae0020002e
:107d1000a0f22100008046001080fb008e0f500072
:107d20000f0039003c1090000000e000030032001a
:107d30007c0890000000e900700e98006022b800f6
:107d40006033b8000c0078007f020700600120005b
:107d5000701489006022b8006033b80072013700e7
:107d6000ea0f570055003a000004eb000d007800c0
:107d70000c003700ea44b900000444000803b100d5
:107d8000fc0890003c109000808f500003003100f0
:107d90003180fb00710e9800020037000c00780063
:107da0008e02070001fd2f0080804000e98f500007
:107db00003003e0081992100810f5400edff360041
:107dc000800678008004eb006055b8001200370090
:107dd0001faa9700afaa97003fab9700cfab9700c1
:107de0000004420081844a0002054b0083854b0059
:107df0007c089000bc109000810f500003003100ff
:107e0000b086fb00700e9800030037000c0078006d
:107e1000720207008006780005fd2f00858246006b
:107e200095af9f00e98f52000b013e009099290009
:107e30009199290092992900939921000040e1002d
:107e400001c8e10002d0e10003d8e100dd003e00fe
:107e5000a4002000050020006033b8000800be0028
:107e60000a01be00890a07001faa97008002eb00e2
:107e70006033b80094af9f00a5af9f00b6af9f00de
:107e8000c7af9f000482ea008582ea000683ea0009
:107e90008783ea00d4b79f00e5b79f00f6b79f003d
:107ea00087bf9f000400e1000588e1000690e10023
:107eb0000798e100c6ff3600c20037000e00e90057
:107ec0000e006000030032000004eb000d0078009b
:107ed00066003700f770b9004500de0067006000fb
:107ee00001f22100008040009000fb000004eb0044
:107ef0000d007800810478000b0037000944dd0094
:107f000001047400fc0890003c109000808f500029
:107f1000030031003180fb00710e98000200370031
:107f20000c0078002d020700a1f221008100400022
:107f30009180fb008e8f500003003100f27f200003
:107f4000820f5400edff360080067800890078002b
:107f50008004eb006055b800f4ff2f00f5ff2f0000
:107f60000403be00010078000000e90005003300b2
:107f70008703d1000683d3008582d3000482d30017
:107f8000f9ff37000d0078008106780020003700e7
:107f90000d0178000201e900050033000804d0005b
:107fa0008984d2000a85d2008b85d200f9ff370080
:107fb0000180fb008000eb006011b8000804700035
:107fc000898470000a0571008b857100fc0890009f
:107fd0003c109000808f5000030031003180fb0086
:107fe000710e98000a0037000c00780094b79f00cb
:107ff000a5b79f00b6b79f00c7b79f00f70107005e
:10800000cfb397003fb39700afb297001fb297006e
:10801000a1f2210081004000914078000181fb0025
:108020008e0f5100610031000440e10005c8e100fd
:1080300006d0e10007d8e100d5ff36005b0037002d
:108040008ec4b90008844000fc0890003c109000e9
:10805000808f5000030031003180fb00710e9800ca
:10806000020037000c007800dc010700a1f22100bb
:10807000810040009180fb008e8f50000300310092
:10808000b2712000820f5400edff360080067800a8
:108090008004eb006055b80098af9f00a9af9f0027
:1080a000baaf9f00cbaf9f00120037000002440020
:1080b00081824c0002034d0083834d0094af9f00ea
:1080c000a5af9f00b6af9f00c7af9f007c08900090
:1080d000bc109000810f500003003100b086fb00ff
:1080e000700e9800030037000c007800bb010700f9
:1080f00080067800a0f22100008046001040780041
:10810000e0cf9f00804278000580fb008e0f50007a
:10811000280031006174b8006055b8000802be0044
:108120000a03be00f0ff2f00f1ff2f000001be0088
:108130006d0907001faa9700afaa97003fab9700f1
:10814000cfab97000020e10001a8e10002b0e10000
:1081500003b8e10017003e000802be000a03be009b
:108160001fa89700afa897003fa99700cfa9970035
:10817000c6090700efca97000584fb008004eb00e6
:108180006055b8000882ea008982ea000a83ea00a2
:108190008b83ea000400e1000588e1000690e1001d
:1081a0000798e100c1ff3600020037008006780022
:1081b000040037001fac9700afac97003fad9700ad
:1081c000cfad9700a0f22100008046001080fb0098
:1081d0008e0f5000200031000d007800090037009c
:1081e000fc0890003c109000808f5000030031008c
:1081f0003180fb00710e9800020037000c007800ff
:1082000076010700a1f22100010040001080fb0070
:108210008e0f5000f2ff39002002200070148900f8
:108220005fab97000608a300070032005fac970021
:10823000efac97007fad97008fb597008003eb0000
:1082400087af9f00040037005fac9700efac97004a
:108250007fad97008fb597003c1090000000e000c4
:10826000030032007c0890000000e900700e9800c6
:108270005fa89700efa897007fa997008fb197009c
:108280000040e10001c8e10002d0e10003d8e100b4
:108290001c0039000008a3000e003a008fa89700c8
:1082a0000100e0000b003a00200220007014890059
:1082b0005faa9700efaa97007fab97008fb3970054
:1082c00061025200e0825a0060035b00e0835b00c1
:1082d000150037005fa89700efa897007fa99700c7
:1082e0008fb197000040e10001c8e10002d0e10039
:1082f00003d8e1000300360020022000701489003a
:10830000140037008fa89700e18f40000b003a005f
:108310006000b8006011b80008025000898258005f
:108320000a0359008b835900d4af9f00e5af9f002b
:10833000f6af9f0087b79f00060037000800be0019
:108340000a01be00d0af9f00e1af9f00f2af9f00d7
:1083500083b79f005fa89700efa897007fa99700b9
:108360008fb197004f0778004f06be004f05be0043
:108370004f04be006f02b100000006008e00200016
:10838000cefe37008000780002fd2f000101410081
:1083900010002000e90f5100050036000150a00038
:1083a0001106b100e58f5000010036000000eb001f
:1083b00000000600f3ff37000200fa00889fbe00ad
:1083c0000000e00001003a00100020000004e80076
:1083d0000800a100501481000000e8000000a10086
:1083e00050148900e00021000000e0000f0032007e
:1083f000e10f540006003600e20f440005003a0089
:10840000c0002000701489000000eb002a00370033
:108410002800200008007800c9e607002900200095
:108420000000e00024003a00010037008004eb0067
:10843000501481004114810000805000800f5400ce
:108440001300360008804400d0bf9f0066805700ac
:10845000e1020700800078000000eb000100e0006e
:10846000150032000100e8000000a1004114810065
:10847000810f50000100320050148900dfb89700ce
:10848000010040000000e8000000a1004014890045
:10849000511481000900e00003003200010078005f
:1084a00008187800010037000100780008844400b3
:1084b00088804000511489004f04be000080fa00fb
:1084c000000006008180fb00010037000201e90086
:1084d000800178000008a300060032000200e000de
:1084e000220032003082fb00810f5200f7ff3a0079
:1084f000030037000000eb000200e0001d00320026
:108500001380fb00810f50001b003200161020006a
:10851000868bb900010037000281e9000300780072
:10852000e10f51000a00360033026b00f5ef2f0017
:10853000848242000482ea00048262000508280066
:1085400005026200f4ff3200010037000201e90079
:10855000800178000200e000050032003082fb005c
:10856000810f5200f9ff3a000300370000000500b8
:108570000000eb0000000600030078000000060089
:10858000010037000201e9000200e00005003200ae
:1085900030427800b1417800834f5200f9ff320039
:1085a00001003700000005000480fb008381fb0010
:1085b0000300500000000600889fbe008a9fbe0096
:1085c000800478000200e0005b0032000140780087
:1085d000814c780082814400f1f99f00e20f510044
:1085e0005500360091449800a1449800e1f99f009d
:1085f000d1f99f00e60f51004f003600b1449800ba
:10860000c1f99f00e80f51004b0036000905ea0050
:10861000630565000a8444000a055100c1ff2f006c
:10862000010565000080fb008000eb0012102000b7
:10863000131020006a050700008cbe000a014400e8
:1086400060b99f0071b99f00e80f55003a003600ed
:1086500020049800310498004004980051049800c8
:1086600020b99f0031b99f0040b99f0051b99f00c8
:10867000f80f55003000360060049800710498002f
:10868000000c9800110c9800200c9800310c9800f8
:10869000400c9800510c980020b19f0031b19f0010
:1086a00040b19f0051b19f0060b19f0071b19f0028
:1086b00000b99f0011b99f00640164007801410076
:1086c00002044400020555006011b8000203be0018
:1086d0000002be000403be006022b8000000720069
:1086e00081807200020173008381730010003700e3
:1086f000009cbe000294be00400498005104980003
:108700006204980073049800000c9800110c980003
:10871000220c9800330c9800400c9800510c9800e3
:10872000620c9800730c98000a02b1000802b000b5
:10873000ff0f5500eeff3e00090078004f05be0018
:108740004f04be0000000600889fbe008a9fbe0046
:108750004410980055109800661098007710980003
:10876000f00890002004900001045400cfc4de0003
:10877000614db90008189800191898002a18980037
:108780003b189800e00f5200e08f5a00e00f5b00aa
:10879000e08f5b000c0032000014900001045400d4
:1087a000cfc4de00614db9000440e10005c8e1001e
:1087b00006d0e10007d8e100030034000482400045
:1087c000341098000200370080109000311098009b
:1087d0004f05be004f04be00000006002800fa004e
:1087e000889fbe008a1f780000047800f808900077
:1087f0002800900000805000081a9000981a9000fd
:10880000281b9000b81b9000cf80de0004024000bf
:1088100085824800068348008783480048109000fe
:10882000d810900068119000f8119000e00f5000ef
:10883000e08f5800e00f5900e08f5900050032002a
:108840000020e10001a8e10002b0e10003b8e1006e
:108850000d003d0008007800d4b79f00e5b79f00e9
:10886000f6b79f0087bf9f00c6010700800478000d
:108870005fb29700efb297007fb397008fbb97006e
:108880000900e00016003d0078089000a800900064
:10889000808050004f89de0004824000850249003c
:1088a0000603490087034900041c9800151c980022
:1088b000261c9800371c980030149800f0ff2f00f9
:1088c000f1ff2f000001be004014980051149800e1
:1088d00062149800731498008084eb0052003700f3
:1088e00061004200e0804a0060014b00e0814b00e3
:1088f00090bf9f00a1bf9f00b2bf9f00c3bf9f005a
:1089000048129000d812900068139000f81390005d
:1089100094b79f00a5b79f00b6b79f00c7b79f0049
:10892000e00f5200e08f5a00e00f5b00e08f5b0029
:1089300028003200780d9000081190000a015100c3
:108940006112b900612bb900d4af9f00e5af9f0061
:10895000f6af9f0087b79f001fb09700afb097009a
:108960003fb19700cfb197001fba9700afba9700f9
:108970003fbb9700cfbb9700040050008580580094
:10898000060159008781590090af9f00a1af9f0059
:10899000b2af9f00c3af9f005faa9700efaa9700f6
:1089a0007fab97008fb397000020e10001a8e100a2
:1089b00002b0e10003b8e100060034009fb2970066
:1089c0001fbb9700068152008200450031149800b9
:1089d0000200370088139000371498002801900097
:1089e000f8089000810151001fba9700afba9700b4
:1089f0003fbb9700cfbb97004f98de000482410039
:108a0000850248000603480087034800041c9800bc
:108a1000151c9800261c9800371c9800828f500067
:108a200001003e00f9f89f00090078004f0578002a
:108a30004f04be000080fa0000000600010178002b
:108a400080017800008268000408a300050032005d
:108a50001300370032407800805978000004e000ad
:108a600014003200030278000208a300f9ff3a0064
:108a700003007800010037000318780082007800b6
:108a8000b2017800f5ef2f00838242000382ea00f2
:108a9000048262000508280005026200f6ff320029
:108aa0000002780031417800025878000204e000aa
:108ab000fbff3a000400780000000600881f7800e1
:108ac000010478008800780005000700904f14002a
:108ad000010032000000eb004f04780000000600a7
:108ae000881f7800000478008180fb000a003a00ab
:108af000080078008ee507000000440022003700df
:108b00001804e000200032000804e8001081fb0097
:108b1000810f51001c003200080078000808a300f3
:108b2000f7ff3a0014102000848ab9000801780089
:108b300038007800f5ef2f00808242008081ea0043
:108b400083826200030828008382620007003a00e3
:108b500000006a00f5ef2f00808242000080ea00ea
:108b60000080620083016000f0ff320002007800a4
:108b70001204e000040032000201e8009081fb00d2
:108b8000818f5100f9ff3a004f0478000000060081
:108b90002000fa00889fbe000004be0099407800c3
:108ba0000104e00003003200194090000004e000de
:108bb00004003a008100fb0008007800c8ff0700ad
:108bc00023003700020220008000eb000e00780036
:108bd00079fe0700194078000004e00002003a0026
:108be000880078000c0037008904e8000080fb0052
:108bf000c400de006f006000120020000010dd00e5
:108c0000818040006e8178000000710000b778001c
:108c1000f0ff3a00f2ff37000100780011417800c0
:108c20000204e0000a0032008100e8000281fb003b
:108c3000ef016100140020000322dd004411de007a
:108c400002014100ee01790003016200f2ff3200ef
:108c5000080050004f04be000080fa00000006002b
:108c60002000fa000f000900001feb000e02b10007
:108c7000914178000001eb000304e000280032007d
:108c8000114190000204e00005003a0080007800e5
:108c900001017800b1cf1100fdff32001f00370045
:108ca000114178000204e00002003a0080007800e0
:108cb0000c0037008100e8000281fb00c411de00d7
:108cc0006f016100140020000221dd00838141005a
:108cd0006e8279000201720002b77900f0ff3a005b
:108ce000f2ff370001017800914178000304e000b1
:108cf0000a0032008100e8008381fb006f8261007e
:108d000015002000842add00c419de0083814100a3
:108d10006e82790084816200f2ff3a000001510006
:108d2000020078000080fa0000000600f1fb2f002e
:108d300080804000f98f500001003e000050a000ec
:108d400000000600f9ff3700f1f92f008080400095
:108d5000f98f500001003e00f005b200000006004f
:108d6000f9ff37000200fa00881f7800000478003d
:108d7000e2bf9f0064815700080078009fee070063
:108d8000980090000148a300010032000080eb0031
:108d90004f0478000080fa00000006000200fa008c
:108da000881f780000047800e2bf9f0064815700ac
:108db00008007800d3f10700980090000148a30054
:108dc000010032000080eb004f0478000080fa00c0
:108dd00000000600881f780013082000838f5000d1
:108de0001100320033082000838f5000040032004d
:108df00003082000838f500016003a000a00370055
:108e00009280e90001097800910078001002780052
:108e10009002900020039000b00390008498be0060
:108e20008690be00090037009280e90001097800b1
:108e3000110478009000900020019000b001900093
:108e40001000780038030700008cbe0010002000de
:108e5000010037000000eb004f047800000006001e
:108e600084082000848f50001d0032000d003c005b
:108e700014082000848f50001e00320002003c00c5
:108e8000040820000400370024082000848f5000cc
:108e90001e00320044082000848f50002a003a004f
:108ea00024003700040a2000848f50002100320083
:108eb00004003c0004092000848f500022003a0086
:108ec00012003700020c2000828f5000190032007f
:108ed000020f2000828f50001b003a00150037005f
:108ee0009380e9008109780091007800904878002b
:108ef000140037009380e900810978009100780020
:108f0000b0187800a01078000e0037009380e900b8
:108f1000810978009100780010027800900290009a
:108f200020039000b00390008498be008690be009d
:108f3000040037009380e9008109780091007800ef
:108f4000900878001000050000000500c060900047
:108f50000141e900814071004160980010019000da
:108f6000e4006100040032000240a00012009800fa
:108f70000080eb00000006000110980071089800c6
:108f8000000005000200fa00889fbe00000478007f
:108f900008007800970107008084eb000000e000e3
:108fa00009003a009811900012002000e680570056
:108fb0000800780003000100e10f500002003a00b1
:108fc0002ff897008084fb00090078004f04be0052
:108fd0000080fa0000000600900078000000eb001e
:108fe0000100e00005003500010078004cdf0700bb
:108ff000e10f400001003a000000eb000000060015
:10900000881f780040442000ebfc07000004780033
:109010000800e00013003200c20320008000eb00d3
:109020000800780064fd070040892400300c980097
:1090300020a72400400c9800e091240070049800c0
:10904000e09824001014980000c0eb00205c980009
:109050004004200008004000200498000040200048
:1090600030049800080078004f04780000000600e3
:10907000889fbe008a9fbe00100290008002eb0015
:109080000418a30003003a008012900070099000b9
:1090900082825200d0019000600190000284510051
:1090a00008844200cfc4de00614db9008898be003c
:1090b0008a90be000000eb000468a30004003200a8
:1090c00010002000828f510001003e000000eb00e4
:1090d0004f05be004f04be0000000600889fbe0082
:1090e000000478004800900082047800808f5400cb
:1090f00001003600800478000901780058009000d3
:10910000e1e3070058009000090040005004980077
:10911000c800900089845000490498000048eb0082
:109120004f04be000000060010007800bade3700d1
:10913000900190000388a30001003200e7ff370090
:109140000348a30001003a00c20107000000060026
:1091500001017800920090000158a30003003a003a
:10916000820078004e0107000f0037008080fb006e
:10917000a25990008301fb00838f5000070032004a
:10918000d2019000220a9000848f51000300310028
:10919000805978005301980004003700800078005f
:1091a00002007800b101070080007800010078001b
:1091b0000000060000000600601522000000060006
:1091c000889fbe000004be000000eb000800e00025
:1091d00018003200180090000058a3000d00320063
:1091e000d800900068009000808f50000900360081
:1091f000b80990000001eb008200780008007800b8
:1092000003000100d80090000080eb000100e000a6
:10921000080032000000eb00200c98006004980069
:10922000500498000900e0000200320018007800a5
:1092300070de07004f04be0000000600889fbe00dd
:109240000004be000000eb000800e0002500320032
:10925000180090000058a30011003200d8009000c0
:1092600068009000808f500009003600b809900017
:109270000001eb0082007800080078000300010084
:10928000d80090000080eb000100e00015003200e3
:109290000000eb00200c9800600498005004980037
:1092a000780a900008109000800f520006003100ec
:1092b0000002520011002000cfa2de00612bb90095
:1092c00018007800f00007000000eb000014980080
:1092d000700c98000900e0000200320018007800cd
:1092e00044de07004f04be00000006000000060038
:1092f00000000500fdff0700801481008000eb00e6
:1093000020010700801481008000eb001d01070090
:10931000801481008000eb001a0137000800fa0079
:10932000889fbe008a1f780000047800010578003d
:109330008204780038009000a80090009abf9f0037
:109340000001780002f0a7000201ea000201ea0031
:109350004f11de0002815400a2bf9f00b1bf9f00e9
:10936000c0bf9f0022002000ee8057001800780048
:10937000e30007000000e00006003c00f800600089
:109380000130a20018019000828070001104980042
:10939000110037002fb99700820f50000e003600e1
:1093a000a8009000710c980002005000008040005e
:1093b00000149800380090000000e0000700320020
:1093c0000905450001007800b040780071fd9f005c
:1093d000700c9800010037008004780009007800c4
:1093e0004f0578004f04be000080fa000000060020
:1093f000881f78000004780018007800a200070099
:109400000203be000002be00f0ff2f00f1ff2f009c
:109410000001be00e00f5200e08f5a00e00f5b0039
:10942000e08f5b0005003500180090000030a100bf
:10943000100498006000b8006011b8004f04780074
:10944000000006000800fa00889fbe008a1f78000e
:109450000004be00180090000058a3001b0032005a
:10946000d800900068009000808f500013003600f4
:10947000b80990000001eb00820078000800780035
:1094800094bf9f00a5bf9f00b6bf9f00c7bf9f00ae
:109490000300010058059000f0ff2f00f1ff2f009e
:1094a0000001be001fba9700afba97003fbb9700fc
:1094b000cfbb97000a00e000060032000000eb007e
:1094c000200c980060049800500498000800be002a
:1094d000c7ff07004f0578004f04be000080fa0068
:1094e000000006000800fa00889fbe008a1f78006e
:1094f0000004be00e18f540008003a00881090007c
:109500007808900000805000cf80de0000025200fa
:1095100081825a0001035b0081835b001800900088
:109520000058a3001b003200d80090006800900093
:10953000808f500013003600b80990000001eb0046
:10954000820078000800780094bf9f00a5bf9f00ac
:10955000b6bf9f00c7bf9f000300010058059000e1
:10956000f0ff2f00f1ff2f000001be001fba97008f
:10957000afba97003fbb9700cfbb97000a00e0004f
:10958000150032000000eb00200c980060049800e9
:10959000500498000800be0095ff07000203be00bb
:1095a0000002be00f0ff2f00f1ff2f000001be00ff
:1095b000e00f5200e08f5a00e00f5b00e08f5b008d
:1095c000050035000000eb0000149800700c9800b6
:1095d0006000b8006011b8004f0578004f04be006d
:1095e0000080fa000000060000000600201922009a
:1095f00000000600881f7800000478004860900092
:109600008040e90000c0700040649800d8009000dd
:1096100068009000808f500005003600b809900067
:109620000001eb00820078000800780003000100d0
:109630000000eb00200c9800600498005004980093
:10964000980090000118a300030032000140a00020
:10965000110498000800370028019000380090009d
:109660000000410000149800700c98000000eb000e
:109670000138a300010032000080eb004f047800a5
:10968000000006001bff3700a0fd2f00f1ff2f0098
:10969000320007004f89de008201780000000600da
:1096a0000200fa0081017800e0ff9f009300900023
:1096b0000188a30005003200d30090008058780094
:1096c0000080fb00d10198000a0037001200200042
:1096d0008f80e900030078005e00070080007800ba
:1096e0000080eb000100e00002003200eff897007c
:1096f0000180fb000080fa000000060094fe3700a5
:10970000889fbe008a9fbe008c1f780000067800ec
:1097100082057800010478008004eb0009057800d8
:109720000700370018019000980078000c007800be
:10973000ecdc0700808444000a05e800640444006f
:109740008b0f5500f7ff3500090078004f067800b1
:109750004f05be004f04be000000060002002f00af
:10976000f3ff2f00820f5000838f58000400360053
:109770000000ea00701489000080eb008080eb009c
:10978000000006008001eb000000e0000500320050
:10979000700190000200e0000200320002000100af
:1097a0008001780003007800000006006000b80027
:1097b0006011b80000000600881f7800c00120007a
:1097c000fdfa0700000478000800e0000a003200fb
:1097d000c20120008000eb000800780076fb070043
:1097e00040892400300c980020a22400400c9800ee
:1097f00000c0eb00205c9800080078004f0478005f
:1098000000000600fefd3700400990000204010040
:10981000d00190006001900002825100cfa2de00d2
:10982000612bb9008498be008690be009000900025
:109830000000eb000168a3000400320010002000cb
:10984000828f510001003e000000eb000000060086
:1098500007fe3700b00990000300e000010032006d
:109860000304010010007800ebdc37000200fa006e
:10987000881f780000047800c1ff9f00280890002e
:109880000000e00006003a00080078002000070011
:10989000800078000080eb000100e00018003a0032
:1098a000d800900028089000808f500009003100f7
:1098b0004ff997000280fb00a85990008301fb003c
:1098c000830f500003003200825878005104980042
:1098d0000b003700b809900012002000e480570008
:1098e0000800780003000100800078000080eb0091
:1098f000e18f500002003a00cff897000180fb0092
:109900004f0478000080fa00000006000000050007
:10991000881f780000047800080078008bfd07009d
:109920000000e00006003a00a800900061049800e2
:10993000510498003801900082804000210c98006a
:109940004f0478000000060000000600feff07003c
:10995000fdff0700fcff370000c0da000000060032
:1099600000c0da000000060000c0da0000000600b7
:109970008f1fd100ee0307008f87e9000000e00091
:1099800000000600809feb00e90307008f87e900d5
:109990000000e00000000600839f68000100e00076
:1099a00002003d0060001000e08018000300e000ad
:1099b00002003d0060011100e081190034dd070064
:1099c0004f00e00002003b0060001000e080180043
:1099d00000000600801feb00d50307008f87e90019
:1099e0000000e000000006008103780013dd07009e
:1099f0000001be006000b8000478a30013003a0024
:109a00006220e10015003e000d0039008301d10005
:109a10000281d3008180d3008301d1000281d30071
:109a20008180d3008301d1000281d3008180d300e3
:109a30000538b000c42add00f300b2008381720053
:109a400007f0a70003f0a0000000060083ff270036
:109a5000020020006110b900f9ff370003ff270062
:109a6000f7ff37001400fa00889fbe008a9fbe00ef
:109a70008c9fbe000004be000205be0068004700c7
:109a80000a90be000890be00e40307000070a70023
:109a90000bf0a100304320009e0290008082520013
:109aa000b0fe2f000028e10011003d00b0fc2f00a7
:109ab0000028e100150034001e0990008e08900077
:109ac0007e0090000501b0000201d1008180d3002a
:109ad0000080d3008502e800fbff3a000b00e000a5
:109ae00009043b0060001000e08018000604370005
:109af000f0ff2f00f1ff27000b00e00002043b0005
:109b00000100280000002000ff0337006000b800bb
:109b1000fd0337004f89de0082017800ff03370024
:109b20006011b8000d0437001400fa00889fbe00d1
:109b30008a9fbe008c9fbe000005be000206be00cc
:109b4000680047000c90be000a90be00b3030700f7
:109b50006400e1001a00320016003e006100e100de
:109b60001a0032006e049000fe0490000e0b90006c
:109b70009e0b90006011b8009e0590000b38b1005c
:109b8000d501200082817100610164008703d1004a
:109b90000683d3008984d3000884d3008502e900ba
:109ba000f8ff3a0079e007000df0a70001f0a000ef
:109bb000d503370001fc270000002000faff370022
:109bc00001f8270000002000f7ff37006000b80010
:109bd000f5ff3700aedc07000400be000000060001
:109be000020ab900001bb9000200b800810042005f
:109bf00081004300000006008c9fbe008a9fbe00cb
:109c0000889fbe00ca0107000bf0a20004003700c5
:109c10008c9fbe008a9fbe00889fbe00c4010700c3
:109c20000c48e1000b003a000c40e1000200320059
:109c30008b010700400037008b066d003e003200ac
:109c40000af0a100f3012000f2ff2f006110b9001b
:109c5000390037000c40e100370032000940e100d4
:109c6000010036007e0107008a856d00cf5dde00b1
:109c70000b0575000006eb008804fd008904540004
:109c8000010032007d0107000a04e00011003a00e3
:109c90000800e000280032000400400085804800f1
:109ca00006014900878149000358a30018003200cb
:109cb0008301d1000281d3008180d3000080d300d2
:109cc0000c86d30001003900610676000804e80024
:109cd0001800370004005000858058000601590024
:109ce00087815900060031000af0a2000c06ea0044
:109cf00060001800e080180060011900e081190080
:109d000003003a000004eb000005eb000a003700f6
:109d10000348a30007003a000c0646000000480074
:109d20008180480002014900838149000804e9005c
:109d3000f7ff3700af013700c90137008c9fbe0025
:109d40008a9fbe00889fbe00790107000b056d0049
:109d50000940e1000a003a000800e0000200320079
:109d60000c40e10006003a000af0a1000c04780063
:109d7000f3012000f2ff2f006110b9009d003700b1
:109d80000c40e1009b0032000800e0009900320026
:109d90000c48e10002003a000004eb000300370029
:109da0000900e00004003a000c0478006000b800ec
:109db0006011b8008f0037000348a30006003a0086
:109dc0000000400081804800020149008381490071
:109dd0000804e900f8ff37000748a30006003a002e
:109de0000402420085824a0006034b0087834b0031
:109df0008904e900f8ff3700fd3f20008d845400fe
:109e0000090454008a1f7800881f78000004780035
:109e10008104780002057800830578006000b800ae
:109e20006011b8000d04200005003700080444004c
:109e300089844c000a054d008b854d0008003100d7
:109e40000404540085845c0006055d0087855d0080
:109e50008381d2008d06d300f4ff3b00070037005a
:109e60000404440085844c0006054d0087854d00a0
:109e70008381d2008d06d300ecff3b000804440030
:109e800089844c000a054d008b854d000800310087
:109e90000404540085845c0006055d0087855d0030
:109ea0000281d2008d06d300f4ff3b00070037008b
:109eb0000404440085844c0006054d0087854d0050
:109ec0000281d2008d06d300ecff3b000804440061
:109ed00089844c000a054d008b854d000800310037
:109ee0000404540085845c0006055d0087855d00e0
:109ef0008180d2008d06d300f4ff3b0007003700bd
:109f00000404440085844c0006054d0087854d00ff
:109f10008180d2008d06d300ecff3b000804440092
:109f200089844c000a054d008b854d0008003100e6
:109f30000404540085845c0006055d0087855d008f
:109f40000080d2008d06d300f4ff3b0007003700ed
:109f50000404440085844c0006054d0087854d00af
:109f60000080d2008d06d300ecff3b000b00e00028
:109f700004003d000404440085844c0006054d00a7
:109f800087854d000006eb008301d1000281d300dc
:109f90008180d3000080d3000c86d3008301d100e0
:109fa0000281d3008180d3000080d3000c86d300cf
:109fb000890474008b0575008b84740001003200e5
:109fc000610676004f0478004f0578000348a3002f
:109fd00007003a000c064600000048008180480057
:109fe00002014900838149000804e900f7ff3700b6
:109ff000000137001a0137008c9fbe008a9fbe0007
:10a00000889fbe00ca0007000b056d008a05780016
:10a010000c40e10008003a000900e00082003a002c
:10a020000af0a1000c047800f3012000f2ff2f00d9
:10a030006110b9007c0037000c48e10004003a00d0
:10a04000870007000900e00077003a00f4ff3700be
:10a050000800e000740032000900e00002003a004d
:10a060007f00070070003700ed3f20008d84540012
:10a07000090444008a1f7800881f7800871f780031
:10a08000861f7800851f7800841f7800cb19dd00bb
:10a09000c515de008b8571004b11dd00450dde001e
:10a0a0000a057100cb08dd00c504de00898470005c
:10a0b0004b04dd000440b8000546b8008c80400029
:10a0c00060814e00044eb8008c8040000d014900b4
:10a0d0008001eb000318ad000456b8000c014100ec
:10a0e0008d8149000002eb000420ad000646b80057
:10a0f0000c0141008d81490060024a00054eb80004
:10a100000c0141008d81490060024a000556b800eb
:10a110008c8141000d024a008002eb000528ad0051
:10a120000746b8008c8141000d024a00e0824a00d7
:10a13000064eb8008c8141000d024a00e0824a00c0
:10a140004f0678000c5eb8008c8141000d024a0079
:10a15000e0824a000656b8000c0242008d824a0096
:10a160000003eb000630ad00074eb8000c024200c1
:10a170008d824a0060034b004f0678000c5eb800e9
:10a180000c0242008d824a0060034b000756b80063
:10a190008c8242000d034b008003eb000738ad00ba
:10a1a0004f0678000c5eb8008c8242000d034b0015
:10a1b000e0834b004f0678000c5eb8000c034300b0
:10a1c0008d834b004f0478004f0578000748a300ab
:10a1d0000a003a0000004000818048000201490066
:10a1e0008381490004024a0085824a0006034b002d
:10a1f00087834b000804e900f4ff3700030678006a
:10a20000808070008280700001003200610676005c
:10a210008701780006017800850078000400780046
:10a2200088047800780037008d0037008c064600df
:10a2300002003a000000a60000000600600048008e
:10a24000e080480060014900e08149000350a60019
:10a25000000006008301d1000804e80000000600a9
:10a260000002fd008102fd000203fd008303fd00ea
:10a270008804fd008a05fd00000006007048e1002a
:10a280001a0039007d0320000d48e1000a00390062
:10a2900081057000830671008c8575008d857500c1
:10a2a0000006eb001cd8e700610676006000b800ed
:10a2b0006011b800000006007048e1000b00390092
:10a2c0008c05780000067800010078008200780094
:10a2d000030178008001eb0013d8e70061067600e7
:10a2e000f0845400f4ff3a00000006006160e100d1
:10a2f0000c48ad00f08514008b06dd000966de0019
:10a300000d0676008b0edd000900de000d007000ea
:10a310008b16dd008908de008d8070008b1edd004d
:10a320000911de000d0171008919de000000060030
:10a330000d002800fc7f20000d856100441cde001c
:10a34000ef8161000c046400010032000340a000b2
:10a350008d856300c43cde00ef8363008c84640061
:10a36000010032000740a0000c40e10006003a0066
:10a37000ef86610082867600818676008086760090
:10a3800001003200180037000c48e10007003a00d5
:10a39000ef86630086867600858676008486760062
:10a3a00002003200aeff07000f0037000348a30091
:10a3b00005003a008106700082867600838676006a
:10a3c000010032000804e8000748a30005003a0035
:10a3d0008506720086867600878676000100320048
:10a3e0008904e80000000600cf047800cf0578005b
:10a3f0001b00370000027800810278000203780019
:10a4000083037800880478000cf0a70087ff07001a
:10a41000fd7f20000d40e100040035000d047800b0
:10a420006000b8006011b8000d0037000800e000bf
:10a430000b003c00040078008500780006017800dd
:10a4400087017800e18414008cff07000cf0a7005e
:10a4500076ff07000004eb000340a7000804e800b3
:10a460004444dd006fc56100880175004f04be00e3
:10a470004f05be004f06be0000000600889fbe00cc
:10a480008a9fbe0030044200b0844a0030054b0071
:10a4900090854b006000b1000898be000a90be0095
:10a4a0000440e10005c8e10006d0e10007d8e10062
:10a4b00002003100680040001008e8004f05be00af
:10a4c0004f04be0000000600889fbe008a9fbe00a9
:10a4d000100478009004900020059000b0059000d2
:10a4e0000418540005985c0006185d0007985d008c
:10a4f000110020000440e10005c8e10006d0e100a1
:10a5000007d8e100010039008000eb00108810003e
:10a510004f05be004f04be00000006001200fa0006
:10a52000889fbe008a9fbe008c9fbe00e0b79f0040
:10a53000f1b79f0082bf9f0093bf9f000605be003a
:10a540000404be000000eb00d0b79f00c0b79f001e
:10a55000b0b79f00a0b79f0090b79f00000678009b
:10a560005fb19700cfb09700820141003fb09700e4
:10a570000200e00004003d00370007007e80570025
:10a58000beff070003003700330007007e8057003e
:10a59000cdff0700dfb697000d00e0000c0035008e
:10a5a0006fb29700ffb297000fbb97009fbb970059
:10a5b00010002000010020006011b80000027200ad
:10a5c0008182720002037300838373001b00070003
:10a5d0000c06e80001042000810f5600e0ff3a005d
:10a5e0000d00e00004003d000802be000a03be00aa
:10a5f0007e805700a1ff07005fa897000000e000e1
:10a6000005003a001fb29700afb297003fb3970022
:10a61000cfb39700090007006fb09700ffb0970015
:10a620000fb997009fb997004f06be004f05be00b7
:10a630004f04be000080fa00000006000100070081
:10a6400000000600a4b79f00b5b79f00c6b79f00e3
:10a65000d7b79f00000006004f09de00828171001d
:10a66000b3b79f004f01de00818040008280700000
:10a67000a1b79f008fb097004f09de000000400097
:10a680000200700090b79f007fa897004f01de0086
:10a69000818040008280700081b79f000d0007001c
:10a6a0004f3ade000000400004007000f0af9f0051
:10a6b000080007000402420085824a0006034b009e
:10a6c00087834b00dfff07000802be000a03be00bd
:10a6d000000006002fb29700bfb297004fb397005b
:10a6e000dfb3970000000600881f780018002000e4
:10a6f000881f780089ff07008f87e9004f047800e2
:10a7000000000600801feb0084ff07008f87e90030
:10a7100000000600889fbe008a9fbe00e00f500028
:10a72000e08f5800e00f5900e08f59000c003d0009
:10a730006044b8006055b8000000540081805c009f
:10a7400002015d0083815d001800200015000700f4
:10a7500008003d00180007000004eb00050037006a
:10a760000004eb000f00070002003d00120007008c
:10a7700018002000dcff07000800e000060032009f
:10a780006022b8006033b8000000520081805a0097
:10a7900002015b0083815b004f05be004f04be00d9
:10a7a00000000600e00f5200e08f5a00e00f5b004f
:10a7b000e08f5b00000006006044b8006055b80000
:10a7c0000402540085825c0006035d0087835d00ff
:10a7d00000000600889fbe008a9fbe008c1f780084
:10a7e000e00f5000e08f5800e00f5900e08f590053
:10a7f0000d003d006044b8006055b80000005400f2
:10a8000081805c0002015d0083815d001c002000ee
:10a810000820e10009a8e1000ab0e1000bb8e1005e
:10a820000d003d00080037000006eb00e00f52006d
:10a83000e08f5a00e00f5b00e08f5b0006003d00f8
:10a840006044b8006055b8000402540085825c0082
:10a8500006035d0087835d00aaff07000c00e0008f
:10a86000060032006022b8006033b80000005200d9
:10a8700081805a0002015b0083815b004f067800f3
:10a880004f05be004f04be0000000600889fbe00ba
:10a890008a9fbe008c1f78000006eb00e00f50007e
:10a8a000e08f5800e00f5900e08f590007003d008d
:10a8b0006044b8006055b8000000540081805c001e
:10a8c00002015d0083815d001c002000e00f52004a
:10a8d000e08f5a00e00f5b00e08f5b0007003d0057
:10a8e0006044b8006055b8000402540085825c00e2
:10a8f00006035d0087835d000c00a200c200070014
:10a900000c00e000060032006022b8006033b8009e
:10a910000000520081805a0002015b0083815b00cd
:10a920004f0678004f05be004f04be000000060031
:10a93000889fbe008a9fbe008c9fbe000404be009c
:10a940000605be00809fbe00829fbe00210007005a
:10a95000040678000800be000a01be001d000700c2
:10a96000840678004f03be004f02be008d4f760074
:10a970007fb0970013003300f0ff2f008b8f6b0028
:10a9800006003b000d0666000c00a7000a00370019
:10a9900007f0a600100020000a003700880f5200c0
:10a9a000898f5a008a0f5b008b8f5b000300390090
:10a9b0001000200001003e000000200007f0a7006a
:10a9c0000000ea004f06be004f05be004f04be0067
:10a9d0000000060005ff2700058261000700320025
:10a9e0000428e100010032002400050006000700f1
:10a9f00001003a00440005000408050002000700b9
:10aa0000f9ff3a00140005006f82610081027000b6
:10aa10008502710085027200000006005002be002f
:10aa2000e40050005003be004439de00f700b200dd
:10aa3000f37f200003016100090032000218e100e9
:10aa400016003a0085017200830173008381730050
:10aa50000008200015003a004000200013003700d5
:10aa600085017200830173008381730005003a0041
:10aa700004a8be0006a8be00100020000b0037008e
:10aa80000201e9000402420085824a0006034b00ed
:10aa900087834b000748a300f9ff32000740a0005e
:10aaa00004a8be0006a8be00200020008000980078
:10aab0009200980000000600680447000294be005f
:10aac0000094be00fc0447008694be008494be003f
:10aad00009007800d1ff070008007800cfff0700c9
:10aae00099007800814f70000b003b000800be0009
:10aaf000930007004f00b10003003700f3ff270069
:10ab0000f2ff2f006110b9004f06be004f05be00d6
:10ab10004f04be000080fa0000000600881f780085
:10ab2000030478000300e00007003d00600010000f
:10ab3000e080180060011900e081190002003b006c
:10ab400001f02d00030037000400070008f0a70003
:10ab500003f0a0004f04780000000600889fbe00ac
:10ab6000008270000402710004827100240032002f
:10ab700036432000c50020008383cf000a0039003f
:10ab80000541b1008283cf00070039000541b100c3
:10ab90008183cf00040039000541b1008083cf00dc
:10aba000010039000541b10085c353006022b8009f
:10abb000120032000a003b008482720061026000d1
:10abc0008301d1000281d3008180d3000080d300b3
:10abd0000603e8008743e800f7ff3a000700370064
:10abe0000000400081804800020149008381490043
:10abf0000603e9008743e900f9ff3a002400070053
:10ac00004f04be0000000600889fbe008a9fbe0061
:10ac10008c9fbe000404b8000506b80089044600f5
:10ac200060854e000606b8000a054600e0854e0025
:10ac30000706b8008b054600040eb80089044600dc
:10ac40000a854e00e0854d00050eb8000a05460055
:10ac50008b854e00060eb8008b0546000416b80022
:10ac60000a0546008b854e000516b8008b05460088
:10ac7000041eb8008b0546000800be000a01be0095
:10ac80004f06be004f05be004f04be000000060088
:10ac90001800200057002000080453000d003d005c
:10aca0000600200097fc2f000740e1001e00340042
:10acb00084827200610260008301d1000281d300ae
:10acc0008180d3000080d3000804e800f8ff3a0038
:10acd000470020006104600005047400040464005f
:10ace0000d00320061004000e08048006001490032
:10acf000e081490003b8a500070032000603e80020
:10ad00006538e10004003a008301d1000281d300dc
:10ad10008180d3000080d300f87f20000830e1005c
:10ad200003003500080378006000b8006011b80027
:10ad30004433dd00f300b20083017300000006001d
:10ad4000e48240001078a300070032006402400053
:10ad50001178a3003400be001401be0005003200cb
:10ad60000330a7000000060035007800b500780029
:10ad70001501be000330a00000000600889fbe0041
:10ad80008a9fbe000004be000205be006000b8003d
:10ad9000020020000300280000026200818262009d
:10ada0000203630083836300f0ff2f00f1ff2f0095
:10adb000f2ff2f00f3ff2700000064008180640091
:10adc00002016500838165000000720081807200cd
:10add00002017300838173004f05be004f04be0063
:10ade00000000600f4ff2f00f5ff2f00f6ff2f00f4
:10adf000f7ff2700040260008582600006036100ff
:10ae0000878361000400be000601be00000006004a
:10ae10001800fa00889fbe008a9fbe008c1f780031
:10ae20000004be000205be000802be000a03be0008
:10ae3000443ade00f07f200000066200204320003c
:10ae4000800f560067003c006022b8006033b800f5
:10ae50000800be00c6fa07000000e00061003200f2
:10ae60000802be000a03be00b4b79f00c5b79f002a
:10ae7000d6b79f00e7b79f00e00f5200e08f5a005f
:10ae8000e00f5b00e08f5b000b003d006022b8002c
:10ae900006002000073324000800be000a01be009f
:10aea00055fb07006022b80006002000073324008d
:10aeb00057fb07000a0037006022b8000600200098
:10aec000073324000800be000a01be0050fb070043
:10aed0006022b800060020000733240046fb07006c
:10aee0000802be000a03be0043fb07000002be00ca
:10aef0000203be00f4b79f0085bf9f0096bf9f006e
:10af0000a7bf9f00e03f2000800f560017003c00c5
:10af10007fb097008fb897001fb99700afb997001f
:10af2000f0af9f0081b79f0092b79f00a3b79f002b
:10af30006044b8006055b8003fb29700cfb29700a8
:10af40005fb39700efb39700e00f5200e08f5a0015
:10af5000e00f5b00e08f5b0022003d006044b80022
:10af60000a0020000bff2b001e0037006022b800f3
:10af70006033b8007fb097008fb897001fb9970073
:10af8000afb997007ffa07000000e0000c00340022
:10af90007fb297008fba97001fbb9700afbb970097
:10afa0000800be000a01be0019fb07006022b800bd
:10afb0000600200007ff23000ffb070007003700f3
:10afc0007fb297008fba97001fbb9700afbb970067
:10afd0000800be000a01be000dfb07000004be0011
:10afe0000205be000800be000a01be004f06780040
:10aff0004f05be004f04be000080fa0000000600ae
:10b00000000006002f03b000889fbe008a9fbe008c
:10b010008c9fbe008e1f78000004be000205be009b
:10b020000400be000601be00d0b79f00e1b79f003c
:10b03000f2b79f0083bf9f000203be000002be0064
:10b04000d4af9f00e5af9f00f6af9f0087b79f008a
:10b050000400420085804a0006014b0087814b00b6
:10b06000d0a79f00e1a79f00f2a79f0083af9f009a
:10b07000e00f5000e08f5800e00f5900e08f5900ba
:10b08000310032005fb09700efb097007fb19700ba
:10b090008fb99700daff07000203be000002be006e
:10b0a00090af9f00a1af9f00b2af9f00c3af9f00c2
:10b0b000f0ff2f00f1ff2f00f2ff2f00f3ff27001a
:10b0c00000026200818262000203630083836300e6
:10b0d00094a79f00a5a79f00b6a79f00c7a79f00a2
:10b0e0006000b8000200200003ff27000020e100fc
:10b0f00001a8e10002b0e10003b8e10012003e0047
:10b100000800be000a01be0090af9f00a1af9f00e3
:10b11000b2af9f00c3af9f004418de006011b800bb
:10b120008000eb0090a79f00a1a79f00b2a79f00ff
:10b13000c3a79f00f07f20009fa2970000866200b7
:10b14000800f56000b003a005fb29700efb29700f5
:10b150007fb397008fbb97000800be000a01be00b6
:10b16000a5fb07000002be000203be00f3fa0700c1
:10b170001b0037001fa89700afa897003fa99700b2
:10b18000cfa99700000040008180480002014900db
:10b190008381490090a79f00a1a79f00b2a79f00ad
:10b1a000c3a79f005fa29700efa297007fa397001d
:10b1b0008fab97000400e1000588e1000690e100f4
:10b1c0000798e10009003e001c013a006022b80027
:10b1d0006033b8000800be000a01be0086fb07000d
:10b1e0000004be000205be00140137000c00e000a0
:10b1f00023003a001fa89700afa897003fa9970027
:10b20000cfa99700c50020000000d0008180d200a7
:10b210000281d2008381d2008502e900faff3a0060
:10b22000050037000c06e90000004000818048005e
:10b230000201490083814900e00f5000e08f58006f
:10b24000e00f5900e08f5900f6ff3d006100160045
:10b250001faa9700afaa97003fab9700cfab97000c
:10b260000000e900050033000402d0008582d2000e
:10b270000683d2008783d200f9ff37001b00370016
:10b28000f4ff2f00f5ff2f00f6ff2f00f70020003e
:10b290001fa89700afa897003fa99700cfa99700d4
:10b2a0000400600085806000060161008781610004
:10b2b000d0a79f00e1a79f00f2a79f0083af9f0048
:10b2c0006000b80002002000030120005fa2970088
:10b2d000efa297007fa397008fab97000002720048
:10b2e00081827200020373008383730094a79f001e
:10b2f000a5a79f00b6a79f00c7a79f005faa9700ba
:10b30000efaa97007fab97008fb39700443ade0017
:10b31000fd7f20008d0662002f003a005faa970093
:10b32000efaa97007fab97008fb39700ce00200065
:10b330000402d0008582d2000683d2008783d20027
:10b340000e07e900faff3a001fa09700afa0970090
:10b350003fa19700cfa19700050037008d06e900b7
:10b360000402420085824a0006034b0087834b009b
:10b37000e00f5200e08f5a00e00f5b00e08f5b00af
:10b38000f6ff3d000203be000002be00618716000a
:10b390005fa89700efa897007fa997008fb197004b
:10b3a0000e07e900050033000000d0008180d200c4
:10b3b0000281d2008381d200f9ff3700d0af9f0015
:10b3c000e1af9f00f2af9f0083b79f000400be0073
:10b3d0000601be001b0037005fa89700efa897008a
:10b3e0007fa997008fb19700f4ff2f00f5ff2f0082
:10b3f000f6ff2f00f7002000040060008580600049
:10b4000006016100878161006022b800060020000b
:10b4100007012000040070008580700006017100a3
:10b4200087817100d0af9f00e1af9f00f2af9f0016
:10b4300083b79f001fa09700afa097003fa1970080
:10b44000cfa197000802be000a03be00d4a79f0048
:10b45000e5a79f00f6a79f0087af9f001200370067
:10b46000e00f5200e08f5a00e00f5b00e08f5b00be
:10b470000800350005003a005fa49700efa497008c
:10b480007fa597008fad970050ff37000400be00e6
:10b490000601be0000004000818048000201490012
:10b4a000838149000c06e9005fac9700efac970080
:10b4b0007fad97008fb59700080250008982580031
:10b4c0000a0359008b8359008d0f5600e4ff3c009e
:10b4d00090a79f00a1a79f00b2a79f00c3a79f00ae
:10b4e0005fa49700efa497007fa597008fad97000a
:10b4f000e00f5200e08f5a00e00f5b00e08f5b002e
:10b5000008003d00120037000400be000601be0026
:10b5100094a79f00a5a79f00b6a79f00c7a79f005d
:10b520000b003700e00f5200e08f5a00e00f5b0085
:10b53000e08f5b00f4ff3a0024ff3700000040007a
:10b540008180480002014900838149000c06e9001e
:10b550000203be000002be00443ade006033b800c1
:10b560008002eb00e00f5200e08f5a00e00f5b001a
:10b57000e08f5b00f1ff320090a79f00a1a79f0022
:10b58000b2a79f00c3a79f000c00e0001100340089
:10b590006022b8000600200007ff2f0004024000d0
:10b5a0008582480006034900878349006164b90029
:10b5b000614db900c445dd000005eb006044b800f2
:10b5c0000400740085807400060175008781750091
:10b5d0000c003700610616001fa09700afa097006f
:10b5e0003fa19700cfa197000c06e90005003300aa
:10b5f0008301d1000281d3008180d3000080d30079
:10b60000f9ff37001fac9700afac97003fad970034
:10b61000cfad97004f5cde00cfc4de00614db900b6
:10b62000cf45dd000005eb006044b8000804700061
:10b63000898470000a0571008b8571000800be00c6
:10b640000a01be004f0778004f06be004f05be003e
:10b650004f04be002f03b10000000600889fbe000b
:10b6600002047800f9072000890f54000d0034000f
:10b670000200200003f02700e2d70700f807b1001e
:10b68000890f5400170034000200200003f0270047
:10b69000dcd70700f807b100890f540010003c0008
:10b6a0001000370029f82f00890f54000d003d00cd
:10b6b0000200200003c82000d2d707006806b000af
:10b6c000890f540007003d000200200003c820003d
:10b6d000ccd707006806b000890f540001003d0078
:10b6e00009047800f207200008014100cf91de0034
:10b6f000c711dd0002002000c2d707004f04be00c2
:10b7000000000600889fbe0004047800f93f200076
:10b71000890f54000f0034006022b800060020009a
:10b7200007fe270034fa0700f83fb100890f5400e4
:10b730001a0034006022b8000600200007fe27002f
:10b740002dfa0700f83fb100890f540012003c00a9
:10b750001200370029c02f00890f54000f003d0050
:10b760006022b800060020000736200022fa0700f9
:10b77000983cb000890f540008003d006022b800da
:10b7800006002000073620001bfa0700983cb00096
:10b79000890f540001003d0009047800f43f2000a7
:10b7a00008024200cfa2de00612bb900c423dd00f5
:10b7b0000003eb006022b8000ffa07004f04be0040
:04b7c000000006007f
:020000040000fa
:10b7c400535400004252000054000000535400003f
:10b7d400534c000043530000005300005453000036
:10b7e4004c4c00005400000053540000534c000023
:10b7f4004545000050000000434d00004400000097
:10b8040053540000534c000058500000003f000007
:10b8140000530000545300004c50000043500000fb
:10b8240000530000545300004c55000049540000dc
:10b8340000530000545300004c55000057500000c2
:10b8440000530000545300004c56000047570000ba
:10b8540000530000545300004c5600004700000001
:10b864004f4e0000004f0000464600000053000009
:10b87400545300004c5600004c5300000053000089
:10b88400545300004c5600004c5700000053000075
:10b89400545300004c5600004c0000005354000068
:10b8a400534c000055000000535400004252000065
:10b8b400004f00004b0d000000530000544e0000e8
:10b8c400323100003230000020760000302e0000bb
:10b8d400302e0000300000000d4f00004b0000002f
:10b8e400535400005342000052000000535400001f
:10b8f4005546000043000000535400005742000026
:10b9040052500000002500006c750000004f00003c
:10b914004b00000053540000574200005200000046
:10b9240053540000444900000053000054440000f4
:10b9340049430000504f00000053000054490000e8
:10b94400005300005453000041540000490000001b
:10b9540053540000534400004900000053540000b5
:10b96400534e0000005300005453000040310000c7
:10b974000053000054560000434100004c000000f6
:10b984002564000000530000545600005258000083
:10b9940000250000780000005354000056520000b7
:10b9a400002d00002d2e0000002d00002d2e000083
:10b9b4002d0000002d2d00002e2d00002d00000074
:10b9c4002d2d00002e2d00002d2d0000002500003f
:10b9d400642e000025640000005300005450000051
:10b9e4004252000052000000535400005042000034
:10b9f4005200000053540000504300004200000075
:10ba04005354000050430000005300005450000001
:10ba1400525300000053000041450000204a00003a
:10ba2400313800003530000020500000574d000030
:10ba34000d00000053410000452000004a31000081
:10ba4400383500003020000056500000570d00002b
:10ba540000490000534f0000203900003134000039
:10ba6400310d000000490000534f00002039000050
:10ba7400313400003120000028350000204200004d
:10ba840041550000442900000d0000004953000006
:10ba94004f2000003134000032330000300d00002c
:10baa40000490000534f00002031000034320000f0
:10bab40033300000202800003520000042410000ff
:10bac40055440000290d000000490000534f0000b8
:10bad4002031000034320000333000002028000000
:10bae4004641000053540000290d000000480000a6
:10baf40053200000434100004e200000284900006c
:10bb0400534f000020310000313800003938000064
:10bb14002c20000035300000304b00002f31000095
:10bb240031420000290d00000048000053200000ad
:10bb3400434100004e20000028490000534f0000fc
:10bb44002031000031380000393800002c2000007a
:10bb540035300000304b00002f3200003942000025
:10bb6400290d00000048000053200000434100005c
:10bb74004e20000028490000534f000020310000ef
:10bb840035370000363500002c2000003530000029
:10bb9400304b00002f31000031420000290d00001d
:10bba4000048000053200000434100004e200000e4
:10bbb40028490000534f00002031000035370000b1
:10bbc400363500002c20000035300000304b0000da
:10bbd4002f32000039420000290d00000048000007
:10bbe40053200000434100004e200000284900007b
:10bbf400534f000020310000353700003635000077
:10bc04002c20000032350000304b00002f310000a2
:10bc140031420000290d00000048000053200000bc
:10bc2400434100004e20000028490000534f00000b
:10bc34002031000035370000363500002c2000008c
:10bc440032350000304b00002f3200003942000032
:10bc5400290d0000004d0000532000004341000066
:10bc64004e20000028490000534f000020310000fe
:10bc740031380000393800002c2000003132000037
:10bc8400354b00002f31000031420000290d000027
:10bc9400004d000053200000434100004e200000ee
:10bca40028490000534f00002031000031380000c3
:10bcb400393800002c20000031320000354b0000e0
:10bcc4002f32000039420000290d0000004d000011
:10bcd40053200000434100004e200000284900008a
:10bce400534f000020310000353700003635000086
:10bcf4002c20000031320000354b00002f310000b1
:10bd040031420000290d0000004d000053200000c6
:10bd1400434100004e20000028490000534f00001a
:10bd24002031000035370000363500002c2000009b
:10bd340031320000354b00002f3200003942000040
:10bd4400290d00000053000057200000434100006b
:10bd54004e20000028490000534f0000203100000d
:10bd640031380000393800002c2000003333000043
:10bd74004b2f000031310000422900000d0000006b
:10bd84005357000020430000414e000020280000cb
:10bd9400495300004f2000003131000038390000c1
:10bda400382c000020330000334b00002f320000f9
:10bdb40039420000290d0000005300005720000004
:10bdc400434100004e20000028490000534f00006a
:10bdd4002031000035370000363500002c200000eb
:10bde400333300004b2f00003131000042290000a2
:10bdf4000d0000005357000020430000414e000096
:10be040020280000495300004f2000003135000075
:10be140037360000352c000020330000334b00007f
:10be24002f32000039420000290d000000530000a9
:10be3400545000005200000025750000005300001b
:10be440054500000544f00005400000053540000ac
:10be540050540000525100000053000054500000a0
:10be6400544f0000005300005450000058000000dc
:10be7400535400005000000053540000434100009c
:10be840046000000535400004346000043500000a5
:10be9400410000004f550000542000004f460000b0
:10bea400204d0000454d00004f5200005900000095
:10beb4005354000043460000435000004300000078
:10bec40053540000434d00004d0000005354000043
:10bed4004353000045470000520000005354000043
:10bee4004353000045470000540000005354000031
:10bef40043530000544d000000530000544300001d
:10bf0400544f0000520000005354000043540000fa
:10bf14005252000000250000303600005800000096
:10bf240053540000435400005200000053540000d6
:10bf34004d000000535400004d4100000053000028
:10bf440054460000414300000053000054460000e2
:10bf5400410000005354000046420000410000002c
:10bf640053540000464200004300000053540000b4
:10bf740046460000434100000053000054460000c0
:10bf840046430000430000005354000046500000a4
:10bf940041000000535400004650000043000000dc
:10bfa40053540000434100004c530000544100002e
:10bfb40054000000414e0000414c00004f47000077
:10bfc400204900004e3a0000205300004156000072
:10bfd40045440000004100004e4100004c4f000069
:10bfe40047200000494e00003a200000524500005e
:10bff4004144000059000000414e0000414c000043
:10c004004f470000204900004e3a0000204e000037
:10c014004f540000205200004541000044590000e4
:10c024000053000054520000535400004e560000c8
:10c034004d000000535400005341000056430000db
:10c04400414c00000053000054550000494c0000ce
:10c05400005300005447000050430000004f00000c
:10c0640000490000004e0000300000004e31000086
:10c07400005500003000000055310000004400006d
:10c08400300000004431000000250000752000004d
:10c0940069730000204900006e760000616c0000a6
:10c0a40069640000200d00000a0000000a4f00002f
:10c0b4004b00000053540000475000004952000058
:10c0c400480000005354000047500000495200004b
:10c0d400002c0000202500007500000053540000cf
:10c0e400475000004f52000000530000544300002a
:10c0f400414e000054580000005300005443000017
:10c10400414e000052580000005300005447000004
:10c11400504f0000570000003000000031000000c4
:10c124004154000044000000415400004500000058
:10c134004154000049000000454c00004d3300000c
:10c144003237000020760000312e000034620000f7
:10c1540000410000544c000000410000545700000e
:10c1640053000000415400005a00000041540000f4
:10c174004031000000410000544000003200000043
:10c1840041540000403300000041000054500000be
:10c194005053000000410000545000005052000071
:10c1a40000410000545000005054000053000000af
:10c1b4000d4f00004b41000054500000505400004b
:10c1c400530000004154000050500000540000008f
:10c1d4000d4f00004b41000054500000505400002b
:10c1e4000041000054500000500000004154000081
:10c1f400504f00004300000041540000414c000037
:10c20400004100005441000054000000415400006b
:10c2140048000000415400004e4c00000041000062
:10c224005452000000410000545300004800000034
:10c2340041540000530000004154000054410000e8
:10c24400004100005443000041460000004100004a
:10c2540054430000464300000041000054430000e2
:10c264004600000041540000434d0000004100001e
:10c2740054430000500000004154000043520000a9
:10c2840041000000415400004353000000410000fd
:10c294005446000043530000440000004154000091
:10c2a400464300005348000000410000544600008b
:10c2b400435300004d000000415400005042000070
:10c2c400004100005452000054520000004100009c
:10c2d40054560000004900006e760000616c0000b6
:10c2e40069640000206300006f6d00006d61000050
:10c2f4006e640000206c0000656e0000677400002e
:10c30400680a0000004300006f6d00006d610000ca
:10c314006e640000207400006f6f0000206c000049
:10c324006f6e000067200000666f0000722000003e
:10c33400434100004e20000070610000796c000051
:10c344006f610000640a0000002500003032000024
:10c354005800000002000000100e0000140e00003f
:10c36400120e0000160e00001a0e00001c0e000033
:10c3740001000000100e0000140e0000120e000058
:10c38400160e00001a0e00001c0e00000300000030
:10c39400100e0000140e0000120e0000160e000015
:10c3a4001a0e00001c0e000004000000100e000015
:10c3b400140e0000120e0000160e00001a0e0000eb
:10c3c4001c0e000000000000200e0000240e0000df
:10c3d400220e0000260e00002a0e00002c0e000083
:10c3e40000000000100e0000140e0000120e0000e9
:10c3f400160e00001a0e00001c0e000007000000bc
:10c40400100e0000140e0000120e0000160e0000a4
:10c414001a0e00001c0e000008000000100e0000a0
:10c42400140e0000120e0000160e00001a0e00007a
:10c434001c0e00000c000000100e0000140e000082
:10c44400120e0000160e00001a0e00001c0e000052
:10c454000a000000100e0000140e0000120e00006e
:10c46400160e00001a0e00001c0e00000d00000045
:10c47400100e0000140e0000120e0000160e000034
:10c484001a0e00001c0e00000b000000100e00002d
:10c49400140e0000120e0000160e00001a0e00000a
:10c4a4001c0e000006000000100e0000140e000018
:10c4b400120e0000160e00001a0e00001c0e0000e2
:10c4c40005000000100e0000140e0000120e000003
:10c4d400160e00001a0e00001c0e000009000000d9
:10c4e400000e0000040e0000020e0000060e000004
:10c4f4000a0e00000c0e000003000000200e0000d5
:10c50400240e0000220e0000260e00002a0e000059
:10c514002c0e000004000000000e0000040e0000b9
:10c52400020e0000060e00000a0e00000c0e0000b1
:10c53400ff000000000e0000040e0000020e0000c8
:10c54400060e00000a0e00000c0e0000020000009f
:10c55400200e0000240e0000220e0000260e000013
:10c564002a0e00002c0e000008000000000e00003f
:10c57400040e0000020e0000060e00000a0e000069
:10c584000c0e0000ff000000000e0000040e00006e
:10c59400020e0000060e00000a0e00000c0e000041
:10c5a400ff000000000e0000040e0000020e000058
:10c5b400060e00000a0e00000c0e00000a00000027
:10c5c400000e0000040e0000020e0000060e000023
:10c5d4000a0e00000c0e0000ff000000000e000018
:10c5e400040e0000020e0000060e00000a0e0000f9
:10c5f4000c0e000007000000000e0000040e0000f6
:10c60400020e0000060e00000a0e00000c0e0000d0
:10c61400ff000000000e0000040e0000020e0000e7
:10c62400060e00000a0e00000c0e00000e000000b2
:10c63400100e0000140e0000120e0000160e000072
:10c644001a0e00001c0e0000ff000000000e000087
:10c65400040e0000020e0000060e00000a0e000088
:10c664000c0e000009000000100e0000140e000063
:10c67400120e0000160e00001a0e00001c0e000020
:10c6840006000000200e0000240e0000220e000010
:10c69400260e00002a0e00002c0e000007000000e9
:10c6a400200e0000240e0000220e0000260e0000c2
:10c6b4002a0e00002c0e00000f000000100e0000d7
:10c6c400140e0000120e0000160e00001a0e0000d8
:10c6d4001c0e000001000000000e0000040e00000b
:10c6e400020e0000060e00000a0e00000c0e0000f0
:10c6f40001000000200e0000240e0000220e0000a5
:10c70400260e00002a0e00002c0e0000040000007b
:10c71400200e0000240e0000220e0000260e000051
:10c724002a0e00002c0e000005000000200e000060
:10c73400240e0000220e0000260e00002a0e000027
:10c744002c0e000049000000004f00000000000013
:10c754004e300000004e0000310000005530000053
:10c764000055000031000000443000000044000087
:10c7740031000000ffff000001ff0000ff02000085
:10c78400ffff000002190000ff02000001ff00008b
:10c7940002ff0000ff030000f1ff00000209000097
:10c7a400ff030000ffff000003000000ff02000081
:10c7b4000aff000001ff0000ff01000023ff00004a
:10c7c400000d0000ff0100005aff000001ff0000ff
:10c7d400ff0100000dff000003000000ff02000045
:10c7e40000ff000001f40000ff030000ffff000051
:10c7f400010a0000ff020000ffff00000192000098
:10c80400ff02000000ff000003280000ff030000f7
:10c814000aff0000020a0000ff020000ffff000000
:10c8240002ff0000ff020000ffff000002ff000003
:10c83400ff020000ffff000001ff0000ff010000f5
:10c84400ffff000002ff0000ff02000000ff0000e5
:10c8540002000000ff02000000ff000002ff0000d1
:10c86400ff020000ffff000002ff0000ff020000c3
:10c8740004ff000002020000ff010000e0ff0000ce
:10c8840001040000ff01000080ff0000010a000015
:10c89400ff0100004952000051640000657300006c
:10c8a400696700006e5300005457000042520000b4
:10c8b400005300005453000041540000490000009c
:10c8c4005354000053440000490000005354000036
:10c8d4005340000031000000415400004033000088
:10c8e4000025000030320000583a000025300000d6
:10c8f400325800002025000063200000004f000093
:10c904004e0000004f4b0000004f00004646000060
:10c9140000530000560000000d0a000055410000bd
:10c924005254000031200000626100007564000070
:10c9340072610000746500003a200000000d0000e0
:10c944000a53000061760000656400002041000085
:10c95400544900002064000065760000696300000b
:10c964006520000049440000205300007472000058
:10c97400696e0000673a0000200000000d0a000004
:10c9840053610000766500006420000048610000e7
:10c9940072640000776100007265000020490000a5
:10c9a40044200000646500007669000063650000af
:10c9b4002049000044200000537400007269000004
:10c9c4006e6700003a200000000d00000a530000ca
:10c9d4006176000065640000205300005453000099
:10c9e40040310000206400006573000063720000a1
:10c9f40069700000746900006f6e0000206400001c
:10ca04006576000069630000652000004944000069
:10ca14002053000074720000696e0000673a000041
:10ca2400200000000d0a000053610000766500003c
:10ca340064200000415400004033000020640000e2
:10ca4400657300006372000069700000746900007f
:10ca54006f6e0000206400006576000069630000ca
:10ca64006520000049440000205300007472000057
:10ca7400696e0000673a0000200000000d0a000003
:10ca8400427900007465000020250000643a00002b
:10ca940020250000303200005800000041540000fe
:10caa4004900000031310000303000003132000014
:10cab400333400003536000037380000000d000024
:10cac4000a4e00003a20000025750000000d000009
:10cad4000a6e00003a2000002575000000000000e6
:10cae4004e4f00004e450000004e0000415400002f
:10caf4004956000045000000454c00004d3300003d
:10cb040032370000000a000043540000524c000079
:10cb1400204d00004f440000453a0000202500004d
:10cb2400730000004849000047480000004c000022
:10cb34004f570000000a000050570000525f0000e9
:10cb440043540000524c00003a2000004c4f0000b7
:10cb540057200000504f00005745000052200000ad
:10cb64003d20000025730000004f00004e0000002f
:10cb74004f460000460000000a55000041520000e4
:10cb840054200000534c000045450000503a00007a
:10cb940020250000732c00002025000064200000e4
:10cba400730000000a5500004152000054200000a8
:10cbb400574100004b4500003a2000002573000057
:10cbc4002c200000256400002d25000064200000b6
:10cbd40075730000000a000045580000542000004e
:10cbe400494e000050550000543a00002025000032
:10cbf400732000003d200000534c00004545000018
:10cc0400500000000a450000585400002053000062
:10cc14004c450000455000003a20000025730000f8
:10cc24002c20000025730000204600004f52000015
:10cc340020250000642000006d730000000a00003d
:10cc44004558000054200000574100004b450000a7
:10cc54003a200000257300002c20000025730000fa
:10cc6400204600004f5200002025000064200000f0
:10cc74006d730000002500002e32000066000000e5
:10cc840025230000580000000a5600004c20000034
:10cc9400534c000045450000503a00002025000098
:10cca400732c00002025000073250000735600003b
:10ccb400204600004f5200002025000064200000a0
:10ccc400730000000a5600004c2000005741000089
:10ccd4004b4500003a200000257300002c20000082
:10cce400257300002573000056200000464f000005
:10ccf400522000002564000020730000000a000098
:10cd0400564300004847000020570000414b0000f4
:10cd1400453a000020250000732c00002025000067
:10cd24007325000073560000204900004e200000c7
:10cd340025640000206d000073000000564c0000c4
:10cd4400004300004d440000005500004152000023
:10cd54005400000045580000540000000d0a000073
:10cd6400454c00004d3300003237000020760000af
:10cd7400312e000034620000000a0000534c000011
:10cd840045450000503a000020250000730a0000c9
:10cd9400574100004b4500003a2000002573000075
:10cda4000056000043480000470000000d25000025
:10cdb400303800006c580000000d000025300000e1
:10cdc40033580000004f00004b53000046000000a1
:10cdd4004f4b000046460000007400006f740000d2
:10cde400616c00005f6c0000656e00003d25000072
:10cdf40030340000582000000025000030320000cc
:10ce0400580000006f6b00004643000046520000cb
:10ce1400414d000045000000454c00004d3300002a
:10ce24003237000020760000312e0000346200000a
:10ce3400002500006c6600002c2500006c660000d4
:10ce4400000000000a41000043540000204100009b
:10ce54004c450000525400000055000041520000af
:10ce640054000000454c00004d33000032370000f0
:10ce740020760000312e0000346200000000000023
:10ce8400564c0000005600004348000047000000d4
:020000040000fa
:10ce94000800fa00300798000000eb00000f78004b
:10cea4000000eb0010079800120037001e009000ed
:10ceb400be009000008040009040780000c2b300a3
:10cec40080cf5000080032001e009000be00900089
:10ced400008040009040780060b521001e004000b2
:10cee400014878001e0fe8001e0090000000e800d2
:10cef400100798001e009000be00900000804000c3
:10cf0400104078000004e000040032009e00780025
:10cf1400a0032000808f5000e4ff360060b521009c
:10cf24001e0040008040eb00014878000000eb0048
:10cf3400200798001d00370061b521002e009000e5
:10cf4400008040009040780000c6b30080cf5000bd
:10cf54001300340061b521002e00900000804000d1
:10cf640090407800a0c7b30080cf50000c003c0074
:10cf740061b521002e009000008040001040780030
:10cf84008040780000ceb30000c0400080407800ac
:10cf940062b521002e009000000041000148780095
:10cfa4002e0090000000e8002007980061b52100e1
:10cfb4002e00900000804000104078000004e00043
:10cfc400ddff3a0060b521009040780030c5b30021
:10cfd40080cf500008003a0070b5210090407800de
:10cfe40040c5b30080cf500003003a0060b5210073
:10cff400620007001700370060b5210090407800f8
:10d0040010c4b30080cf500008003a0070b521006e
:10d014009040780040c5b30080cf500003003a0030
:10d0240060b521006f1407000a00370060b52100c5
:10d034009040780000c3b30080cf500003003a0052
:10d0440060b52100301a070002003700f0c3b300b6
:10d05400cc3a0700d0c0b300ca3a0700f93c070035
:10d064000004e00004003200a0c0b300c53a070089
:10d07400a0c0b300c33a0700e0c3b300c13a07003d
:10d084000080fa00000006000400fa00100798006f
:10d094000000eb00000f7800110037001e0078003c
:10d0a4009e0090000080400090407800f0c2b300e1
:10d0b40080cf5000070034001e0078009e009000ce
:10d0c400008040009040780090c3b30080cf5000af
:10d0d4000200340010c0b300080037001e0fe8003f
:10d0e4001e0078009e0090000080400010407800f0
:10d0f4000004e000e9ff3a000040eb000080fa0081
:10d10400000006000400fa00100798000000eb007d
:10d11400000f7800100037001e0078009e00900079
:10d124000080400010407800ff4f5000070034009a
:10d134001e0078009e00900000804000904078001f
:10d14400f0c7b30080cf500002003a0010c0b30013
:10d15400080037001e0fe8001e0078009e009000b3
:10d1640000804000104078000004e000eaff3a002c
:10d174000040eb000080fa00000006003804fa00ca
:10d18400889fbe008a9fbe006143200000b77800dc
:10d19400604320005200200021be2d006e00780064
:10d1a400fad307000000e00027003a0060432000a3
:10d1b4006e00780065004000003798000e30900043
:10d1c400b1ff07000004e00003003200f0c3b30025
:10d1d4006c3a0700ff133700a20020008000eb0028
:10d1e4000e309000fbd507001037980021379800c7
:10d1f4001e309000ae309000e00f5000e08f5800d9
:10d204000e0032001e319000ae319000f0ff2f006e
:10d2140001002000800f5100818f590007003e005b
:10d224001e309000408f8800f0c4b300553a0700c8
:10d23400b0c4b300533a0700e6133700f0c3b30099
:10d24400503a0700e31337006043200081be2d00ed
:10d254006e00780092d307000000e00008003a0056
:10d26400f0c4b300473a0700b0c4b300453a07001e
:10d27400a0c0b300433a0700cd2a0700d5133700f6
:10d2840060432000f1be2d006e00780084d30700b7
:10d294000000e00008003a00f0c4b300393a070087
:10d2a400b0c4b300373a0700a0c0b300353a070052
:10d2b400612c0700c7133700604320007200200070
:10d2c40061bf2d006e007800b0d307000000e000bd
:10d2d40029003a00f0c4b3002a3a0700b0c4b300ee
:10d2e400283a0700a0c0b300263a070070002000c7
:10d2f400000f7800090037009e0078006780500016
:10d3040061432000ee8078009e80400091407800c8
:10d31400c019b000017778001e0fe80060432000b8
:10d324006e0078001e004000104078000004e00009
:10d3340007003200604320006e0078001e004000a9
:10d3440090407800c0c2b30080cf5000eaff3a009a
:10d35400c01920000e004000a20020008000eb0055
:10d364009cd5070030379800be309000e0bf2d00f8
:10d37400f32b07009713370060432000620020005e
:10d3840021c02d006e00780080d307000000e0006b
:10d3940024003a00604320006e00780066004000dc
:10d3a4009040780000c3b30080cf500007003200e3
:10d3b400604320006e0078006600400090407800d2
:10d3c40010c3b30080cf500012003a00f0c4b30081
:10d3d400ec390700b0c4b300ea390700a0c0b300b9
:10d3e400e8390700604320006e00780066004000c2
:10d3f4009040780010c3b30000c068000080fb00b8
:10d404000000e9004f00de00004078007c2c07009b
:10d414007013370090c02d0000407800d939070000
:10d424006c1337006043200072002000b1c02d004f
:10d434006e00780055d307000000e00025003a0094
:10d44400604320006e007800670040009040780040
:10d4540000c3b30080cf50000700320060432000b7
:10d464006e007800670040009040780010c3b3005d
:10d4740080cf500012003a00f0c4b300c139070055
:10d48400b0c4b300bf390700a0c0b300bd39070062
:10d49400604320006e0078006700400090407800f0
:10d4a40010c3b30000c068000080fb000000e90066
:10d4b4004f00de0000407800382c07004513370089
:10d4c400f0c3b300af390700a0c0b300ad39070003
:10d4d40040133700604320007200200031c12d004a
:10d4e4006e00780029d307000000e0002c003a0009
:10d4f4006000b800009f9900119f99000e01780008
:10d50400421bb000020009000019eb00700020006b
:10d51400100798000c0037001e00900067005000b0
:10d52400614320006e8178009e00900081004100dc
:10d5340091407800001bb000017778001e00900035
:10d544000000e8001007980060432000ee00780017
:10d554001e00900000804000104078000004e000ad
:10d56400edff3a00001b20000e004000a200200046
:10d574008000eb0017d5070040379800f0c4b300d3
:10d5840080390700b0c4b3007e390700a0c0b300df
:10d594007c3907004e309000fa2b07000d1337003a
:10d5a4006043200072002000b1c12d006e0078009d
:10d5b400f6d207000000e0005b003a006000b8000b
:10d5c400509f9900619f99008e017800e31bb00081
:10d5d400020009008019eb006000b80020a7990040
:10d5e40031a799000e037800861cb00002000900e0
:10d5f400001beb0070002000200798000c0037008f
:10d604002e00900067005000614320006e81780076
:10d61400ae0090008100410091407800a01bb00052
:10d62400017778002e0090000000e80020079800a1
:10d6340060432000ee0078002e009000008040003f
:10d64400104078000004e00008003200604320002d
:10d65400ee0078002e00900000804000904078009a
:10d66400c0c2b30080cf5000e5ff3a002e00900006
:10d674000000e800300798000e003700be0090005c
:10d684002e009000008050000000e900614320005b
:10d694006e817800be0090008100410091407800c6
:10d6a400401cb000017778003e0090000000e800c4
:10d6b4003007980060432000ee0078003e009000a0
:10d6c40000804000104078000004e000ebff3a00c6
:10d6d400a01b20000e004000a20020008000eb00f0
:10d6e400bcd4070050379800401c20000e004000b6
:10d6f400a20020008000eb00b6d407006037980039
:10d70400f0c4b3001f390700b0c4b3001d390700cb
:10d71400a0c0b3001b390700ee3090005e309000cb
:10d72400ae2b0700ab1237006043200072002000cc
:10d7340031c22d006e00780094d207000000e00092
:10d744009b003a006000b80070a7990001af9900ef
:10d754008e007800211db000020009008018eb0043
:10d764006000b80040af990051af99000e017800f5
:10d77400c21db000020009000019eb007000200077
:10d784005007980060432000ee0078005e0090008f
:10d7940000804000104078000000fb00b10220002f
:10d7a400810f500003003200d1022000810f50008d
:10d7b40009003a00604320006e00780068004000d1
:10d7c40090417800034f98005e0090000000e8004c
:10d7d4005007980002003700d0c3b300004f9800f0
:10d7e4005e0090000000e80061432000ee807800b5
:10d7f400008040009040780080c5b30080cf500086
:10d8040005003a003370ef005e0090000080e800ed
:10d81400500798000f00370010c0b30033f0b70072
:10d824000c0037005e009000670050006143200048
:10d834006e817800de009000810041009140780004
:10d84400e01cb000017778005e0090000000e80062
:10d854005007980060432000ee0078005e009000be
:10d8640000804000104078000004e000080032000e
:10d8740060432000ee0078005e00900000804000cd
:10d8840090407800c0c2b30080cf5000e5ff3a005a
:10d894005e0090000000e800600798000e0037006a
:10d8a400ee0090005e009000008050000000e9004f
:10d8b400614320006e817800ee00900081004100f9
:10d8c40091407800801db000017778006e009000d0
:10d8d4000000e8006007980060432000ee00780034
:10d8e4006e00900000804000104078000004e000ca
:10d8f400ebff3a00e01c20000e0040000201200073
:10d904008000eb0033d407007037980010c0b300d8
:10d9140033f0b700e01c20000e0040008000eb0054
:10d92400d6d307001081880021818800fe30900042
:10d93400b08180008088b90070379800801d200075
:10d944000e004000a20020008000eb0021d407005c
:10d95400003f98007e3090000000e0000f0035008a
:10d96400fe309000e0ff2000808f50000b003c0050
:10d97400f0c4b30083380700b0c4b3008138070093
:10d98400a0c0b3007f3807000e399000fe3090002d
:10d994000e489000462b07000e123700f0c3b30068
:10d9a40078380700a0c0b3007638070009123700a2
:10d9b4006043200062002000b1c22d006e00780098
:10d9c400f2d107000000e00042003a006000b80015
:10d9d40010b7990021b799000e037800661eb000b5
:10d9e40002000900001beb00600020007007980093
:10d9f4000c0037007e009000660050006143200058
:10da04006e817800fe009000810041009140780012
:10da1400201eb000017778007e0090000000e8002e
:10da24007007980060432000ee0078007e009000ac
:10da340000804000104078000004e000edff3a0050
:10da4400201e20000e0040002200200021c32d00d3
:10da5400ced107000000e00007003200201e2000a5
:10da64000e0040003200200051c32d00c7d1070032
:10da74000000e00012003a00f0c4b300413807008f
:10da8400b0c4b3003f380700a0c0b3003d3807005e
:10da9400201e20000e0040002200200021c32d0083
:10daa400bad1070000f0a7000000ea000000e90076
:10dab4004f00de0000407800782a0700c5113700c7
:10dac400f0c3b3002f380700a0c0b3002d380700ff
:10dad400c0113700604320007200200091c32d0064
:10dae4006e007800a9d107000000e00098003a0019
:10daf4006000b80060b7990071b799008e00780093
:10db0400011fb000020009008018eb006000b8009b
:10db140030bf990041bf99000e017800a21fb000e8
:10db2400020009000019eb0080002000000f98009b
:10db34000e0890000000e80061432000ee807800a9
:10db4400008040009040780080c5b30080cf500032
:10db540005003a003470ef000e0890000080e800e1
:10db6400000f98000f00370010c0b30034f0b70066
:10db74000c0037000e08900068005000614320003c
:10db84006e8178008e0890008100410091407800f9
:10db9400c01eb000017778000e0890000000e80075
:10dba400000f980060432000ee0078000e089000fb
:10dbb40000804000104078000004e00008003200bb
:10dbc40060432000ee0078000e08900000804000c2
:10dbd40090407800c0c2b30080cf5000e5ff3a0007
:10dbe4000e0890000000e800100f98000e003700a7
:10dbf4009e0890000e089000008050000000e9008c
:10dc0400614320006e8178009e08900081004100ed
:10dc140091407800601fb000017778001e089000e2
:10dc24000000e800100f980060432000ee00780028
:10dc34001e08900000804000104078000004e000be
:10dc4400ebff3a00c01e20000e004000020120003d
:10dc54008000eb005fd30700103f980010c0b300b2
:10dc640034f0b700c01e20000e0040008000eb001e
:10dc740002d30700d0808800e18088009e3890009d
:10dc8400b08180008088b900103f9800601f200098
:10dc94000e004000a20020008000eb004dd30700de
:10dca400203f98001e3890000000e000230035005b
:10dcb4009e389000e0ff2000808f50001f003c0041
:10dcc4002e3890000000e0001c0032006043200069
:10dcd4006e0078006700400090407800e0c3b30015
:10dce40080cf500007003200604320006e007800af
:10dcf4006700400090407800c0c3b30080cf50005c
:10dd04000e003a00f0c4b3009e370700b0c4b3005d
:10dd14009c370700a0c0b3009a3707006043200077
:10dd24006e00780067004000104078002e399000a3
:10dd34009e389000442a070026113700f0c3b30030
:10dd440090370700a0c0b3008e37070021113700b9
:10dd5400604320007200200011c42d006e00780082
:10dd64000ad107000000e0009c003a0002202000d5
:10dd7400820147006000b8008089be006400410051
:10dd840080014700020009008019eb00a220200056
:10dd9400820147006000b8008089be006400410031
:10dda4000003470002000900001beb008000200074
:10ddb400200f98002e0890000000e8006143200026
:10ddc400ee807800008040009040780080c5b30069
:10ddd40080cf500005003a003270ef002e0890000a
:10dde4000080e800200f98001000370010c0b30036
:10ddf40032f0b7000d0037002e0890006800500084
:10de0400614320006e817800ae08900081004100db
:10de14009140780002202000000041000177780042
:10de24002e0890000000e800200f980060432000b6
:10de3400ee0078002e08900000804000104078002a
:10de44000004e0000800320060432000ee00780087
:10de54002e0890000080400090407800c0c2b300bb
:10de640080cf5000e4ff3a002e0890000000e80044
:10de7400300f98000f003700be0890002e08900065
:10de8400008050000000e900614320006e817800aa
:10de9400be0890008100410091407800a22020003b
:10dea40000004100017778003e0890000000e8007f
:10deb400300f980060432000ee0078003e08900088
:10dec40000804000104078000004e000eaff3a00bf
:10ded400002020000e004000020120008000eb0022
:10dee400bcd20700303f980010c0b30032f0b70036
:10def400002020000e0040008000eb005fd20700ed
:10df0400f080880001818800be389000b0818000d4
:10df14008088b900303f9800a02020000e00400007
:10df2400a20020008000eb00aad20700403f980026
:10df34003e3890000000e00023003500be38900019
:10df4400f0ff2000808f50001f003c004e389000ee
:10df54000000e0001c003200604320006e007800e6
:10df64006700400090407800e0c3b30080cf5000c9
:10df740007003200604320006e0078006700400014
:10df840090407800c0c3b30080cf50000e003a0028
:10df9400f0c4b300fb360700b0c4b300f936070081
:10dfa400a0c0b300f7360700604320006e0078007d
:10dfb40067004000104078004e399000be38900051
:10dfc400ae29070083103700f0c3b300ed36070015
:10dfd400a0c0b300eb3607007e103700604320007a
:10dfe4006200200091c42d006e00780067d0070005
:10dff4000000e00087003a0042212000820147002f
:10e004006000b8008089be006400410080004700c1
:10e01400020009008018eb00e22120008201470081
:10e024006000b8008089be00640041000001470020
:10e03400020009000019eb0060002000400f980066
:10e044000d0037004e089000660050006143200028
:10e054006e817800ce0890008100410091407800e4
:10e064004221200000004100017778004e08900012
:10e074000000e800400f980060432000ee007800a4
:10e084004e08900000804000104078000004e0003a
:10e094000800320060432000ee0078004e08900033
:10e0a4000080400090407800c0c2b30080cf500090
:10e0b400e4ff3a004e0890000000e800500f98007a
:10e0c4000f003700de0890004e08900000805000da
:10e0d4000000e900614320006e817800de089000b2
:10e0e4008100410091407800e221200000004100bd
:10e0f400017778005e0890000000e800500f980057
:10e1040060432000ee0078005e089000008040002c
:10e11400104078000004e000eaff3a0040212000ab
:10e124000e0040002200200021c32d0017d007005c
:10e134000000e00007003200402120000e004000f3
:10e144003200200051c32d0010d007000000e00071
:10e154002b003a00e02120000e00400022002000a5
:10e1640021c32d0009d007000000e00007003200a1
:10e17400e02120000e0040003200200051c32d0099
:10e1840002d007000000e0001d003a00f0c4b30014
:10e194007c360700b0c4b3007a360700a0c0b300d1
:10e1a40078360700e02120000e0040002200200005
:10e1b40021c32d00f5cf070000f0a7000000ea00fe
:10e1c4000000e9004f00de000044780040212000f8
:10e1d4000e0040002200200021c32d00ebcf0700d9
:10e1e40000f0a7000000ea000000e9004f00de0094
:10e1f4000040780088407800b9280700f50f370000
:10e20400f0c3b3005f360700a0c0b3005d3607005b
:10e21400f00f3700604320005200200001c52d009c
:10e224006e007800d9cf07000000e00087003a00b4
:10e2340082222000820147006000b8008089be006d
:10e244006400410080014700020009008019eb00ce
:10e2540022232000820147006000b8008089be00ac
:10e26400640041000003470002000900001beb00aa
:10e2740050002000600f98000d0037006e089000d9
:10e2840065005000614320006e817800ee08900024
:10e29400810041009140780082222000000041006a
:10e2a400017778006e0890000000e800600f980085
:10e2b40060432000ee0078006e089000008040006b
:10e2c400104078000004e0000800320060432000a1
:10e2d400ee0078006e0890000080400090407800c6
:10e2e400c0c2b30080cf5000e4ff3a006e08900033
:10e2f4000000e800700f98000f003700fe0890003f
:10e304006e089000008050000000e9006143200086
:10e314006e817800fe0890008100410091407800f1
:10e324002223200000004100017778007e0890003d
:10e334000000e800700f980060432000ee007800b1
:10e344007e08900000804000104078000004e00047
:10e35400eaff3a00802220000e0040002200200044
:10e3640021c32d0089cf07000000e0000700320020
:10e37400802220000e0040003200200051c32d00f6
:10e3840082cf07000000e0002b003a002023200089
:10e394000e0040002200200021c32d007bcf070087
:10e3a4000000e00007003200202320000e0040009f
:10e3b4003200200051c32d0074cf07000000e0009c
:10e3c4001d003a00f0c4b300ee350700b0c4b3003a
:10e3d400ec350700a0c0b300ea3507002023200075
:10e3e4000e0040002200200021c32d0067cf07004b
:10e3f40000f0a7000000ea000000e9004f00de0082
:10e4040000447800802220000e00400022002000fa
:10e4140021c32d005dcf070000f0a7000000ea0033
:10e424000000e9004f00de000040780088407800da
:10e434000f280700670f3700f0c3b300d13507007a
:10e44400a0c0b300cf350700620f3700604320003f
:10e454004200200061c52d006e0078004bcf0700fc
:10e464000000e00054003a00604320006e00780091
:10e4740064004000503f98005e38900002fb0700a3
:10e484000004e00003003200f0c3b300bd35070010
:10e49400500f3700a20020008000eb005e3890008f
:10e4a4004cd10700008d8800118d8800028d8000fa
:10e4b400138d80006002200001002000800f5100b5
:10e4c400818f590039003600028d8000138d800041
:10e4d4000068290081092000800f5100818f5900b4
:10e4e40032003e00008d8000118d8000b2340700a0
:10e4f400e0818800f1818800e2818000f38180005e
:10e504003000200001002000800f5100818f59004d
:10e5140023003e00b0c52d00a6350700800c200066
:10e52400903a0700008d8000118d80008934070027
:10e53400008d8000118d8000f08e8800018f88008e
:10e54400800c2000873a0700f0c52d00993507009c
:10e55400ea34070040f0b70040d0bf00ed4f500050
:10e5640007003a00e0c62d0092350700008d8000b8
:10e57400118d8000208d8800318d8800150f3700a3
:10e58400208d8000318d800072340700208d800042
:10e59400318d8000f08e8800018f88000d0f3700c8
:10e5a400f0c3b300773507000a0f3700f0c3b30098
:10e5b40074350700070f3700604320005200200025
:10e5c40021c72d006e007800f0ce07000000e000a7
:10e5d40048003a00604320006e0078006500400067
:10e5e400603f98006e389000a7fa07000004e0002e
:10e5f40003003200f0c3b30062350700f50e3700a4
:10e60400a20020008000eb006e389000f1d00700db
:10e61400008d8800118d8800028d8000138d80008c
:10e624005002200001002000800f5100818f59000a
:10e634002d003600028d8000138d800000682900b3
:10e6440081092000800f5100818f590026003e006f
:10e65400008d8000118d800057340700e081880010
:10e66400f1818800e2818000f38180003000200085
:10e6740001002000800f5100818f590017003e00d7
:10e68400f0c4b3003f350700b0c4b3003d35070004
:10e69400d0c0b3003b3507006a3707000004e00030
:10e6a40002003200a0c0b30036350700800c200001
:10e6b4002c3a0700008d8000118d8000253407005e
:10e6c400008d8000118d8000f08e8800018f8800fd
:10e6d400800c2000233a0700be0e3700f0c3b300bd
:10e6e40028350700bb0e3700f0c3b30025350700fb
:10e6f400b80e3700604320005200200081c72d006f
:10e704006e007800a1ce07000000e00039003a0056
:10e71400604320006e00780065004000703f980060
:10e724007e38900058fa07000004e000030032002d
:10e73400f0c3b30013350700a60e3700a200200073
:10e744008000eb007e389000a2d00700008798007c
:10e75400118798000e8090009e809000e00f50007a
:10e76400e08f5800070032000e8190009e819000d7
:10e774001000200001002000800f5100818f5900fb
:10e7840019003a000e8090009e809000e00f500027
:10e79400e08f580006003a009e71ef00f0c4b30009
:10e7a400f8340700b0c4b300f6340700890e37000c
:10e7b4000e8190009e819000100020000100200036
:10e7c400800f5100818f5900730e3a0010c0b300be
:10e7d4009ef1b700f0c4b300ea340700b0c4b3003c
:10e7e400e83407007b0e3700f0c3b300e5340700bc
:10e7f400780e370060432000e1c72d006e007800da
:10e8040027ce07000000e00011003a00c2b78000e4
:10e81400d3b7800022879800338798002e80900019
:10e82400be809000809fbe0050c82d00801f7800dd
:10e8340020b92100adcd0700e687570020b921009b
:10e84400dc34070090c82d00da340700610e37006d
:10e8540060432000c1c82d006e00780010ce070070
:10e864000000e0000d003a00f08e8000018f80006f
:10e87400c0b78800d1b788005071210080c0eb0078
:10e88400014878006f1b0700f0c4b300bd340700d3
:10e89400b0c4b300bb3407004e0e37006043200001
:10e8a40021c92d006e007800fdcd07000000e000b6
:10e8b40003003a0060102200be340700450e370002
:10e8c4006043200071c92d006e007800f4cd07006c
:10e8d4000000e0003f0e320060432000f1c92d002b
:10e8e4006e007800eecd07000000e00003003a005f
:10e8f40060112200af340700360e37006043200059
:10e904006200200031ca2d006e0078001fce07007f
:10e914000000e0000f003a00604320006e00780021
:10e9240066004000408798004e809000f5f907008b
:10e934000004e00003003200f0c3b3009134070088
:10e94400240e3700ce80900030ca2d0071150700c8
:10e95400200e37006043200052002000a1ca2d0081
:10e964006e00780009ce07000000e0000f003a00b6
:10e97400604320006e0078006500400050879800d6
:10e984005e809000dff907000004e000030032001d
:10e99400f0c3b3007b3407000e0e3700de80900016
:10e9a400a0ca2d005b1507000a0e37006043200043
:10e9b40001cb2d006e007800b9cd07000000e00007
:10e9c40003003a00601422007a340700010e370075
:10e9d400604320005200200051cb2d006e007800cf
:10e9e400eacd07000000e0001b003a00604320006d
:10e9f4006e00780065004000608798006e8090008b
:10ea0400cacd0700604f99006e809000bdf90700e1
:10ea14000004e00003003200f0c3b30059340700df
:10ea2400ec0d37006e4891000004e000070032004e
:10ea3400c0772100ee809000a4cd070090c82d007f
:10ea44005c340700ff1a0700e20d3700f0c3b3007f
:10ea54004c340700df0d37006043200062002000c3
:10ea6400b1cb2d006e007800c8cd07000000e00097
:10ea74002e013a00604320006e00780066004000da
:10ea8400008f98000e8890009ef907000004e000b3
:10ea940003003200f0c3b3003a340700cd0d370051
:10eaa400900323000100200000179800111798001c
:10eab400e029200001002000201798003117980059
:10eac4000000eb00108f9800002420000000470095
:10ead400c2c2b3008e889000b7380700002420001b
:10eae4000080e8006e00780032340700a0c0b30054
:10eaf4002434070000242000640040006e007800e5
:10eb04002c340700a0c0b3001e34070000242000ea
:10eb14006e007800801f780020cc2d00801f7800c4
:10eb240020b92100f1cc0700e487570020b9210067
:10eb340020340700a0c0b3001234070000242000d2
:10eb44006e007800e20f5000ca003c000024200050
:10eb54000080e800ee0078006025200000004700f7
:10eb6400e2c2b30094380700602520000080e8006a
:10eb74006e007800a20020008000eb0095cf070013
:10eb8400208f9800318f9800be889000803e20002e
:10eb94008089b9002e889000e000b900000141008e
:10eba400ae889000803e20000008b80001014100ba
:10ebb40082007800208f9800318f9800208f980071
:10ebc400318f98002e899000be899000021798001a
:10ebd40013179800602520006e007800e20f5000a3
:10ebe40051003a0060252000640040006e00780067
:10ebf400a20020008000eb0076cf070040179800a9
:10ec04005117980060252000640040006e007800d1
:10ec140046cd07008000eb00408f9800518f98008c
:10ec24004e119000de1190009000200001002000a1
:10ec3400800f5100818f590017003e004e899000cb
:10ec4400de8990001000200001002000800f510098
:10ec5400818f590010003a00de1090004006200019
:10ec64008089b9004e109000e000b9000001410015
:10ec7400ce109000400620000008b80001014100b9
:10ec840082007800401798005117980040179800a8
:10ec9400511798001c0037004e119000de119000af
:10eca4003006200001002000800f5100818f5900a0
:10ecb40015003e004e899000de899000200020005f
:10ecc40001002000800f5100818f59000e003a008e
:10ecd4005e109000ea01b9004e109000e000b90007
:10ece40000014100ce109000a00020000008b800f0
:10ecf40001014100820078004017980051179800e4
:10ed040040179800511798000e1190009e11900022
:10ed14004e109000de1090000200400083804800f6
:10ed24000017980011179800002420006400400088
:10ed3400ee007800c026200000004700e2c2b300c5
:10ed44001d380700c02620000080e8006e0078000f
:10ed5400a20020008000eb001ecf0700608f980007
:10ed6400718f9800fe889000400620008089b900c9
:10ed74006e889000e000b90000014100ee88900028
:10ed8400400620000008b80001014100820078001c
:10ed9400608f9800718f9800608f9800718f980031
:10eda4006e899000fe89900022179800331798000e
:10edb400c02620006e007800e20f50002f003a00b9
:10edc400c0262000640040006e007800a2002000ed
:10edd4008000eb00ffce07006017980071179800c1
:10ede400c0262000640040006e007800cfcc0700ed
:10edf4008000eb0000979800119798006e11900026
:10ee0400fe1190009000200001002000800f5100ae
:10ee1400818f59000e003e007e109000ea01b90077
:10ee24006e109000e000b90000014100ee10900067
:10ee3400a00020000008b800010141008200780011
:10ee44006017980071179800601798007117980060
:10ee54002e119000be1190006e109000fe109000d4
:10ee64000200400083804800201798003117980062
:10ee740002003700f0c3b30042330700b021210081
:10ee84008040eb00014878000e1190009e11900024
:10ee9400e2908800f39088002e119000be1190003b
:10eea4000291880013918800e0908000f190800026
:10eeb400209798000091800011918000309798006d
:10eec4000637070020918800a0c0b3002d33070047
:10eed400ae919000831f780020cc2d00801f780015
:10eee40020b9210001cc0700e487570020b9210094
:10eef40030330700a0c0b300223307003e939000d4
:10ef0400861f780020cc2d00801f780020b92100b6
:10ef1400f6cb0700e487570020b92100253307000a
:10ef240090c82d0023330700aa0c3700604320004b
:10ef340051cc2d006e00780059cc07000000e00091
:10ef440013003a00e536070040979800ce909000f1
:10ef5400f0ff2000808f50000a003e00ce90900009
:10ef6400811f7800b0cc2d00801f780020b92100cb
:10ef7400decb0700e487570020b921000d330700da
:10ef8400940c3700f0c3b300fe320700910c370035
:10ef94006043200042002000e1cc2d006e00780088
:10efa4007acc07000000e0008b003a0060432000a8
:10efb4006e00780064004000509798005e909000c6
:10efc40031f807000004e00003003200f0c3b3008e
:10efd400ec3207007f0c3700c036070060979800ba
:10efe4006e9090006101b800e0908000f190800084
:10eff400809ab900828bb90086027800050242002b
:10f004000010b800010242008400780022918000c0
:10f014008001eb009dc7070070979800fe90900058
:10f02400803e200000017800110009008280d80091
:10f034008000fd00001f9800a20020008000eb006b
:10f044005e90900063ce0700207798002e709000a9
:10f054000004e00003003a000040eb002077980031
:10f06400220037002e709000e14f500009003a0052
:10f0740010c0b300207798000e189000c200de0084
:10f08400b04721000008b8000100d100001f98001b
:10f09400160037002e709000e24f500008003a002e
:10f0a40020c0b300207798008e189000d0cc2c009c
:10f0b4000008b8004308de00001f98000b0037006a
:10f0c4002e709000e34f500003003a0030c0b300ac
:10f0d40020779800050037008e189000d0cc2c00c3
:10f0e4000008b8004308de00001f98007e909000de
:10f0f400e10f40001b003a002e7090000080fb00de
:10f10400e10f50000d003200e10f500003003c00fd
:10f114000000e000060032002e0c3700e20f500021
:10f1240009003200e30f50000b003200290c3700b5
:10f1340030cd2d009f320700260c370070cd2d00f6
:10f144009c320700230c3700c0cd2d0099320700f4
:10f15400000000001f0c370020ce2d009532070060
:10f164001c0c37007e909000c300de00500c22007f
:10f174000008b8004408de00709798002e709000d4
:10f184000004e0000a0032008e199000831f78000a
:10f194007e939000861f780090ce2d00801f78000b
:10f1a40020b9210051cb0700e6875700070037003c
:10f1b400fe909000811f780020cc2d00801f7800e5
:10f1c40020b9210049cb0700e487570020b921006a
:10f1d40078320700ff0b370060432000f1ce2d008a
:10f1e4006e007800aecb07000000e00047003a0054
:10f1f4004230ef004430ef00de34070046f0b70041
:10f2040046d0bf000080fb006101b90050ff2f0011
:10f21400f1ff2f00020040008380480052032000c9
:10f2240003002000820f5000838f5800dc0b3e0047
:10f2340000060100dc0b3700db0b3700da0b37006c
:10f24400d90b3700d80b3700d70b3700d60b370054
:10f25400d50b3700d40b3700d30b3700d20b370054
:10f26400d10b3700d00b3700cf0b3700ce0b370054
:10f27400cd0b3700cc0b3700cb0b3700ca0b370054
:10f28400c90b3700c80b3700c70b3700c60b370054
:10f29400c50b3700c40b3700c30b3700c20b370054
:10f2a400c10b3700c00b3700bf0b3700be0b370054
:10f2b400bd0b3700bc0b3700bb0b3700ba0b370054
:10f2c400b90b3700b80b3700b70b3700b60b370054
:10f2d400b50b3700b40b3700b30b3700b20b370054
:10f2e400b10b3700b00b3700af0b3700ae0b370054
:10f2f400ad0b3700ac0b3700ab0b3700aa0b370054
:10f30400a90b3700a80b3700a70b37006043200078
:10f314005200200061cf2d006e0078009bcb0700c7
:10f324000000e00056003a00604320006e007800c0
:10f3340065004000009f98000e98900052f7070067
:10f344000004e00003003200f0c3b3000d320700f4
:10f35400a00b3700a20020008000eb000e98900064
:10f364009ccd070010828800218288008134070028
:10f3740046f0b70046d0bf000080fb006101b90031
:10f3840050ff2f00f1ff2f0002004000838048004f
:10f394005203200003002000820f5000838f580086
:10f3a400830b3e0000060100830b3700820b3700fd
:10f3b400810b3700800b37007f0b37007e0b370043
:10f3c4007d0b37007c0b37007b0b37007a0b370043
:10f3d400790b3700780b3700770b3700760b370043
:10f3e400750b3700740b3700730b3700720b370043
:10f3f400710b3700700b37006f0b37006e0b370043
:10f404006d0b37006c0b37006b0b37006a0b370042
:10f41400690b3700680b3700670b3700660b370042
:10f42400650b3700640b3700630b3700620b370042
:10f43400610b3700600b37005f0b37005e0b370042
:10f444005d0b37005c0b37005b0b37005a0b370042
:10f45400590b3700580b3700570b3700560b370042
:10f46400550b3700540b3700530b3700520b370042
:10f47400510b3700500b37004f0b37004e0b370042
:10f484006043200052002000c1cf2d006e007800a0
:10f494003ecb07000000e00003003a0090c82d00b6
:10f4a400c43107004b0b37006043200021d02d00ee
:10f4b4006e007800faca07000000e000450b320035
:10f4c4006043200071d02d006e007800f4ca07005c
:10f4d4000000e00085003a002634070046f0b7003b
:10f4e40046d0bf000080fb006101b90050ff2f002f
:10f4f400f1ff2f00020040008380480052032000e7
:10f5040003002000820f5000838f58002c0b3e0014
:10f514000006010035003700370037002a0b37009a
:10f52400290b3700280b3700270b3700260b370031
:10f53400250b3700240b3700230b3700310037002d
:10f544003300370035003700370037003900370003
:10f554001d0b37001c0b37001b0b37001a0b370031
:10f56400190b370036003700380037003a003700ef
:10f574003c0037003e00370040003700120b3700d4
:10f58400110b3700100b37000f0b37000e0b370031
:10f594000d0b37000c0b37000b0b37000a0b370031
:10f5a400090b3700080b3700070b3700060b370031
:10f5b400050b3700340037003600370038003700b9
:10f5c4003a003700000b3700ff0a3700fe0a370005
:10f5d400fd0a3700fc0a3700fb0a37003600370003
:10f5e400380037003a0037003d003700d0d02d00f6
:10f5f40070310700f70a3700c0d12d006d310700c4
:10f60400f40a3700b0d22d006a310700f10a37003e
:10f6140050d32d0067310700ee0a370080d42d0047
:10f6240064310700eb0a370030d52d006131070043
:10f63400e80a370070d62d005e310700e50a37006e
:10f6440090d72d005b310700e20a370070d92d00f6
:10f6540058310700df0a370050db2d005531070011
:10f66400dc0a370030dd2d0052310700d90a37009b
:10f6740010df2d004f310700d60a3700f0e02d00cf
:10f684004c310700d30a3700d0e22d00493107007e
:10f69400d00a3700b0e42d0046310700cd0a370008
:10f6a40090e62d0043310700ca0a370070e82d00a8
:10f6b40040310700c70a370050ea2d003d310700ea
:10f6c400c40a370020ec2d003a310700c10a370084
:10f6d400f0ed2d003731070000000000bd0a3700af
:10f6e400c0ef2d0033310700ba0a37006043200011
:10f6f40091f12d006e00780069ca07000000e00057
:10f704000d003a009b33070046f0b70046d0bf0017
:10f714000080fb00801f7800e0f12d00801f78003e
:10f7240020b92100f1c90700e487570020b921005e
:10f7340020310700a70a3700604320006200200040
:10f7440011f22d006e00780090ca07000000e0005e
:10f7540025003a00604320006e00780066004000f7
:10f76400109f98001e98900047f607000004e000e0
:10f7740003003200f0c3b30002310700950a3700da
:10f78400a20020008000eb001e98900091cc07009e
:10f79400209f9800319f98002e989000be9890006a
:10f7a400e00f5000e08f58000c0032002e999000ba
:10f7b400be999000f0ff2f0001002000800f51003f
:10f7c400818f590005003e002e98900040918800da
:10f7d40090c82d00f73007007e0a370090c02d0036
:10f7e400f43007007b0a37006043200062002000e9
:10f7f40081f22d006e00780064ca07000000e0006a
:10f8040025003a00604320006e0078006600400046
:10f81400409f98004e9890001bf607000004e000fb
:10f8240003003200f0c3b300d6300700690a370082
:10f83400a20020008000eb004e98900065cc0700e9
:10f84400509f9800619f98005e989000ee989000f9
:10f85400e00f5000e08f58000c0032005e999000d9
:10f86400ee999000f0ff2f0001002000800f51005e
:10f87400818f590005003e005e98900050918800e9
:10f8840090c82d00cb300700520a370090c02d00dd
:10f89400c83007004f0a37006043200052002000a0
:10f8a400f1f22d006e00780038ca07000000e00075
:10f8b40025003a00604320006e0078006500400097
:10f8c400709f98007e989000eff507000004e00018
:10f8d40003003200f0c3b300aa3007003d0a37002a
:10f8e400a20020008000eb007e98900039cc070035
:10f8f40000a7980011a798000ea090009ea0900069
:10f90400e00f5000e08f58000c0032000ea1900070
:10f914009ea19000f0ff2f0001002000800f5100f5
:10f92400818f590005003e000ea0900030918800a0
:10f9340090c82d009f300700260a3700f0c3b3009b
:10f9440090300700230a3700604320005200200053
:10f9540051f32d006e0078000cca07000000e0008f
:10f964001c0a32006043200052002000a1f32d0045
:10f974006e00780005ca07000000e000150a320096
:10f984006043200052002000e1f32d006e00780057
:10f99400fec907000000e00060003a006043200058
:10f9a4006e0078006500400020a798002ea090000b
:10f9b400d4f507000004e00003003200f0c3b300f4
:10f9c40070300700030a3700202820000000470099
:10f9d400c2c2b300aea09000f73407002028200074
:10f9e4006e007800e10f500016003a002028200035
:10f9f4000080e8006e007800a20020008000eb0088
:10fa0400f4cb070030a7980041a798003ea09000cf
:10fa1400cea09000e00f5000e08f580006003a009e
:10fa2400203021008040eb000148780090c82d0070
:10fa34006030070035003700f0c3b30051300700d1
:10fa440032003700202820006e007800e20f5000ba
:10fa54002c003a00202820000080e8006e00780086
:10fa6400a20020008000eb00dacb070050a798002a
:10fa740061a7980020282000640040006e007800f0
:10fa8400020120008000eb00d2cb070070a7980091
:10fa940001af98005ea19000eea19000100020003c
:10faa40001002000800f5100818f590012003a009c
:10fab4005ea19000eea19000200020000100200033
:10fac400800f5100818f59000b003a005ea0900016
:10fad4008040780020302100014878007ea090000a
:10fae40080407800303021000148780090c82d0013
:10faf4003030070005003700f0c3b30021300700a1
:10fb040002003700f0c3b3001e3007002028200095
:10fb14000e004000da340700ae09370060432000cd
:10fb24007200200041f42d006e00780097c9070090
:10fb34000000e000ff003a00604320006e007800ff
:10fb44006700400010af98001ea890006df50700f4
:10fb54000004e00003003200f0c3b30009300700e2
:10fb64009c0937008029200000004700c2c2b3006e
:10fb74009ea8900090340700802920006e00780031
:10fb8400e20f5000e8003a00802920000080e800dd
:10fb94006e00780065c9070040d7990080292000cd
:10fba400640040006e00780060c9070050d79900d7
:10fbb400ced091005ed0910080cf5000030032007f
:10fbc400f0c3b300ef2f0700820937004ed0910035
:10fbd400e34f5000030032004ed09100e84f500034
:10fbe40043003a00802920000080e8006e0078007d
:10fbf400020120008000eb0076cb070030b79800ac
:10fc040041b7980080292000640040006e0078000d
:10fc1400020120008000eb006ecb070050b7980073
:10fc240061b798004030210090407800b0c3b30021
:10fc340080cf50002b003e0040302100104078005f
:10fc44000080fb0073004000c400dd00601d210043
:10fc5400008040003eb19000ceb190000288be000a
:10fc640040302100104078000080fb00c400dd001b
:10fc7400a0302100008140006000b8000089be006f
:10fc840040302100104078000080fb00c400dd00fb
:10fc9400e0302100008040005eb19000eeb19000a1
:10fca4000288be0040302100104078000080fb0034
:10fcb400c400dd0020312100008140006000b80054
:10fcc4000089be0040302100104078008040e800e8
:10fcd400403021000148780090c82d00b52f07005e
:10fce4003c093700c0f42d00b22f07003909370052
:10fcf4004ed09100e54f5000030032004ed09100e9
:10fd0400ea4f500085003a00802920000080e80076
:10fd14006e007800020120008000eb002dcb07006c
:10fd240030af980041af9800802920006400400063
:10fd34006e007800020120008000eb0025cb070054
:10fd440050af980061af9800802920000080e8003f
:10fd5400ee0078004ed091000080fb000080e900a6
:10fd6400008040008040eb0001487800802920009a
:10fd740064004000ee0078005ed091000080fb003b
:10fd84000080e900008040008040eb0001487800da
:10fd9400802920000080e8006e0078000201200025
:10fda4008000eb000bcb070070af980001b7980000
:10fdb40080292000640040006e00780002012000c9
:10fdc4008000eb0003cb070010b7980021b7980020
:10fdd4004030210090407800b0c3b30080cf500081
:10fde4004b003e003ea99000cea99000f00f2000e9
:10fdf40001002000020278000301780080017800ed
:10fe040081007800030062008100610081057800b0
:10fe1400000578000a00be0030af980041af98009a
:10fe24005ea99000eea99000f00f200001002000d0
:10fe340002027800030178008001780081007800d4
:10fe440003006200810061008104780000047800ee
:10fe54000800be0050af980061af98004030210008
:10fe6400104078000080fb0073004000c400dd00f7
:10fe7400601d2100008040007ea990008eb190009a
:10fe84000288be0040302100104078000080fb0052
:10fe9400c400dd00a0302100008040003ea9900095
:10fea400cea990000288be004030210010407800a6
:10feb4000080fb00c400dd00e03021000080400031
:10fec4001eb19000aeb190000288be004030210007
:10fed400104078000080fb00c400dd0020312100c8
:10fee400008040005ea99000eea990000288be0048
:10fef40040302100104078008040e800403021006c
:10ff04000148780090c82d002a2f0700b108370057
:10ff1400c0f42d00272f0700ae083700f0c3b3004c
:10ff2400182f0700ab083700f0c3b300152f0700e4
:10ff3400a808370060432000a1f52d006e0078006a
:10ff440057c807000000e00006003a0040302100d6
:10ff54008040eb000148780090c82d00152f070061
:10ff64009c083700604320005200200021f62d0039
:10ff74006e00780085c807000000e00022003a0007
:10ff8400604320006e0078006500400070b7980060
:10ff94007eb090003cf407000004e000030032004f
:10ffa400f0c3b300f72e07008a083700a200200030
:10ffb4008000eb007eb0900086ca070000bf980066
:10ffc40011bf98000eb990009eb990002000200047
:10ffd40001002000800f5100818f590007003e006e
:10ffe4000eb8900080407800406d210001487800f0
:10fff40090c82d00ef2e07007608370090c02d0022
:020000040001f9
:10000400ec2e0700730837006043200072002000c4
:1000140081f62d006e0078005cc807000000e00047
:1000240027003a00604320006e007800670040001b
:1000340020bf98002eb8900013f407000004e000dd
:1000440003003200f0c3b300ce2e0700610837006e
:10005400a20020008000eb002eb890005dca0700cb
:1000640030bf980041bf98003eb89000ceb89000d1
:10007400e00f5000e08f5800070032003eb99000b6
:10008400ceb990001000200001002000800f510024
:10009400818f590007003a003eb8900080407800f4
:1000a400702f21000148780090c82d00c12e070050
:1000b40048083700f0032000be2e0700450837002b
:1000c400604320007200200001f72d006e007800cc
:1000d4002ec807000000e00027003a00604320001b
:1000e4006e0078006700400050bf98005eb8900032
:1000f400e5f307000004e00003003200f0c3b3009e
:10010400a02e070033083700a20020008000eb0077
:100114005eb890002fca070060bf980071bf9800b6
:100124006eb89000feb89000e00f5000e08f5800c9
:10013400070032006eb99000feb990001000200054
:1001440001002000800f5100818f590007003a0000
:100154006eb8900080407800802f2100014878001c
:1001640090c82d00932e07001a083700f0c3b3007f
:10017400842e070017083700604320006200200027
:1001840081f72d006e00780000c807000000e00031
:1001940087003a00604320006e007800660040004b
:1001a400000799000e009100d6f307000004e00058
:1001b40003003200f0c3b300722e070005083700b5
:1001c400e02a200000004700e2c2b3008e00910044
:1001d400f9320700e02a20006e007800e10f500099
:1001e40010003a00e02a20000080e8006e00780049
:1001f400a20020008000eb00f6c907001007990058
:10020400210799001e009100ae00910008c3070069
:10021400f09788000198880090c82d00652e07008b
:10022400ec073700e02a20006e007800e20f50004f
:100234005c003a006000b80030079900410799005b
:10024400e02a2000640040006e007800b7c7070071
:10025400204f9a001000200001002000201f980069
:10026400311f98000040eb00007f98000040eb0035
:10027400007f9800110037003e189000ea01b90091
:100284002e189000e000b90000014100ae18900063
:10029400a00020000008b80001014100820078009d
:1002a400201f9800311f9800201f9800311f9800cc
:1002b4000e7890000040e800007f98008e7890004f
:1002c4002e48920080cf5000ebff3900e02a200036
:1002d4000080e8006e007800a20020008000eb009f
:1002e400bcc907006007990071079900e02a200043
:1002f400640040006e007800a20020008000eb0043
:10030400b4c90700000f9900110f99006e01910004
:10031400fe019100220f9900330f99000e099100fc
:100324009e099100420f9900530f99004e089100c5
:10033400de089100bec2070030079900410799000a
:100344002e189000be189000b9c207000001be002c
:100354003e009100ce009100cac307003007990007
:10036400410799002e089100be089100b0c2070011
:100374000001be003e009100ce009100dcc20700e7
:1003840030079900410799003e019100ce01910088
:10039400f29788000398880090c82d00052e070066
:1003a4008c073700f0c3b300f62d07008907370028
:1003b4006043200062002000f1f72d006e007800f9
:1003c40072c707000000e0002e003a0060432000de
:1003d4006e00780066004000600f99006e0891007e
:1003e40048f307000004e00003003200f0c3b30048
:1003f400e42d070077073700402c20000000470059
:10040400c2c2b300ee0891006b320700402c2000fa
:100414006e007800e20f500017003a00402c2000d4
:100424000080e8006e007800a20020008000eb004d
:1004340068c90700700f990001179900402c20002b
:10044400640040006e007800a20020008000eb00f1
:1004540060c9070010179900211799007e089100c0
:10046400d09788001e109100e097880090c82d0056
:10047400d02d070057073700f0c3b300c12d070084
:10048400540737006043200061f82d006e007800a7
:1004940003c707000000e0000e003a00a91d070092
:1004a40030179900411799003e109100ce10910029
:1004b400809fbe00d0f82d00801f780020b9210055
:1004c4008ac60700e687570020b92100b92d070026
:1004d40040073700604320005200200021f92d001e
:1004e4006e00780029c707000000e0002a003a00e7
:1004f400604320006e0078006500400050179900aa
:100504005e10910009c70700406f9a005e109100c9
:10051400fcf207000004e00003003200f0c3b30063
:10052400982d07002b0737004e689200e64f5000c5
:1005340016003a00020120008000eb005e109100da
:1005440024c9070070179900011f99007e119100ba
:100554008e199100f0ff2f00f10f2000800f510041
:10056400818f590006003e007e1091008e18910084
:100574004f1d070090c82d008e2d0700150737006a
:10058400f0c3b3007f2d070012073700f0c3b30098
:100594007c2d07000f073700604320005200200025
:1005a40081f92d006e007800f8c607000000e00015
:1005b400080732006043200052002000c1f92d00da
:1005c4006e007800f1c607000000e0000107320069
:1005d4006043200011fa2d006e007800b0c60700b9
:1005e4000000e0000a003a00102321008040eb00e4
:1005f40001487800202321008040eb000148780066
:10060400302321008040eb0001487800f1063700d8
:100614006043200071fa2d006e007800a0c6070028
:100624000000e00004003a000023210011c0b300e0
:1006340001487800e706370060432000520020009c
:10064400c1fa2d006e007800d0c607000000e0005b
:10065400e7003a00604320006e0078006500400027
:10066400101f99001e189100a6f207000004e00074
:1006740003003200f0c3b300422d0700d506370053
:10068400a02d200000004700c2c2b3009e189100b4
:10069400c9310700a02d20006e007800e20f500041
:1006a400d0003a00a02d20000080e8006e00780001
:1006b4009ec6070040779a00a02d200064004000e9
:1006c4006e00780099c6070050779a00ce709200a9
:1006d4005e70920080cf500003003200f0c3b3007c
:1006e400282d0700bb0637004e7092000080fb00e7
:1006f40061006000004078000004e00082003200e5
:100704004e709200ea4f50007f003e003e18910068
:1007140001c3b300014878000000eb00501f9800ab
:100724000e0037005e1890000000e800be1891002b
:1007340000804000a12d20008180e8006e817800b7
:10074400de18900081004100914078000148780053
:100754005e1890000000e800501f98004e70920050
:100764008080fb005e189000808f5000edff3c00fd
:100774004e7092000040e80040779a004e7092005c
:100784000080fb00be189100008040008040eb0018
:1007940001487800a02d20000080e8006e00780059
:1007a400be18910049c607003e18910001c3b3006a
:1007b400014878000000eb00601f98000e0037002d
:1007c4006e1890000000e800be1891000080400000
:1007d400a12d2000e48040006e817800ee18900086
:1007e4008100410091407800014878006e18900023
:1007f4000000e800601f98005e7092008080fb009b
:100804006e189000808f5000edff3c005e709200e7
:100814000040e80050779a005e7092000080fb0070
:10082400be189100008040008040eb000148780031
:10083400a02d2000640040006e007800be189100d6
:1008440022c60700a02d20000080e8006e0078007a
:10085400020120008000eb005ec80700401f9900e1
:10086400511f9900a02d2000640040006e00780004
:10087400020120008000eb0056c80700601f9900a9
:10088400711f99001023210010407800e74f500099
:100894001a003e0010232100104078000080fb0065
:1008a400c300dd0040232100008040004e19910068
:1008b400de1991000288be00102321001040780048
:1008c4000080fb00c300dd00802321000080400085
:1008d4006e199100fe1991000288be0010232100b8
:1008e400104078008040e80010232100014878007f
:1008f40090c82d00af2c070036063700c0f42d0039
:10090400ac2c0700330637004e709200ea4f5000bb
:1009140031003e00a02d20000080e8006e00780029
:10092400020120008000eb002ac80700002799007c
:1009340011279900a02d2000640040006e0078006b
:10094400020120008000eb0022c807002027990044
:10095400312799001023210010407800e74f500000
:100964001a003e0010232100104078000080fb0094
:10097400c300dd0040232100008040000e219100cf
:100984009e2191000288be001023210010407800af
:100994000080fb00c300dd008023210000804000b4
:1009a4002e219100be2191000288be001023210057
:1009b400104078008040e8001023210001487800ae
:1009c40090c82d007b2c070002063700c0f42d00d0
:1009d400782c0700ff053700f0c3b300692c07002b
:1009e400fc053700f0c3b300662c0700f905370097
:1009f4006043200021fb2d006e007800a8c507008d
:100a04000000e00004003a00102321008040eb00c5
:100a140001487800ef0537006043200062002000a1
:100a240081fb2d006e007800d8c507000000e000af
:100a3400e7003a00604320006e0078006600400042
:100a4400402799004e209100aef107000004e00019
:100a540003003200f0c3b3004a2c0700dd05370061
:100a6400002f200000004700c2c2b300ce20910036
:100a7400d1300700002f20006e007800e20f5000f4
:100a8400d0003a00002f20000080e8006e007800bb
:100a9400a6c5070020cf9a00002f20006400400064
:100aa4006e007800a1c5070030cf9a00aec892004e
:100ab4003ec8920080cf500003003200f0c3b30060
:100ac400302c0700c30537002ec892000080fb00bd
:100ad40061006000004078000004e0008200320001
:100ae4002ec89200ea4f50007f003e006e20910015
:100af40001c3b300014878000000eb00701f9800a8
:100b04000e0037007e1890000000e800ee209100ef
:100b140000804000012f20008180e8006e81780071
:100b2400fe1890008100410091407800014878004f
:100b34007e1890000000e800701f98002ec89200f4
:100b44008080fb007e189000808f5000edff3c00f9
:100b54002ec892000040e80020cf9a002ec89200d0
:100b64000080fb00ee209100008040008040eb00fc
:100b740001487800002f20000080e8006e00780013
:100b8400ee20910051c507006e20910001c3b3000f
:100b9400014878000000eb00002798000e003700a1
:100ba4000e2090000000e800ee209100008040003c
:100bb400012f2000e48040006e8178008e20900098
:100bc4008100410091407800014878000e20900097
:100bd4000000e800002798003ec892008080fb00d7
:100be4000e209000808f5000edff3c003ec8920024
:100bf4000040e80030cf9a003ec892000080fb001d
:100c0400ee209100008040008040eb000148780015
:100c1400002f2000640040006e007800ee20910058
:100c24002ac50700002f20000080e8006e0078002d
:100c3400020120008000eb0066c7070070279900be
:100c4400012f9900002f2000640040006e007800fe
:100c5400020120008000eb005ec70700102f9900fe
:100c6400212f99003023210010407800e74f5000d5
:100c74001a003e0030232100104078000080fb0061
:100c8400c300dd00402b2100008040007e21910044
:100c94008e2991000288be00302321001040780084
:100ca4000080fb00c300dd00802b21000080400099
:100cb4001e299100ae2991000288be003023210034
:100cc400104078008040e80030232100014878007b
:100cd40090c82d00b72b07003e053700c0f42d0047
:100ce400b42b07003b0537002ec89200ea4f500092
:100cf40031003e00002f20000080e8006e007800e4
:100d0400020120008000eb0032c70700302f990059
:100d1400412f9900002f2000640040006e007800ed
:100d2400020120008000eb002ac70700502f990021
:100d3400612f99003023210010407800e74f5000c4
:100d44001a003e0030232100104078000080fb0090
:100d5400c300dd00402b2100008040003e299100ab
:100d6400ce2991000288be00302321001040780073
:100d74000080fb00c300dd00802b210000804000c8
:100d84005e299100ee2991000288be0030232100e3
:100d9400104078008040e8003023210001487800aa
:100da40090c82d00832b07000a053700c0f42d00de
:100db400802b070007053700f0c3b300712b070031
:100dc40004053700f0c3b3006e2b0700010537009c
:100dd4006043200052002000f1fb2d006e007800db
:100de400eac407000000e00004003a0030232100b8
:100df4008040eb0001487800f6043700604320008f
:100e04005200200061fc2d006e007800dfc4070052
:100e14000000e000e7003a00604320006e00780024
:100e240065004000702f99007e289100b5f00700fe
:100e34000004e00003003200f0c3b300512b0700ac
:100e4400e40437006030200000004700c2c2b30051
:100e5400fe289100d82f0700603020006e00780033
:100e6400e20f5000d0003a00603020000080e8001b
:100e74006e007800adc4070000e79a0060302000df
:100e8400640040006e007800a8c4070010e79a00d0
:100e94008ee092001ee0920080cf500003003200ea
:100ea400f0c3b300372b0700ca0437000ee09200ea
:100eb4000080fb0061006000004078000004e00056
:100ec400820032000ee09200ea4f50007f003e00a4
:100ed4001e30910001c3b300014878000000eb000c
:100ee400102798000e0037001e2090000000e80034
:100ef4009e30910000804000613020008180e80035
:100f04006e8178009e20900081004100914078001d
:100f1400014878001e2090000000e8001027980087
:100f24000ee092008080fb001e209000808f500015
:100f3400edff3c000ee092000040e80000e79a005c
:100f44000ee092000080fb009e3091000080400083
:100f54008040eb0001487800603020000080e80009
:100f64006e0078009e30910058c407001e30910036
:100f740001c3b300014878000000eb00202798006b
:100f84000e0037002e2090000000e8009e309100f3
:100f94000080400061302000e48040006e817800d1
:100fa400ae20900081004100914078000148780013
:100fb4002e2090000000e800202798001ee09200f8
:100fc4008080fb002e209000808f5000edff3c00bd
:100fd4001ee092000040e80010e79a001ee0920034
:100fe4000080fb009e309100008040008040eb00b8
:100ff4000148780060302000640040006e007800f2
:101004009e30910031c40700603020000080e80069
:101014006e007800020120008000eb006dc607001e
:101024002037990031379900603020006400400077
:101034006e007800020120008000eb0065c6070006
:10104400403799005137990020232100104078003f
:10105400e74f50001a003e00202321001040780082
:101064000080fb00c300dd00402721000080400019
:101074002e319100be3191000288be002023210050
:10108400104078000080fb00c300dd0080272100b1
:10109400008040004e319100de3191000288be0094
:1010a40020232100104078008040e8002023210004
:1010b4000148780090c82d00be2a07004504370077
:1010c400c0f42d00bb2a0700420437000ee0920052
:1010d400ea4f500031003e00603020000080e800fc
:1010e4006e007800020120008000eb0039c6070082
:1010f4006037990071379900603020006400400027
:101104006e007800020120008000eb0031c6070069
:10111400003f9900113f99002023210010407800de
:10112400e74f50001a003e002023210010407800b1
:101134000080fb00c300dd00402721000080400048
:101144006e319100fe3191000288be0020232100ff
:10115400104078000080fb00c300dd0080272100e0
:10116400008040000e3991009e3991000288be0033
:1011740020232100104078008040e8002023210033
:101184000148780090c82d008a2a0700110437000e
:10119400c0f42d00872a07000e043700f0c3b30003
:1011a400782a07000b043700f0c3b300752a070040
:1011b4000804370060432000c1fc2d006e00780055
:1011c400b7c307000000e00004003a002023210018
:1011d4008040eb0001487800fe03370060432000a4
:1011e40021fd2d006e007800adc307000000e00073
:1011f4001f003a00b021210010407800e14f400068
:10120400060032002083210010407800e14f4000a6
:1012140002003200c0fd2d00662a0700b021210023
:1012240010407800e14f4000070032002083210085
:1012340010407800e14f400003003a00d0fe2d003a
:101244005c2a0700e3033700b02121001040780036
:10125400e14f400003003a00e0ff2d00552a07004b
:10126400dc033700f0c3b300462a0700d903370074
:101274006043200031012e006e00780088c307000f
:101284000000e00002003a00b2090700d103370071
:1012940060432000c1012e006e00780080c3070067
:1012a4000000e0000e003a00208321008040eb00a3
:1012b40001487800e0908000f1908000a0c188008f
:1012c400b1c188000091800011918000c0c18800e4
:1012d400d1c1880020918000e0c18800bd0337009f
:1012e400604320005200200051022e006e0078005e
:1012f400a6c307000000e00039003a006043200064
:101304006e00780065004000203f99002e3891005f
:101314005def07000004e00003003200f0c3b300f7
:10132400182a0700ab033700a20020008000eb005e
:101334002e389100a7c50700303f9900413f99001e
:101344003e389100ce389100e00f5000e08f5800f5
:10135400070032003e399100ce3991001000200080
:1013640001002000800f5100818f590019003a00bc
:101374003e389100ce389100e00f5000e08f5800c5
:1013840006003a00a871ef00f0c4b300fd2907007d
:10139400b0c4b300fb2907008e0337003e39910027
:1013a400ce3991001000200001002000800f510070
:1013b400818f590086033a0010c0b300a8f1b7002a
:1013c400f0c4b300ef290700b0c4b300ed2907004f
:1013d40080033700f0c3b300ea2907007d03370018
:1013e4006043200052002000b1022e006e007800fd
:1013f40066c307000000e0002a013a0060432000b1
:101404006e00780065004000503f99005e389100fe
:101414003cef07000004e00003003200f0c3b30017
:10142400d82907006b0337000000eb003027980031
:101434000000eb0040279800c03120000000470066
:10144400c2c2b300de3891005b2e07000000eb003f
:1014540040279800ce003700c13120004e20900074
:101464000000e8000000400000804000ee0078002a
:101474002033200000004700a2c3b3004e2e070013
:10148400203320006e007800e20f500007003a007d
:10149400603b2000be209000c208dd0000804000b8
:1014a4000080e8008040eb000177780020332000c2
:1014b4006e007800e10f5000040034002033200057
:1014c4006e007800e30f500003003400f0c3b30053
:1014d400ac2907003f0337000000eb0050279800b9
:1014e4000000eb00502798009d0037005e2090001c
:1014f4000000e00010003a00203320000080e800e3
:101504006e007800a20020008000eb0031c50700c7
:10151400603f9900713f99006e38910080407800d7
:10152400603b20003e2190004211dd00000041009c
:1015340001777800870037005e209000e10f5000ab
:1015440021003a0020332000640040006e0078003f
:1015540011032e00d2c207000000e00008003a0088
:10156400603b2000be209000c208dd0000804000e7
:101574000000e80011c0b30001777800750037005f
:1015840020332000640040006e00780031032e00f8
:10159400c3c207000000e00008003a00603b2000de
:1015a400be209000c208dd00008040000000e8007a
:1015b4008040eb000177780066003700f0c3b30089
:1015c40070290700030337005e209000e20f5000eb
:1015d4005d003a0020332000660040006e00780071
:1015e40051032e00aec207000000e00008003a00dc
:1015f400603b2000be209000c208dd000080400057
:101604000080e80021c0b300017778005100370062
:1016140020332000660040006e00780081032e0015
:101624009fc207000000e00008003a00603b200071
:10163400be209000c208dd00008040000080e80069
:1016440031c0b30001777800420037002033200016
:10165400660040006e007800b1032e0090c20700bf
:101664000000e00008003a00603b2000be2090002b
:10167400c208dd00008040000080e80041c0b300e3
:1016840001777800330037002033200066004000e3
:101694006e007800e1032e0081c207000000e00024
:1016a40008003a00603b2000be209000c208dd0024
:1016b400008040000080e80051c0b300017778004a
:1016c4002400370020332000660040006e007800bc
:1016d40011042e0072c207000000e00008003a0066
:1016e400603b2000be209000c208dd000080400066
:1016f4000080e80061c0b30001777800150037006e
:1017040020332000660040006e00780041042e0063
:1017140063c207000000e00008003a00603b2000bc
:10172400be209000c208dd00008040000080e80078
:1017340071c0b3000177780006003700f0c3b3002e
:1017440010290700a3023700f0c3b3000d290700d6
:10175400a00237005e2090000000e80050279800a7
:10176400203320006e007800800078005e20900016
:10177400808f50005dff3e003e2090000000e80096
:10178400302798004e2090000000e8004027980081
:10179400c03120006e007800800078004e20900058
:1017a400808f50002cff3e000000eb004027980083
:1017b40035003700613b20004e2090004200dd00e0
:1017c400808040006e8078008180e800ee807800a0
:1017d4000a260700e14f50000f003a00613b200049
:1017e4004e2090004200dd00008040006e407800f2
:1017f4000080fb00801f780070042e00801f78009a
:1018040020b92100b9c10700e487570020b921009d
:10181400e82807006f023700613b20004e2090004b
:101824004200dd00808040006e8078008180e80006
:10183400ee80780003260700e14f50000f003a00c5
:10184400613b20004e2090004200dd0000804000fb
:101854006e4078000080fb00801f780070042e002a
:10186400801f780020b92100a0c10700e487570039
:1018740020b92100cf280700560237004e209000df
:101884000000e80040279800ce2090003e20900001
:10189400808f5000c7ff390080052e00c52807003f
:1018a4004c0237006043200072002000c1052e0066
:1018b4006e00780035c207000000e0005c003a00ca
:1018c400604320006e0078006700400000879900a4
:1018d4000e8091000bee07000004e00003003200cc
:1018e400f0c3b300a72807003a0237000000eb005a
:1018f400602798000000eb007027980080342000d7
:1019040000004700c2c2b3008e8091002a2d070058
:101914000000eb0070279800180037008134200085
:101924007e2090000000e80000004000008040009d
:101934006e007800a20020008000eb0025c40700a0
:1019440010879900218799001e80910080407800bb
:10195400603b20006e2190004211dd000000410038
:10196400017778006e2090000000e800602798005e
:101974007e2090000000e80070279800803420004a
:101984006e007800800078007e209000808f5000e8
:10199400e2ff3e000040eb0000d798000000eb009f
:1019a40070279800130037000ed0900000404000cc
:1019b40000d79800613b20007e2090004200dd00ab
:1019c400808040006e8078008180e800ee8078009e
:1019d400142707000004e000030032000ed090003a
:1019e4000004a00000d798007e2090000000e800ca
:1019f40070279800fe2090006e209000808f500089
:101a0400e9ff39000ed090000080fb00801f7800b1
:101a1400b0cc2d00801f780020b9210033c107000d
:101a2400e487570020b9210062280700e901370044
:101a3400604320006200200041062e006e00780002
:101a4400d2c107000000e00078003a0060432000a3
:101a54006e00780066004000308799003e80910057
:101a6400a8ed07000004e00003003200f0c3b30057
:101a740044280700d70137000000eb00102f98001e
:101a84000000eb00202f9800e03520000000470004
:101a9400c2c2b300be809100c72c07000000eb0057
:101aa400202f980018003700e13520002e289000e0
:101ab4000000e80000004000008040006e00780054
:101ac400a20020008000eb00c2c3070040879900f9
:101ad400518799004e80910080407800603b20003f
:101ae4001e2990004211dd000000410001777800ba
:101af4001e2890000000e800102f98002e28900067
:101b04000000e800202f9800e03520006e007800e7
:101b1400800078002e289000808f5000e2ff3e0065
:101b24000000eb00202f98003b003700613b2000b1
:101b34002e2890004200dd00808040006e807800f6
:101b44008180e800ee8078002c250700e14f5000ea
:101b54000f003a00613b20002e2890004200dd0077
:101b6400008040006e4078000080fb00801f7800f9
:101b740070042e00801f780020b92100dbc007000c
:101b8400e487570020b921000a2807001f00370006
:101b9400613b20002e2890004200dd008080400040
:101ba4006e8078008180e800ee8078009d26070032
:101bb400404f9b002e2890000000e00009003a00ee
:101bc4004e4893000080fb00801f7800e0f12d0058
:101bd400801f780020b92100c4c00700e4875700a3
:101be400080037004e4893000080fb00801f7800f7
:101bf400b0062e00801f780020b92100bbc007006a
:101c0400e487570020b92100ea2707002e28900016
:101c14000000e800202f9800ae2890001e289000b5
:101c2400808f5000c1ff39006a01370060432000f3
:101c34006200200001072e006e00780053c10700e7
:101c44000000e0007a003a00604320006e00780053
:101c540066004000708799007e80910029ed07009e
:101c64000004e00003003200f0c3b300c5270700fe
:101c7400580137000000eb00302f98000000eb0003
:101c8400402f98004037200000004700c2c2b30034
:101c9400fe809100482c07000000eb00402f9800c4
:101ca40018003700413720004e2890000000e8005b
:101cb40000004000008040006e007800a200200078
:101cc4008000eb0043c30700008f9900118f990037
:101cd4000e88910080407800603b20003e299000ef
:101ce4004211dd0000004100017778003e28900099
:101cf4000000e800302f98004e2890000000e80013
:101d0400402f9800403720006e0078008000780053
:101d14004e289000808f5000e2ff3e000040eb0010
:101d240040579b000000eb00402f98003b00370019
:101d3400613b20004e2890004200dd00808040007e
:101d44006e8078008180e800ee807800ab24070084
:101d5400e14f50000f003a00613b20004e289000f4
:101d64004200dd00008040006e4078000080fb00ef
:101d7400801f780070042e00801f780020b9210095
:101d84005ac00700e487570020b9210089270700bb
:101d94001f003700613b20004e2890004200dd0008
:101da400808040006e8078008180e800ee807800ba
:101db4000626070040579b004e2890000000e000d4
:101dc40009003a004e5093000080fb00801f780009
:101dd400e0f12d00801f780020b9210043c00700e6
:101de400e4875700080037004e5093000080fb0042
:101df400801f7800b0062e00801f780020b92100d3
:101e04003ac00700e487570020b92100692707007a
:101e14004e2890000000e800402f9800ce28900043
:101e24003e289000808f5000c1ff3900e900370040
:101e34006043200071072e006e00780098c00700f0
:101e44000000e00003003a00c8140700ff14070074
:101e5400e000370060432000f1072e006e00780098
:101e64008fc007000000e00003003a00f7140700e9
:101e7400be140700d7003700604320006200200032
:101e840071082e006e007800c0c007000000e0005a
:101e9400bd003a00604320006e00780066004000f8
:101ea400308f99003e88910096ec07000004e00012
:101eb40003003200f0c3b30032270700c500370027
:101ec4000000eb00502f98000000eb00602f9800fa
:101ed400a038200000004700c2c2b300be889100b1
:101ee400b52b07000000eb00602f9800610037005d
:101ef400a13820006e2890000000e8000000400097
:101f040000804000ee007800003a20000000470006
:101f1400a2c3b300a82b0700003a20006e0078008b
:101f2400e20f500003003200f0c3b300152707008e
:101f3400a80037000000eb00702f98000000eb00b1
:101f4400702f98003f0037007e2890000000e000ca
:101f540010003a00003a20000080e8006e0078008b
:101f6400a20020008000eb009ac20700408f990075
:101f7400518f99004e88910080407800603b20008a
:101f84005e2990004211dd000000410001777800d5
:101f9400290037007e289000e10f500023003a000a
:101fa400003a2000640040006e007800e1082e0032
:101fb4003bc007000000e00009003a00603b20003d
:101fc400de289000c208dd00008040000080e800a8
:101fd4000000e8008040eb0001777800160037002d
:101fe400003a2000640040006e00780001092e00d1
:101ff4002bc007000000e00009003a00603b20000d
:10200400de289000c208dd00008040000080e80067
:102014000000e80011c0b300017778000600370023
:10202400f0c3b300d72607006a003700f0c3b3003b
:10203400d4260700670037007e2890000000e800df
:10204400702f9800003a20006e007800800078001d
:102054007e289000808f5000bbff3e005e289000d9
:102064000000e800502f98006e2890000000e8005f
:10207400602f9800a03820006e007800800078005f
:102084006e289000808f500099ff3e000000eb0006
:10209400602f980035003700613b20006e289000c7
:1020a4004200dd00808040006e8078008180e8007e
:1020b400ee807800d1230700e14f50000f003a0072
:1020c400613b20006e2890004200dd00008040004b
:1020d4006e4078000080fb00801f780070042e00a2
:1020e400801f780020b9210080bf0700e4875700d3
:1020f40020b92100af26070036003700613b2000dd
:102104006e2890004200dd00808040006e807800e0
:102114008180e800ee807800df240700e14f500062
:102124000f003a00613b20006e2890004200dd0061
:10213400008040006e4078000080fb00801f780023
:1021440070042e00801f780020b9210067bf0700ab
:10215400e487570020b92100962607001d003700a8
:102164006e2890000000e800602f9800ee28900090
:102174005e289000808f5000c7ff390080052e0034
:102184008c26070013003700f0c3b3007d26070038
:10219400000000000f003700000000000d003700b1
:1021a400000000000b0037000000000009003700a9
:1021b40000000000070037000000000005003700a1
:1021c4000000000003003700000000000100370099
:1021d400000000004f05be004f04be000080fa005e
:1021e40000000600ac00fa00889fbe008a9fbe0073
:1021f4008c9fbe00309798003200200021092e00e9
:102204003e909000e1bf07000000e0003f003a006c
:102214003e90900063004000300798003e0090001c
:10222400c2bf0700004f98003e00900096eb0700e5
:102234000004e00003003200f0c3b300512607009d
:10224400ac0537000e489000e14f50002b003a00d7
:10225400a20020008000eb003e009000ddc10700da
:1022640050079800610798005e009000ee0090000f
:10227400e00f5000e08f5800070032005e0190002c
:10228400ee0190001000200001002000800f51009a
:10229400818f590016003a005e009000ee00900015
:1022a400e00f5000e08f580004003a00c01e2100e7
:1022b4008040eb00014878000a0037005e0190007e
:1022c400ee0190001000200001002000800f51005a
:1022d400818f590003003a00c01e210011c0b300d1
:1022e4000148780090c82d00322607008105370088
:1022f400f0c3b300232607007e05370098280700a3
:1023040090c82d002b2607007a05370032002000e4
:1023140061092e003e9090009cbf07000000e00081
:102324003a003a003e909000630040007007980025
:102334007e0090007dbf0700005798007e0090004b
:1023440051eb07000004e00003003200f0c3b300c7
:102354000c260700670537000e509000e14f50002f
:1023640027003a00a20020008000eb007e009000cd
:1023740098c10700100f9800210f98001e089000c4
:10238400ae089000e00f5000e08f580007003200c4
:102394001e099000ae0990001000200001002000ea
:1023a400800f5100818f590012003a001e089000de
:1023b400ae089000e00f5000e08f580002003a0091
:1023c400ff270700080037001e099000ae0990009f
:1023d4001000200001002000800f5100818f59005f
:1023e40001003a00fc270700e0c62d00f125070094
:1023f40040053700f0c3b300e22507003d05370070
:10240400f0c3b300df2507003a053700a1092e0009
:102414003e90900022bf07000000e00003003a0055
:10242400e0092e00e32507003205370032002000c2
:10243400b10a2e003e90900054bf07000000e00057
:102444003a003a003e90900063004000300f98003c
:102454003e08900035bf0700005f98003e089000da
:1024640009eb07000004e00003003200f0c3b300ee
:10247400c42507001f0537000e589000e14f500097
:1024840027003a00a20020008000eb003e089000e4
:1024940050c10700500f9800610f98005e0890002b
:1024a400ee089000e00f5000e08f58000700320063
:1024b4005e099000ee099000100020000100200049
:1024c400800f5100818f590012003a005e0890007d
:1024d400ee089000e00f5000e08f580002003a0030
:1024e400cc270700080037005e099000ee09900031
:1024f4001000200001002000800f5100818f59003e
:1025040001003a00c9270700e0c62d00a9250700ed
:10251400f8043700f0c3b3009a250700f504370028
:10252400f0c3b30097250700f2043700f10a2e0028
:102534003e909000dabe07000000e00004003a007c
:10254400ff040700e0c62d009a250700e9043700c0
:10255400410b2e003e909000d1be07000000e00029
:1025640004003a00400620007e2a07000000fe0016
:10257400e0043700810b2e003e909000c8be070097
:102584000000e00007003a00c077210080007800d6
:1025940020b92100cdbe070020b921008525070000
:1025a400d4043700d10b2e003e909000bcbe07002f
:1025b4000000e0000a003a00408221001040780048
:1025c400e14f400003003a00f0c3b3006d2507005b
:1025d400c80437005082210076250700c50437005f
:1025e40042002000210c2e003e909000e7be070020
:1025f4000000e00024003a003e9090006400400097
:10260400700f98007e089000c8be0700006798000d
:102614007e089000bbea07000004e00003003200db
:10262400f0c3b30057250700b20437000e609000d2
:10263400ec4f500011003a00408221001040780015
:102644000004e0000a003200408221008040eb00d8
:102654000148780050822100fe0890009bbe0700cc
:10266400db0e070090c82d0052250700a104370097
:10267400f0c3b300432507009e043700f0c3b30042
:10268400402507009b04370052002000710c2e00e7
:102694003e909000bdbe07000000e00002003a003a
:1026a400900807009304370052002000d10c2e003c
:1026b4003e909000b5be07000000e00004003a0020
:1026c40089050700e0c62d003a2507008904370074
:1026d40062002000310d2e003e909000abbe07003a
:1026e4000000e00003003a00a00d2e003125070091
:1026f4008004370052002000410e2e003e909000ce
:10270400a2be07000000e00004003a005b0f0700cf
:10271400a00e2e0027250700760437004200200073
:10272400310f2e003e90900098be07000000e0009c
:102734000f003a003e90900064004000101798008b
:102744001e1090006fea07000004e000030032004e
:10275400f0c3b3000b250700660437001e10900079
:10276400bc080700e0c62d001225070061043700ed
:1027740052002000810f2e003e90900083be07007f
:102784000000e0005b043200e10f2e003e90900058
:1027940043be07000000e00006003a00402f21007d
:1027a40011c0b3000148780090c82d00012507002e
:1027b400500437004200200031102e003e9090005b
:1027c40072be07000000e0002d003a003e90900029
:1027d40064004000201798002e1090002aea070099
:1027e4000004e00003003200f0c3b300e524070056
:1027f40040043700a20020008000eb002e1090005f
:1028040074c0070030179800411798003e109000dc
:10281400ce109000e00f5000e08f58000e00320000
:102824003e119000ce119000100020000100200005
:10283400800f5100818f5900070032003e11900033
:10284400ce1190002000200001002000800f5100d4
:10285400818f590007003a003e10900080407800b4
:10286400502f21000148780090c82d00d124070082
:1028740020043700f0c3b300c22407001d0437004e
:102884003200200081102e003e9090003fbe0700d1
:102894000000e0002f003a003e90900063004000ea
:1028a400501798005e10900020be0700406f9800fb
:1028b4005e109000f4e907000004e0000300320019
:1028c400f0c3b300af2407000a0437004e68900039
:1028d400e14f50001c003a00a20020008000eb00f1
:1028e4005e1090003bc0070070179800011f98000d
:1028f4007e1090008e189000e00f5000e08f58007a
:10290400070032007e1190008e1990001000200004
:1029140001002000800f5100818f590007003a0008
:102924007e10900080407800a01e210001487800ad
:1029340090c82d009f240700ee033700f0c3b300b6
:1029440090240700eb033700f0c3b3008d24070085
:10295400e8033700c1102e003e909000d0bd070060
:102964000000e00006003a00402f21008040eb0008
:102974000148780090c82d008e240700dd0337003d
:102984003200200011112e003e909000ffbd070080
:102994000000e00034003a003e90900063004000e4
:1029a400101f98001e189000e0bd070040779800a3
:1029b4001e189000b4e907000004e0000300320090
:1029c400f0c3b3006f240700ca0337004e709000b1
:1029d400e14f500021003a00a20020008000eb00eb
:1029e4001e189000fbbf0700301f9800411f98007d
:1029f4003e189000ce189000e00f5000e08f580071
:102a040006003a00602f210011c0b300014878008d
:102a140090c82d0067240700b60337003e199000c4
:102a2400ce1990001000200001002000800f5100fa
:102a3400818f590006003a00602f21008040eb008e
:102a44000148780090c82d005a240700a9033700d4
:102a5400f0c3b3004b240700a6033700f0c3b30050
:102a640048240700a30337004200200051112e0020
:102a74003e909000c5bd07000000e0004b003a0006
:102a84003e90900064004000501f98005e18900033
:102a9400a6bd0700407f98005e18900099e90700e2
:102aa4000004e00003003200f0c3b3003524070043
:102ab400900337004e7890000004e00038003200a4
:102ac4005e18900099bd0700507f98000201200015
:102ad4008000eb005e189000bebf0700701f9800d6
:102ae400012798005e789000e34f50000b003a00f5
:102af4007e1990008e219000828f8800938f880029
:102b04007e1990008e219000e28f8800f38f880058
:102b140090c82d0027240700760337005e789000c4
:102b2400e64f50001b003a007e1990008e21900061
:102b3400e28f8800f38f8800e48f8000f58f800097
:102b44007e1990008e219000f0ff2f00f10f2000dd
:102b54000203780003017800800178008100780086
:102b6400030063008100610051979800409798002a
:102b74004e909000de909000000072008180720000
:102b8400e08f8800f18f880090c82d000924070089
:102b940058033700f0c3b300fa2307005503370086
:102ba400f0c3b300f72307005203370032002000bc
:102bb400a1112e003e90900074bd07000000e000bb
:102bc4002f003a003e9090006300400010279800c8
:102bd4001e20900055bd070040c798001e2090009d
:102be40029e907000004e00003003200f0c3b30049
:102bf400e42307003f0337004ec09000e14f50002c
:102c04001c003a00a20020008000eb001e2090006f
:102c140070bf070030279800412798003e2090009d
:102c2400ce209000e00f5000e08f580007003200e3
:102c34003e219000ce2190001000200001002000d1
:102c4400800f5100818f590007003a003e20900008
:102c540080407800b01e21000148780090c82d0003
:102c6400d423070023033700f0c3b300c5230700b0
:102c740020033700f0c3b300c22307001d0337004d
:102c840042002000e1112e003e9090003fbd07005d
:102c94000000e0002a003a003e90900064004000ea
:102ca400502798005e20900020bd070040cf980078
:102cb4005e20900013e907000004e00003003200e6
:102cc400f0c3b300af2307000a0337004ec89000d7
:102cd400e24f500017003a00020120008000eb0090
:102ce4005e2090003bbf070070279800012f9800da
:102cf4007e2190008e299000f00f2000010020001a
:102d0400800f5100818f590007003e007e20900003
:102d140080407800d07a21000148780090c82d00c6
:102d2400a4230700f3023700f0c3b3009523070080
:102d3400f0023700f0c3b30092230700ed0237001e
:102d44005200200031122e003e9090000fbd07006b
:102d54000000e0002e003a003e9090006400400025
:102d6400102f98001e289000f0bc070040d7980050
:102d74001e289000e3e807000004e000030032008e
:102d8400f0c3b3007f230700da0237004ed090006f
:102d9400e14f50001b003a00020120008000eb00cc
:102da4001e2890000bbf0700302f9800412f980079
:102db4003e289000ce289000e00f5000e08f58008d
:102dc40003003a0090c82d007a230700c902370097
:102dd4003e299000ce299000100020000100200020
:102de400800f5100818f590003003a0090c82d00d4
:102df40070230700bf023700f0c3b300612307004c
:102e0400bc023700f0c3b3005e230700b9023700e9
:102e14005200200091122e003e909000dbbc07006f
:102e24000000e000b302320042002000f1122e0044
:102e34003e909000d5bc07000000e00057003a0027
:102e44003e90900064004000502f98005e2890004f
:102e5400ace807000004e00003003200f0c3b30054
:102e640048230700a30237005e289000afbc070088
:102e740040df9800020120008000eb005e289000f3
:102e8400d4be0700702f9800013798004ed89000e8
:102e9400e34f500023003a007e2990008e319000c9
:102ea400f07f200001002000020278000301780076
:102eb40080017800810078000300620081006100d5
:102ec40081067800000678000c00be00a08f880000
:102ed400b18f88002690800037908000c48f8000d6
:102ee400d58f80000290800013908000a08f800016
:102ef400b18f8000e81e210018447800869fbe0030
:102f04000403be000202be000001be0008407800b7
:102f1400fd0e0700e487570090c82d002523070005
:102f2400740237004ed89000e84f500018003a0061
:102f34007e2990008e3190000290880013908800c2
:102f44002690800037908000c48f8000d58f800049
:102f54000290800013908000a08f8000b18f8000c9
:102f6400e81e210018447800869fbe000403be00ba
:102f74000202be000001be0008407800e20e070015
:102f8400e487570090c82d000a2307005902370030
:102f9400f0c3b300fb2207005602370042002000b2
:102fa40041132e003e90900078bc07000000e00022
:102fb40057003a003e90900064004000103798009b
:102fc4001e3090004fe807000004e00003003200c8
:102fd400f0c3b300eb220700460237001e30900016
:102fe40052bc070040e79800020120008000eb007b
:102ff4001e30900077be07003037980041379800a4
:103004004ee09000e34f500023003a003e31900020
:10301400ce319000f07f20000100200002027800f1
:1030240003017800800178008100780003006200c9
:103034008100610081057800000578000a00be0067
:10304400c08f8800d18f8800269080003790800040
:10305400c48f8000d58f8000029080001390800080
:10306400a08f8000b18f8000e81e210018447800f2
:10307400869fbe000403be000202be000001be0023
:1030840008407800a00e0700e487570090c82d0080
:10309400c8220700170237004ee09000e84f5000a6
:1030a40018003a003e319000ce3190002290880002
:1030b400339088002690800037908000c48f800071
:1030c400d58f80000290800013908000a08f800034
:1030d400b18f8000e81e210018447800869fbe004e
:1030e4000403be000202be000001be0008407800d6
:1030f400850e0700e487570090c82d00ad22070015
:10310400fc013700f0c3b3009e220700f901370029
:103114004200200091132e003e9090001bbc07003b
:103124000000e00035003a003e909000640040004a
:10313400503798005e309000fcbb070040ef9800c9
:103144005e309000efe707000004e0000300320067
:10315400f0c3b3008b220700e60137004ee890006d
:10316400e24f500022003a00020120008000eb00f0
:103174005e30900017be070070379800013f98003a
:10318400e28f8000f38f8000f0ff2f00f10f20000a
:103194000202780003017800800178008100780041
:1031a400030062008100610081047800000478005b
:1031b4000800be00e08f8800f18f8800e28f800055
:1031c400f38f80007e3090008e389000c800dd00c0
:1031d400000020000000710081807100e08f8800f1
:1031e400f18f880090c82d0072220700c1013700ba
:1031f400f0c3b30063220700be0137005200200071
:10320400e1132e003e909000e0bb07000000e000b8
:1032140085003a003e909000650f40001e00780043
:10322400c2bb070020f79800090037001e00780091
:103234009040780080c5b30080cf500003003a006e
:103244001e00780061c4b300014878001e0fe80036
:103254001e007800104078000004e000f3ff3a00fc
:103264002ef090000080fb000000ea001e0f4000da
:103274001e007800a3e707000004e000030032000a
:10328400f0c3b3003f2207009a0137000201200077
:103294008000eb001e007800cebd0700203f9800a0
:1032a400313f98002ef09000e34f50001c003a008c
:1032b4002e399000be399000a28f8800b38f880009
:1032c4002e399000be399000c28f8800d38f8800b9
:1032d4002690800037908000c48f8000d58f8000b6
:1032e4000290800013908000a08f8000b18f800036
:1032f400e81e210018447800869fbe000403be0027
:103304000202be000001be0008407800fe0d070066
:10331400e487570090c82d00262207007501370066
:103324002ef09000e84f50001c003a002e39900017
:10333400be39900002908800139088002e399000c6
:10334400be39900022908800339088002690800037
:1033540037908000c48f8000d58f80000290800059
:1033640013908000a08f8000b18f8000e81e2100a0
:1033740018447800869fbe000403be000202be000b
:103384000001be0008407800df0d0700e487570005
:1033940090c82d000722070056013700807e2000c8
:1033a40001002000a08f8800b18f880010112f0029
:1033b400a18d21000090880011908800f0ff20006a
:1033c40001002000c08f8800d18f88006000b80001
:1033d40020908800319088002690800037908000eb
:1033e400c48f8000d58f80000290800013908000ed
:1033f400a08f8000b18f8000e81e2100184478005f
:10340400869fbe000403be000202be000001be008f
:1034140008407800bc0d0700e487570090c82d00d1
:10342400e4210700330137005200200041142e002c
:103434003e90900055bb07000000e0002d013200d3
:103444006200200091142e003e9090004fbb0700b4
:103454000000e0006a003a003e90900066004000e0
:10346400403f98004e38900026e707000004e00033
:1034740003003200f0c3b300c22107001d0137006e
:103484004e38900029bb070020ff98002ef89000ca
:103494000080fb0061006000004078000004e00050
:1034a40003003a002ef89000ea4f50000300360063
:1034b400f0c3b300b32107000e0137000040eb0056
:1034c400204798000000eb002007980023003700f5
:1034d4002e4090000080fb00ce3890000080400019
:1034e40010407800605f99002e4090000040e80092
:1034f400204798002e4090000080fb00ce389000ba
:103504000080400010407800705f99002e409000c9
:103514000040e800204798000040eb000067990055
:10352400e00920000e004000a20020008000eb0013
:1035340028bd0700603f9800713f98006e389000e6
:10354400804078002e009000100ab00001777800c7
:103554002e0090000000e800200798002ef890004c
:103564000080fb000000d100004078008080fb0058
:103574002e009000808f5000d5ff3c000040eb00ef
:1035840020479800180037002e4090008080fb00f0
:103594002e009000808f50000a003d002e409000c5
:1035a4000081fb002e4090000080fb00100ab00058
:1035b400ee407800606c2100000041000148780072
:1035c400060037002e4090008080fb00606c2100d4
:1035d400008040008040eb00014878002e409000bd
:1035e4000040e800204798002e409000e44f50002f
:1035f400e5ff360090c82d006e210700bd0037009e
:103604006200200001152e003e909000dfba0700f2
:103614000000e00024003a003e9090006600400064
:10362400008798000e809000b6e607000004e000d2
:1036340003003200f0c3b30052210700ad0037008d
:103644000e809000b9ba0700204799002e409100df
:10365400e34f5000030032002e409100e84f500029
:103664000e003a00020120008000eb000e80900062
:10367400d8bc070020879800318798002e819000dd
:10368400be81900062b6880073b6880090c82d0091
:10369400482107000000000096003700f0c3b30083
:1036a40038210700930037006200200071152e00b6
:1036b4003e909000b5ba07000000e00021003a00f7
:1036c4003e90900066004000408798004e80900035
:1036d4006de607000004e00003003200f0c3b3000d
:1036e4002821070083003700a20020008000eb009f
:1036f4004e809000b7bc07005087980061879800ff
:103704005e819000ee8190002000200001002000e6
:10371400800f5100818f590007003e005e809000a9
:1037240080407800006d21000148780090c82d0089
:10373400202107006f003700f0c3b30011210700f8
:103744006c00370042002000e1152e003e909000ee
:103754008eba07000000e00032003a003e9090006c
:1037640064004000708798007e80900065e6070042
:103774000004e00003003200f0c3b300012107009d
:103784005c0037007e80900068ba070000579900fb
:103794000e509100e44f50001f003a000201200037
:1037a4008000eb007e8090008abc0700108f980098
:1037b400218f98001e889000605799001e88900001
:1037c400ae889000c809dd004800de00008071006a
:1037d400c808de0070579900ee50910000c2b30093
:1037e40080cf500003003600f0c3b300e52007008b
:1037f40040003700106d2100fe5091000148780010
:10380400206d21006e5191000248780090c82d006f
:10381400e820070037003700f0c3b300d9200700c1
:10382400340037005200200031162e003e909000e4
:1038340056ba07000000e0002e00320032002000db
:1038440091162e003e90900050ba07000000e00050
:1038540026003a003e90900063004000408f98009c
:103864004e88900008e607000004e00003003200e0
:10387400f0c3b300c32007001e003700a2002000dd
:103884008000eb004e88900052bc0700508f9800d7
:10389400618f98005e889000ee889000e00f5000e1
:1038a400e08f5800070032005e899000ee89900096
:1038b4001000200001002000800f5100818f59006a
:1038c40007003a005e88900080407800306d210047
:1038d4000148780090c82d00b62007000500370085
:1038e400f0c3b300a720070002003700f0c3b30001
:1038f400a42007004f06be004f05be004f04be00c3
:103904000080fa00000006000200fa00000f7800b0
:103914001e007800fbe507000004e000030032000d
:10392400f0c3b300972007000300370041cb290000
:103934001e007800010001000080fa00000006006b
:103944000000fa0038220700e90707000080fa00a7
:10395400000006000000fa00e30007000080fa00ff
:10396400000006001c00fa00881f7800500f980021
:103974005e089000edb90700404798004e40900063
:10398400e14f5000060036004e4090000080fb00de
:1039940061006000004078000004e0000300320091
:1039a400d0162e0083200700a1003700e600470050
:1039b400030009008018eb00ee0047000300090033
:1039c4008018eb000040eb00605798004e409000d8
:1039d4000080fb000000d100504798005e4090003a
:1039e400e84f50000300360050182e0071200700e5
:1039f4008f0037000040eb00004f780018003700bc
:103a04001e80fb0000004000de08900000804000a3
:103a1400904078001e80fb00000040000000e80099
:103a24005e09900000004100104078007157980032
:103a3400005f98000040eb00105f98001e84fb00bc
:103a440077004700020120008000eb00e1bb070083
:103a54008040780066004400017778001e4fe8003b
:103a64005e4090009e40780080cf5000e4ff390013
:103a7400402f210010407800e14f50001a003a0016
:103a84005e4090008080fb006600470046062000f0
:103a9400810278000002780001082000123f230010
:103aa400b38d2100f07d20009e0e0700602f2100c1
:103ab400104078000004e00024003a00f6004700bb
:103ac4006e004700163f2300b78d2100f47d2000cf
:103ad40043062000010178008000780000082000df
:103ae400170f070019003700402f210010407800fd
:103af4000004e00015003a00660047004706200075
:103b04005e4390008002780004c8b300123f230093
:103b1400b38d2100f07d200001002000b40c0700cb
:103b2400602f2100104078000004e00007003a00f4
:103b3400f60047006e0047004306200001017800ac
:103b44008000780000082000c00d0700602f2100cd
:103b5400104078000004e00035003a00c01e210047
:103b640010407800e14f500014003a00a01e2100dc
:103b740010407800e14f500010003a006e48900069
:103b84000080fb00801f7800701a2e00801f7800d0
:103b940020b92100d5b80700e487570020b92100d7
:103ba40004200700b01e210010407800e14f5000af
:103bb40002003a0000c2b300f21f07001000200008
:103bc40010079800150037001e0090006e0040009a
:103bd4006e4078000080fb00801f7800701a2e0071
:103be400801f780020b92100c0b80700e48757007f
:103bf40020b92100ef1f0700b01e210010407800fb
:103c0400e14f500002003a0000c2b300dd1f07007c
:103c14001e0090000000e800100798006e5090000d
:103c24008080fb001e009000808f5000e6ff3c0067
:103c34004f0478000080fa00000006000600fa0035
:103c4400200798000000eb00000f78000c003700fc
:103c54000000eb001007980004003700000000008b
:103c64001e0090000000e800100798009e009000dd
:103c7400300b2000808f5000f8ff36001e0fe80044
:103c84002e0090009e007800808f5000f0ff3900d5
:103c94000080fa00000006000000fa00ffff370071
:103ca4000000fa00ffff37000000fa00889fbe0002
:103cb40000802c00011020002e23070000848800bf
:103cc4001184880008002d00091020000800be009f
:103cd4002823070020848800318488004f04be0014
:103ce4000080fa00000006000200fa00eeff070060
:103cf40050052000a10a2000aa22070000848000a9
:103d040011848000d622070088f0b70088d0bf0055
:103d14000004a2000004e00001003200deff0700fe
:103d24000000eb00000f7800740037001e007800dc
:103d340000004000000378001e007800e300b90092
:103d4400e300b900c13b2e00008040001040780021
:103d54000080fb008000eb00c001dd0002002000b9
:103d64001e007800e300b900e300b9000000e80099
:103d7400c13b2e0000804000104078000082fb0010
:103d84008002eb004828dd00c820de0081007000be
:103d94004820dd0000017100818171001e0078005f
:103da400e300b9000000e800e300b900c13b2e00c5
:103db40000804000104078000080fb008000eb0091
:103dc4000000710081807100c231dd00829a2100ff
:103dd400028141000089be001e00780000004000fe
:103de4000003e8001e007800e300b9000000e800ca
:103df400e300b9000000e800c13b2e000080400051
:103e0400104078000080fb008000eb00c001dd0062
:103e1400020020001e007800e300b9000080e800e2
:103e2400e300b900c13b2e00008040001040780040
:103e34000082fb008002eb004828dd00c820de0081
:103e4400810070004820dd00000171008181710053
:103e54001e007800e300b9000080e800e300b90028
:103e64000000e800c13b2e000080400010407800b4
:103e74000080fb008000eb00000071008180710075
:103e8400c231dd00829a2100028141000089be0016
:103e94001e007800000040000000e800c200dd00c1
:103ea400809a210000804000100178009001900069
:103eb4001e00780000004000c200dd00809a21004e
:103ec4000080400090009000100078001e027800ee
:103ed4004222dd006123b90004848000158480003f
:103ee4000603420087834a000202be000001be00ae
:103ef4000600be00682207001e0fe8001e007800be
:103f0400ef0f500089ff34002b2207000080fa00d5
:103f1400000006000e00fa005007980061079800a0
:103f240061ff070050052000a10a20001d220700a0
:103f340051452e005e00900059b807000000e000d3
:103f440075003a000000eb00000f78006f003700a6
:103f54001e00780000004000000378001e00780076
:103f6400e600b900ee0090000080400010407800a8
:103f74000000fb00cf80de00c001dd000200200055
:103f84001e007800e600b9000000e800ee00900092
:103f940000804000104078000002fb00cfa2de0049
:103fa4004828dd00c820de00810070004820dd00c4
:103fb40000017100818171001e007800e600b900e3
:103fc4000080e800ee00900000804000104078007f
:103fd4000000fb00cf80de000000710081807100d2
:103fe400c231dd00829a2100028141000089be00b5
:103ff4001e007800000040000003e8001e00780066
:10400400e600b90063004000ee009000008040002c
:10401400104078000000fb00cf80de00c001dd000e
:10402400020020001e007800e600b9006400400091
:10403400ee00900000804000104078000002fb0079
:10404400cfa2de004828dd00c820de008100700019
:104054004820dd0000017100818171001e0078009c
:10406400e600b90065004000ee00900000804000ca
:10407400104078000000fb00cf80de0000007100db
:1040840081807100c231dd00829a210002814100e9
:104094000089be001e007800000040000000e80017
:1040a400c200dd00809a21000080400010017800e9
:1040b400900190001e00780000004000c200dd0066
:1040c400809a210000804000900090001000780049
:1040d4001e0278004222dd006123b90004848000be
:1040e400158480000602420087824a000403be0051
:1040f4004604b0000780b0000202be000001be000a
:104104000600be00e42107001e0fe8001e00780030
:10411400e10f50008eff3400b1452e005e00900088
:10412400dfb707000000e00077003a000000eb0072
:1041340010079800710037001e0090000000400036
:10414400000378001e009000e600b900ee00900025
:1041540000804000104078000000fb00cf80de00ab
:10416400c001dd00020020001e009000e600b9003e
:104174000000e800ee00900000804000104078004d
:104184000002fb00cfa2de004828dd00c820de00cc
:10419400810070004820dd00000171008181710000
:1041a4001e009000e600b9000080e800ee009000d8
:1041b40000804000104078000000fb00cf80de004b
:1041c4000000710081807100c231dd00829a2100fb
:1041d400028141000089be001e00900000004000e2
:1041e4000003e8001e009000e600b90063004000f0
:1041f400ee00900000804000104078000000fb00ba
:10420400cf80de00c001dd00020020001e0090000f
:10421400e600b90064004000ee0090000080400019
:10422400104078000002fb00cfa2de004828dd0029
:10423400c820de00810070004820dd00000171000c
:10424400818171001e009000e600b9006500400005
:10425400ee00900000804000104078000000fb0059
:10426400cf80de000000710081807100c231dd006a
:10427400829a2100028141000089be001e00900044
:10428400000040000000e800c200dd00809a210028
:104294000080400010017800900190001e00900002
:1042a40000004000c200dd00809a21000080400030
:1042b40090009000100078001e0290004222dd0061
:1042c4006123b90004848000158480000602420042
:1042d40087824a000403be00c604b0000780b00011
:1042e4000202be000001be000600be006a210700f3
:1042f4001e0090000000e800100798001e009000c7
:10430400e50f50008cff340021462e005e00900023
:1043140063b707000000e00077003a000000eb00fc
:1043240020079800710037002e0090000000400024
:10433400000378002e009000e600b900ee00900023
:1043440000804000104078000000fb00cf80de00b9
:10435400c001dd00020020002e009000e600b9003c
:104364000000e800ee00900000804000104078005b
:104374000002fb00cfa2de004828dd00c820de00da
:10438400810070004820dd0000017100818171000e
:104394002e009000e600b9000080e800ee009000d6
:1043a40000804000104078000000fb00cf80de0059
:1043b4000000710081807100c231dd00829a210009
:1043c400028141000089be002e00900000004000e0
:1043d4000003e8002e009000e600b90063004000ee
:1043e400ee00900000804000104078000000fb00c8
:1043f400cf80de00c001dd00020020002e0090000e
:10440400e600b90064004000ee0090000080400027
:10441400104078000002fb00cfa2de004828dd0037
:10442400c820de00810070004820dd00000171001a
:10443400818171002e009000e600b9006500400003
:10444400ee00900000804000104078000000fb0067
:10445400cf80de000000710081807100c231dd0078
:10446400829a2100028141000089be002e00900042
:10447400000040000000e800c200dd00809a210036
:104484000080400010017800900190002e00900000
:1044940000004000c200dd00809a2100008040003e
:1044a40090009000100078002e0290004222dd005f
:1044b4006123b90004848000158480000602420050
:1044c40087824a000403be004606b0000780b0009d
:1044d4000202be000001be000600be00ee2007007e
:1044e4002e0090000000e800200798002e009000a5
:1044f400e70f50008cff340081462e005e009000d0
:10450400e7b607000000e00077003a000000eb0087
:1045140030079800710037003e0090000000400012
:10452400000378003e009000e600b900ee00900021
:1045340000804000104078000000fb00cf80de00c7
:10454400c001dd00020020003e009000e600b9003a
:104554000000e800ee009000008040001040780069
:104564000002fb00cfa2de004828dd00c820de00e8
:10457400810070004820dd0000017100818171001c
:104584003e009000e600b9000080e800ee009000d4
:1045940000804000104078000000fb00cf80de0067
:1045a4000000710081807100c231dd00829a210017
:1045b400028141000089be003e00900000004000de
:1045c4000003e8003e009000e600b90063004000ec
:1045d400ee00900000804000104078000000fb00d6
:1045e400cf80de00c001dd00020020003e0090000c
:1045f400e600b90064004000ee0090000080400036
:10460400104078000002fb00cfa2de004828dd0045
:10461400c820de00810070004820dd000001710028
:10462400818171003e009000e600b9006500400001
:10463400ee00900000804000104078000000fb0075
:10464400cf80de000000710081807100c231dd0086
:10465400829a2100028141000089be003e00900040
:10466400000040000000e800c200dd00809a210044
:104674000080400010017800900190003e009000fe
:1046840000004000c200dd00809a2100008040004c
:1046940090009000100078003e0290004222dd005d
:1046a4006123b9000484800015848000060242005e
:1046b40087824a000403be004608b0000780b000a9
:1046c4000202be000001be000600be007220070008
:1046d4003e0090000000e800300798003e00900083
:1046e400e70f50008cff3400e1462e005e0090007e
:1046f4006bb607000000e00077003a000000eb0012
:1047040040079800710037004e0090000000400000
:10471400000378004e009000e600b900ee0090001f
:1047240000804000104078000000fb00cf80de00d5
:10473400c001dd00020020004e009000e600b90038
:104744000000e800ee009000008040001040780077
:104754000002fb00cfa2de004828dd00c820de00f6
:10476400810070004820dd0000017100818171002a
:104774004e009000e600b9000080e800ee009000d2
:1047840000804000104078000000fb00cf80de0075
:104794000000710081807100c231dd00829a210025
:1047a400028141000089be004e00900000004000dc
:1047b4000003e8004e009000e600b90063004000ea
:1047c400ee00900000804000104078000000fb00e4
:1047d400cf80de00c001dd00020020004e0090000a
:1047e400e600b90064004000ee0090000080400044
:1047f400104078000002fb00cfa2de004828dd0054
:10480400c820de00810070004820dd000001710036
:10481400818171004e009000e600b90065004000ff
:10482400ee00900000804000104078000000fb0083
:10483400cf80de000000710081807100c231dd0094
:10484400829a2100028141000089be004e0090003e
:10485400000040000000e800c200dd00809a210052
:104864000080400010017800900190004e009000fc
:1048740000004000c200dd00809a2100008040005a
:1048840090009000100078004e0290004222dd005b
:104894006123b9000484800015848000060242006c
:1048a40087824a000403be00460ab0000780b000b5
:1048b4000202be000001be000600be00f61f070093
:1048c4004e0090000000e800400798004e00900061
:1048d400e10f50008cff3400b71f07000080fa007e
:1048e400000006002000fa000000eb00000f780032
:1048f4002f0037001e00780000004000ef00400049
:10490400e06e210000804000104078000004e000c8
:1049140002003a00e0042000010037006004200097
:104924001e017800e700410001814000e16e210092
:1049340081004100914078000181fb008e80e800f5
:10494400801f7800821f78009e1f780030472e0059
:10495400801f78000100780064b50700e8875700dd
:10496400a0002000b5fc07000e80e800911c0700a1
:104974001e00e800630060000000e0000b003a0045
:10498400f00220009e007800808f50000700320063
:10499400d0c0b3007b1c0700aa1e07000004e0007f
:1049a40002003200a0c0b300761c07001e0fe8000e
:1049b400f00220009e007800808f5000cdff34006c
:1049c4000080fa00000006000000fa00161e07002e
:1049d4000040eb00c603070060050700b02121007a
:1049e40080c0eb000148780020832100104078004b
:1049f400e14f40000b003200a0c18000b1c1800033
:104a0400e0908800f1908800c0c18000d1c180008e
:104a14000091880011918800e0c1800020918800f5
:104a24000a0037009003230001002000e090880072
:104a3400f1908800e0292000010020000091880006
:104a44001191880030842000209188000080fa00b1
:104a5400000006000600fa002007980011482e0006
:104a64002e0090002cb707000000e0001100320077
:104a74002e0090000000e800904078002e00900086
:104a840010407800d4020700004f78001e80fb001d
:104a940080004000d06f2100008040008040eb0087
:104aa4000148780040482e00421c0700e502070038
:104ab400da00370071482e002e00900016b7070068
:104ac4000000e000110032002e0090000000e80019
:104ad400904078002e00900010407800be0207003d
:104ae400004f78001e80fb0080004000d06f210042
:104af4000080400080c0eb000148780040482e0050
:104b04002c1c0700cf020700c4003700b1482e0058
:104b14002e00900000b707000000e000bd00320046
:104b24002e0090000000e800904078002e009000d5
:104b340010407800a8020700104798002e0090004b
:104b440065004000904078002e0090006400400012
:104b540010407800a002070020479800ae40900063
:104b6400314798001e4090000080fb00cf80de009b
:104b7400f202200003002000820f5000838f5800af
:104b8400a0003e00000601002f0037002e00370071
:104b94002d003700400037005e00370099003700d1
:104ba4003d003700470037009600370026003700e5
:104bb40039003700930037006700370036003700ac
:104bc400350037008f003700330037001e003700f0
:104bd4001d003700300037008a0037002e003700f0
:104be400190037002c0037002b0037002a0037004b
:104bf4002900370028003700820037008100370081
:104c0400800037007f0037007e0037000e00370039
:104c14007c0037007b0037000b0037000a003700a8
:104c24001d00370077003700760037000600370094
:104c3400190037005f003700170037005d003700a8
:104c4400150037005b0037003e409000e14f400004
:104c5400030032003e4090000004e0000b003a00e4
:104c64001e4090000080fb00670040008000400070
:104c7400e06e210000804000be40900001487800b2
:104c840040482e00cb1b070060003700f0c3b30080
:104c9400bc1b07005d0037001e4090000080fb0035
:104ca4006700400080004000e06e2100008040006a
:104cb400be4090000148780040482e00bd1b07000c
:104cc400520037003e4090000004e0000e00320025
:104cd4003e409000ec4f50000b003e001e40900000
:104ce4000080fb006700400080004000e06e21006f
:104cf40000804000be4090000148780040482e00eb
:104d0400ac1b070041003700f0c3b3009d1b070034
:104d14003e0037003e409000e24f50000b003e0042
:104d24001e4090000080fb006700400080004000af
:104d3400e06e210000804000be40900001487800f1
:104d440040482e009b1b070030003700f0c3b3001f
:104d54008c1b07002d0037003e409000e54f5000ab
:104d640006003e003e409000e24f50000300320037
:104d74003e409000e44f50000b003a001e4090006b
:104d84000080fb006700400080004000e06e2100ce
:104d940000804000be4090000148780040482e004a
:104da400841b070019003700f0c3b300751b07000c
:104db400160037003e4090000004e0000e00320070
:104dc4003e409000f44f50000b003e001e40900007
:104dd4000080fb006700400080004000e06e21007e
:104de40000804000be4090000148780040482e00fa
:104df400701b070005003700f0c3b300611b0700f8
:104e040002003700f0c3b3005e1b07000d02070069
:104e140002003700f0c3b3005a1b07000080fa00f9
:104e2400000006002a00fa00881f78009efb070095
:104e34000000eb00000f7800380037001e007800f7
:104e4400e304b9001e007800000040006101b900cd
:104e540000848000118480000200400083804800a8
:104e64004004b0000180b000701e07004008de005e
:104e740080407800c0872100080040000148780085
:104e84001e007800e300b9000004e8001e0078006a
:104e9400000040006101b90000848000118480009a
:104ea40002004000838048004004b0000180b0004c
:104eb4005e1e07004809dd004800de0000007100a6
:104ec400c808de0080407800c08721000800400048
:104ed400014878001e007800e300b9000084e8006f
:104ee4001e007800000040006101b90000848000c9
:104ef4001184800002004000838048004004b00018
:104f04000180b000491e070080407800c08721005e
:104f140008004000014878001e0fe800300320001c
:104f24009e007800808f5000c4ff3400e0482e00bb
:104f3400201b07000000eb00100798000b0037004f
:104f4400c18721001e0090000080400010407800be
:104f5400804078001e0090006c00400001777800cb
:104f64001e0090000000e800100798001e0090004a
:104f7400eb0f5000f2ff34006c0047000d1b0700dc
:104f8400104a2e000b1b0700c000200020079800c9
:104f94000b0037002e0090006c005000c2872100e7
:104fa400ae00900081004100914078006c00400008
:104fb400017778002e0090000000e8002007980098
:104fc400ae009000f0022000808f5000f1ff34000a
:104fd4006c004700f71a0700004c2e00f51a070072
:104fe40000032000300798000b0037003e009000bb
:104ff4000003b100c2872100be009000810041007f
:10500400914078006c004000017778003e009000e9
:105014000000e80030079800be009000f005200072
:10502400808f5000f1ff34006c004700e11a070044
:10503400704e2e00df1a070000062000400798007b
:105044000b0037004e0090000006b100c28721001b
:10505400ce00900081004100914078006c00400037
:10506400017778004e0090000000e80040079800a7
:10507400ce009000f0082000808f5000f1ff340033
:105084006c004700cb1a070040512e00c91a0700d4
:1050940000092000500798000b0037005e009000c4
:1050a4000009b100c2872100de00900081004100a8
:1050b400914078006c004000017778005e00900019
:1050c4000000e80050079800de009000b0092000be
:1050d400808f5000f1ff34006c004700b51a0700c0
:1050e4004f0478000080fa00000006004000fa0037
:1050f400881f7800701f9800ebfa07000000eb008f
:10510400000f7800320037001e007800e304b90075
:105114001e007800000040006101b9000084800096
:10512400118480000200400083804800bf1d0700f6
:105134004008de0080407800c0872100080040005d
:10514400014878001e007800e300b9000004e8007c
:105154001e007800000040006101b9000084800056
:10516400118480000200400083804800af1d0700c6
:105174004809dd004800de0000007100c808de00b8
:1051840080407800c0872100080040000148780072
:105194001e007800e300b9000084e8001e007800d7
:1051a400000040006101b900008480001184800087
:1051b40002004000838048009c1d07008040780066
:1051c400c087210008004000014878001e0fe80055
:1051d400f00420009e007800808f5000caff340045
:1051e4000000eb001007980012003700c18721006f
:1051f4001e00900000804000104078008080fb007a
:105204006c004700811f78009e009000811f780089
:1052140001542e00811f780034b30700e68757003d
:105224006c004700631a07001e0090000000e800ad
:10523400100798009e009000f00e2000808f500010
:10524400eaff340001552e007e18900094b3070045
:105254000000e00014003a00c0002000200798007d
:105264000b0037002e0090006c005000c287210014
:10527400ae00900081004100914078006c00400035
:10528400017778002e0090000000e80020079800c5
:10529400ae009000f0022000808f5000f1ff340037
:1052a4006c004700431a070021462e007e18900028
:1052b4007bb307000000e00014003a000003200064
:1052c400300798000b0037003e0090000003b10047
:1052d400c2872100be009000810041009140780007
:1052e4006c004000017778003e0090000000e80068
:1052f40030079800be009000f0052000808f500019
:10530400f1ff34006c0047002a1a070081462e0082
:105314007e18900062b307000000e00014003a0019
:1053240000062000400798000b0037004e00900054
:105334000006b100c2872100ce0090008100410028
:10534400914078006c004000017778004e00900096
:105354000000e80040079800ce009000f00820000c
:10536400808f5000f1ff34006c004700111a0700d1
:10537400e1462e007e18900049b307000000e000cb
:1053840014003a0000092000500798000b00370071
:105394005e0090000009b100c2872100de00900089
:1053a40081004100914078006c0040000177780052
:1053b4005e0090000000e80050079800de009000b6
:1053c400b0092000808f5000f1ff34006c004700ca
:1053d400f81907004f0478000080fa000000060066
:1053e4000e00fa0000802c0001102000611d07004f
:1053f400200798003107980050052000a10a2000da
:10540400e81c07002e009000be009000141d070049
:10541400004f98000e4890000004a2000004e00031
:10542400010032001cfa07006000b800008fbe00c3
:105434001700370024002000050020003e01420030
:10544400ae814a002e009000be0090003e02400053
:10545400ae8248000400be000202be001e017800b5
:105464009e0190000c1d0700004f98000e4890000c
:105474000004a2000004e0000100320006fa070064
:1054840042002000030020001e0f41005e974900e7
:10549400f07f2000010020001e0178009e01900092
:1054a400800f5100818f5900e2ff3600c21c0700b3
:1054b4006000b800008fbe00120037002e0090007c
:1054c400be0090003e024000ae8248000400be00d0
:1054d400d61c070050079800610798005e009000f2
:1054e400ee009000be0f5000ae8f58000100320055
:1054f400ebf9070022002000030020001e0f4100ea
:105504005e974900f07f2000010020001e01780012
:105514009e019000800f5100818f5900e7ff3600f3
:105524000080fa00000006000000fa000080fa0083
:10553400000006000200fa00004f7800f0c2b30039
:105544009e40780080cf50000800340090c3b30020
:105554009e40780080cf500004003c009e407800bc
:1055640000cdb30000c040001900370000c4b300f0
:105574009e40780080cf50000800340060c4b3001f
:105584009e40780080cf500004003c009e4078008c
:1055940090ccb30000c040000d00370000c6b3003b
:1055a4009e40780080cf50000800340060c6b300ed
:1055b4009e40780080cf500004003c009e4078005c
:1055c40090cab30000c040000100370000c0eb00e7
:1055d4000080fa00000006000600fa004047980028
:1055e400514798004e409000d2ff07000080fb0016
:1055f400000f78005e409000ceff07000080fb00a3
:10560400100798001e007800e10f400003003200ec
:105614001e009000e10f400002003a0000c0eb00c1
:10562400060037001e00780000407800c400dd004a
:105634001e0090000040780000c040000080fa0086
:1056440000000600f600fa0097f907005005200054
:10565400a10a2000531c07000084800011848000ec
:105664007f1c070088f0b70088d0bf000004a200a8
:105674000004e0000100320087f907000000eb009d
:10568400000f78000000eb0010079800a00e200027
:1056940030079800e06e210040079800ec004700b6
:1056a400740009008018eb000000eb00000f780084
:1056b4000a0037004e0090001e0040009040780021
:1056c4001e0090006c004000017778001e009000de
:1056d4000000e800100798001e0fe8003e0090004c
:1056e4009e007800808f5000f2ff39001e00900069
:1056f4006f006000500798005e0090000000e0001a
:10570400050032009e0090005e0090000080500072
:1057140070004000100798000000eb00200798007c
:10572400680037002e00900000004000000378005d
:105734002e009000e600b9006c0040006e40780036
:105744000080fb008000eb00c001dd0002002000af
:105754002e009000e600b9000000e8006c00400054
:105764006e4078000082fb008002eb004828dd00d8
:10577400c820de00810070004820dd0000017100b7
:10578400818171002e009000e600b9000080e800dd
:105794006c0040006e4078000080fb008000eb004d
:1057a4000000710081807100c231dd00829a210005
:1057b400028141000089be002e00900000004000dc
:1057c4000003e8002e009000e600b90063004000ea
:1057d4006c0040006e4078000080fb008000eb000d
:1057e400c001dd00020020002e009000e600b90098
:1057f400640040006c0040006e4078000082fb00b2
:105804008002eb004828dd00c820de008100700023
:105814004820dd0000017100818171002e0090009c
:10582400e600b900650040006c0040006e4078005e
:105834000080fb008000eb0000007100818071009b
:10584400c231dd00829a2100028141000089be003c
:105854002e009000000040000000e800c200dd00bf
:10586400809a21000080400010017800900190008f
:105874002e00900000004000c200dd00809a21004c
:105884000080400090009000100078002e029000ec
:105894004222dd006123b900048480001584800065
:1058a4000603420087834a000202be000001be00d4
:1058b4000600be00f81b07002e0090000000e80060
:1058c400200798002e0190009e009000b0aa2a00a4
:1058d4000008b8004208de00800f510091ff390033
:1058e400b51b07000040eb000080fa000000060032
:1058f4001a00fa00005f98000000eb00000f780027
:10590400e9f807000e5890000004e00067003a0030
:1059140002848000138480001207980023079800f3
:105924006000b8005007980061079800a00e20009e
:10593400300798003e0090006f00600070079800e8
:105944007e0090000000e00005003200be009000e0
:105954007e009000008050007000400030079800e6
:10596400e06e2100000f98000000eb00100f98007b
:105974000284800013848000120798002307980093
:105984000000eb00000f78002a0037001e00900092
:10599400ae009000a51b070050079800610798000f
:1059a4001e007800e300b9008e08900000814000da
:1059b4005e009000ee0090004008de000040780099
:1059c400004978001e007800e300b9000000e800f8
:1059d4008e089000008140005e009000ee00900070
:1059e400c809dd004800de0000807100c808de0040
:1059f40000407800004978001e007800e300b900f8
:105a04000080e8008e08900000804000de009000d6
:105a140081407800014878001e009000ae0090009c
:105a240062004000e08048001007980021079800b9
:105a34001e0fe800be009000b0aa2a000008b800bb
:105a44000100d1009e0f5000d0ff3e000040eb004b
:105a5400004f98000000eb00000f78000c003700a6
:105a6400c0442e001e00400090407800e06e2100eb
:105a74001e0040001040780080cf50000300320028
:105a840010c0b300004f9800040037001e0fe80058
:105a94001e007800e80f5000f1ff36000e48900019
:105aa4000004e00001003200bd0007000000eb002c
:105ab400000f7800b30037001e0078008000eb0070
:105ac400f202200003002000820f5000838f580050
:105ad400ab003e0000060100a90037002e0037008d
:105ae400a700370047003700a5003700a40037009f
:105af400a3003700a2003700a1003700a000370040
:105b04009f0037009e0037004e0037009c0037008e
:105b14009b0037009a00370099003700980037003f
:105b2400970037009600370095003700940037003f
:105b3400930037009200370091003700900037003f
:105b44008f0037008e0037008d0037008c0037003f
:105b54008b0037008a003700890037006c0037005b
:105b6400870037008600370085003700840037003f
:105b7400830037008200370081003700800037003f
:105b84007f0037007e0037006a003700720037005c
:105b94007b0037007a0037009e0078006780400061
:105ba40080004000e06e21000080400090407800ba
:105bb40000c0eb0000c068000080fb000000e900aa
:105bc4004f00de00004078009e0078008180400095
:105bd4006f814000e16e2100810041009140780016
:105be4008180fb008100ea00cf08de00814078005c
:105bf4000140600080407800a01e21000148780028
:105c04005f0037001e0178006700410080004000fb
:105c1400e06e210000804000104078000080fb000e
:105c2400cf80de007fac0700f22621003308240079
:105c340073ae070060ac0700000078003091880064
:105c44004f0037001e007800e300b9000080e80030
:105c5400c13b2e0000804000904078000e58900018
:105c640080cf5000450039001e007800000040003d
:105c7400ef004000e06e21000080400010407800fa
:105c84000004e0001a003a0000902000d103200034
:105c9400200f9800310f98009e0178006780410022
:105ca40080004000e06e2100008040001040780039
:105cb4000080fb008000eb000001be002e08900075
:105cc400be08900071ac0700200f9800310f9800b7
:105cd4002e099000be099000f28e8800038f880080
:105ce400f08e8000018f80009a1607002400370090
:105cf400c0b78000d1b78000f08e8800018f880083
:105d0400f08e8000018f8000921607001c0037007f
:105d14009e0178006780410080004000e06e210011
:105d24000080400090407800406d210001487800d8
:105d3400130037009e007800678040008000400018
:105d4400e06e21000080400090407800106d21003a
:105d5400014878000a0037001e01780067004100fe
:105d640080004000e06e21000080400090407800f8
:105d7400206d210001487800010037000000000078
:105d84001e0fe800f00220009e007800808f500073
:105d940049ff36000040eb000080fa0000000600d6
:105da4000200fa000040eb00004f780009003700c1
:105db4001e81fb001e80fb00c1442e0000804000b9
:105dc40090407800e06e2100000041000148780016
:105dd4001e4fe8001e407800e84f5000f4ff3600e4
:105de4000058220001002000c0b78800d1b7880005
:105df4000000eb00a0bd880000532700b0bd880060
:105e0400e07a210031c0b30001487800007c220010
:105e14009100200080bd880091bd8800907b210006
:105e2400c1c3b30001487800807b21008040eb00af
:105e3400014878000000200001152400e0bd88001e
:105e4400f1bd880080252000d0bd8800107c210091
:105e5400e1c3b30001487800007c210011c0b30005
:105e640001487800000020000115240020be8800ad
:105e740031be88002000200010be8800907c2100e4
:105e8400b1c2b30001487800807c210011c0b30086
:105e9400014878000000200001f4230060be88005f
:105ea40071be8800e02e200050be8800107e2100c4
:105eb40080c0eb0001487800a0f62a000000010031
:105ec400e0fd07000040eb000080fa00000006003f
:105ed4000200fa000000eb00000f78000000eb0065
:105ee400000f7800170037001e007800e300b900a7
:105ef400c13b2e0000804000904078001e017800d5
:105f04006700410000014000e06e210000004100f4
:105f1400014878001e007800e300b9000000e800a2
:105f2400c13b2e0000804000904078001e007800a5
:105f340000014000d06f21000000410001487800ba
:105f44001e0fe800f00220009e007800808f5000b1
:105f5400e5ff36000080fa00000006001400fa0095
:105f64000000eb00000f78004ff707002284800048
:105f74003384800012079800230798006000b8005b
:105f840050079800610798006006200030079800c9
:105f94003e0090006f006000700798007e00900043
:105fa4000000e00005003200be0090007e0090007a
:105fb400008050007000400030079800807d210070
:105fc400000f98000000eb00100f9800228480005e
:105fd4003384800012079800230798000000eb0028
:105fe400000f78002a0037001e009000ae009000d9
:105ff4000e1a070050079800610798001e007800e9
:10600400e300b9008e089000008140005e0090001b
:10601400ee0090004008de0000407800004978005f
:106024001e007800e300b9000000e8008e0890002c
:10603400008140005e009000ee009000c809dd0081
:106044004800de0000807100c808de0000407800cf
:10605400004978001e007800e300b9000080e800e1
:106064008e08900000804000de009000814078009f
:10607400014878001e009000ae00900062004000cd
:10608400e080480010079800210798001e0fe800e0
:10609400be009000b0aa2a000008b8000100d10098
:1060a4009e0f5000d0ff3e000040eb00004f9800d0
:1060b4000000eb00000f78000c003700c0442e00f5
:1060c4001e00400090407800807d21001e004000aa
:1060d4001040780080cf50000300320010c0b3009d
:1060e400004f9800040037001e0fe8001e007800df
:1060f400e80f5000f1ff36000e4890000004e00065
:10610400010032000b000700107e210010407800cf
:1061140090c08000a1c0800061004000e080480081
:1061240090c08800a1c088000040eb000080fa0005
:10613400000006000200fa000040eb00004f780067
:10614400090037001e81fb001e80fb00c1442e00a5
:106154000080400090407800807d210000004100d4
:10616400014878001e4fe8001e407800e84f5000b8
:10617400f4ff3600107e210080c0eb000148780057
:106184006000b80090c08800a1c08800408221004f
:1061940080c0eb00014878006081210080c0eb00e2
:1061a400014878002083210080c0eb00014878007a
:1061b400d200200041552e0070812100b1af0700ac
:1061c400030007000040eb000080fa000000060016
:1061d4008c00fa00b4f6070050052000a10a200044
:1061e4007019070020848000318480009c19070006
:1061f40088f0b70088d0bf000004a2000004e000cb
:1062040001003200a4f607000000eb00000f780044
:106214000000eb001007980060062000300798008b
:10622400807d210040079800ec0047003f000900f2
:106234008018eb000000eb00000f78000a00370024
:106244004e0090001e004000904078001e00900018
:106254006c004000017778001e0090000000e80008
:10626400100798001e0fe8003e0090009e00780082
:10627400808f5000f2ff39001e0090006f00600014
:10628400500798005e0090000000e0000500320016
:106294009e0090005e00900000805000700040005e
:1062a400100798000000eb002007980068003700f2
:1062b4002e00900000004000000378002e009000a3
:1062c400e600b9006c0040006e4078000080fb00de
:1062d4008000eb00c001dd00020020002e009000d1
:1062e400e600b9000000e8006c0040006e40780051
:1062f4000082fb008002eb004828dd00c820de009d
:10630400810070004820dd0000017100818171006e
:106314002e009000e600b9000080e8006c00400008
:106324006e4078000080fb008000eb0000007100ec
:1063340081807100c231dd00829a21000281410016
:106344000089be002e009000000040000003e80019
:106354002e009000e600b900630040006c0040008d
:106364006e4078000080fb008000eb00c001dd007f
:10637400020020002e009000e600b90064004000f6
:106384006c0040006e4078000082fb008002eb004d
:106394004828dd00c820de00810070004820dd00b0
:1063a40000017100818171002e009000e600b900a7
:1063b400650040006c0040006e4078000080fb00e7
:1063c4008000eb000000710081807100c231dd00ab
:1063d400829a2100028141000089be002e009000b3
:1063e400000040000000e800c200dd00809a2100a7
:1063f4000080400010017800900190002e00900071
:1064040000004000c200dd00809a210000804000ae
:1064140090009000100078002e0290004222dd00cf
:106424006123b9002484800035848000060342007f
:1064340087834a000202be000001be000600be00bf
:10644400151907002e0090000000e80020079800ae
:106454002e0190009e009000b0aa2a000008b80007
:106464004208de00800f510091ff3900d218070066
:106474000040eb000080fa0000000600f600fa007d
:1064840009f6070050052000a10a2000c5180700de
:106494000084800011848000f118070088f0b700a0
:1064a40088d0bf000004a2000004e0000100320014
:1064b400f9f507000000eb00000f78000000eb0086
:1064c40010079800a00e200030079800e06e21000d
:1064d40040079800ec004700740009008018eb00a6
:1064e4000000eb00000f78000a0037004e00900017
:1064f4001e004000904078001e0090006c00400098
:10650400017778001e0090000000e8001007980052
:106514001e0fe8003e0090009e007800808f50001f
:10652400f2ff39009e009000811f780010562e0063
:10653400801f7800609721006cae0700e487570045
:10654400609721009b1507001e0090006f006000fb
:10655400500798005e0090000000e0000500320043
:106564009e0090005e00900000805000700040008b
:10657400100798009e009000811f780090562e000e
:10658400801f78006097210058ae0700e487570009
:1065940060972100871507000000eb002007980092
:1065a400680037002e0090000000400000037800cf
:1065b4002e009000e600b9006c0040006e407800a8
:1065c4000080fb008000eb00c001dd000200200021
:1065d4002e009000e600b9000000e8006c004000c6
:1065e4006e4078000082fb008002eb004828dd004a
:1065f400c820de00810070004820dd000001710029
:10660400818171002e009000e600b9000080e8004e
:106614006c0040006e4078000080fb008000eb00be
:106624000000710081807100c231dd00829a210076
:10663400028141000089be002e009000000040004d
:106644000003e8002e009000e600b900630040005b
:106654006c0040006e4078000080fb008000eb007e
:10666400c001dd00020020002e009000e600b90009
:10667400640040006c0040006e4078000082fb0023
:106684008002eb004828dd00c820de008100700095
:106694004820dd0000017100818171002e0090000e
:1066a400e600b900650040006c0040006e407800d0
:1066b4000080fb008000eb0000007100818071000d
:1066c400c231dd00829a2100028141000089be00ae
:1066d4002e009000000040000000e800c200dd0031
:1066e400809a210000804000100178009001900001
:1066f4002e00900000004000c200dd00809a2100be
:106704000080400090009000100078002e0290005d
:106714004222dd006123b9000484800015848000d6
:106724000603420087834a000202be000001be0045
:106734000600be00581807002e0090000000e80074
:10674400200798002e0190009e009000b0aa2a0015
:106754000008b8004208de00800f510091ff3900a4
:10676400151807000080fa00000006000200fa0075
:10677400000f78000300370000e22400010020002d
:106784004d1a07001e00780000f0a7000000ea0080
:106794000000ea004f00de00004078001e0fe90010
:1067a4000004e000f4ff3a000080fa000000060054
:1067b4000000fa0000f021008040eb00014878005e
:1067c40010f021008040eb00014878000120800097
:1067d400f08f2f000080600000a0a000002088003f
:1067e4000000000001208000000e20008080600076
:1067f40000082000808f5000faff3a000004a8002f
:1068040081208000f0f32f00008060008020880049
:106814008120800000fc2f00008060003000b30065
:1068240080208800202d200090208800f0012c007a
:1068340030208800c1208000c0ff2f00008060004d
:10684400c020880080218000ff00600000f02f003d
:10685400010070008021880000228000ff00600099
:1068640000d02f0001007000002288003064a800ce
:106874004064a9000121800000ff2f000080600017
:10688400a000b300002188000080eb00a021880054
:106894000080eb00b0218800a06c2c00402288000e
:1068a40010112f005022880001218000f00f2f00ca
:1068b4008080600000a0200001007000002188009a
:1068c4001424ef001444a8001404a800c12080007c
:1068d400f0fc2f00008060000040a000c020880071
:1068e4000004a90030e4a800802180003000b30037
:1068f4008021880001cba90001aba80001588000c9
:10690400f0fc2f00008060000050a00000588800b8
:1069140001588000c0ff2f000080600000588800ec
:10692400600420001058880070002000705888000f
:10693400204420006058880000c0210020588800ae
:1069440000c021003058880001eba80011cba90039
:1069540011aba90081588000f0fc2f00008060007a
:106964000050a0008058880081588000c0ff2f008c
:106974000080600080588800200220009058880021
:1069840070002000f058880000442000e05888007f
:1069940000c02100a058880000c02100b058880021
:1069a40011eba80001208000000e20000080600090
:1069b4000000e0000900320001208000f08f2f0069
:1069c400008060000020880001208000000e20006c
:1069d400008060000000e000fbff3a000080fa0045
:1069e400000006000600fa008020800000407800c5
:1069f400f043b2000080fb00000f78001e00e800a6
:106a0400f400b9008000eb000001be00c01e2400a9
:106a1400511320001da907001007980021079800b2
:106a24001e009000ae0090000080fa0000000600f6
:106a34000600fa0010079800210798000120800042
:106a4400f08f2f000080600000a0a00000208800cc
:106a54000000000001208000000e20008080600003
:106a640000082000808f5000faff3a002e009000aa
:106a7400f401b9001e009000e000b90000014100db
:106a84009e009000400120000008b8000101410070
:106a9400820078000001be00c01e240051132000b3
:106aa400faa8070000007800000fe9001e00780033
:106ab40000407800f043b2008080fb00f003200027
:106ac400008060008220800001fc2f0081006100b2
:106ad400010070008020880001208000f08f2f00ca
:106ae4000080600000208800000000000120800079
:106af400000e2000008060000000e000fbff3a0070
:106b04000080fa00000006000e00fa00889fbe0014
:106b14008a9fbe008c9fbe00004f78001207980029
:106b240023079800340798004507980056079800f3
:106b34006707980001208000000e2000808060001c
:106b440000082000808f50000b00320001208000dc
:106b5400f08f2f000080600000a0a00000208800bb
:106b640001208000000e20008080600000082000ca
:106b7400808f5000faff3a000004a8001e80fb003a
:106b8400e10f50002a003200e10f500003003c00e6
:106b94000000e000080032008200370001082000f5
:106ba400810f50000400320011082000810f5000b2
:106bb4001f0032007b003700c1208000c0ff2f007f
:106bc40000806000c0208800de009000f07f20007c
:106bd400008060004500dd0081218000ff806000ae
:106be40001007000802188009e009000f07f20004a
:106bf400008060004500dd0001228000ff8060000d
:106c040001007000002288003064a8004064a900dc
:106c14000121800000ff2f0000806000a000b3006d
:106c2400002188001404a8000004a9005d003700b6
:106c34004064a8003064a9003e009000ce0090009b
:106c44004208de0001002000100798002107980088
:106c54003e019000ce019000f0ff2f003100200093
:106c64000202780003017800800178008100780036
:106c7400030062008100610081067800000678004c
:106c84000c00be0030079800410798003eb89700fa
:106c9400ceb897004209de0003002000f07f2000f8
:106ca40001002000020278000301780080017800ce
:106cb4008100780003006200810061008105780092
:106cc400000578000a00be0050079800610798008c
:106cd4003eb99700ceb99700f0ff2f003100200095
:106ce40002027800030178008001780081007800b6
:106cf40003006200810061008104780000047800d0
:106d04000800be0030bf9f0041bf9f005e0090009e
:106d14004501dd003eb89700ceb897004008de007c
:106d2400000078006300600002007000a021880069
:106d34003eb89700b02188001e0090004501dd0098
:106d44003e009000ce0090004008de000000780075
:106d54006300600002007000a000b30040228800bd
:106d64003e0090005022880001218000f00f2f0087
:106d74008080600000a020000100700000218800d5
:106d84001424ef001444a800c1208000f0fc2f005c
:106d9400008060000040a000c02088000004a9001a
:106da4000000000001208000000e20000080600030
:106db4000000e0000900320001208000f08f2f0065
:106dc400008060000020880001208000000e200068
:106dd400008060000000e000fbff3a004f06be00a8
:106de4004f05be004f04be000080fa0000000600fc
:106df4001800fa00889fbe008a9fbe008c9fbe00c8
:106e0400200798003107980042079800530798001c
:106e1400444f98007507980006579800170f98007c
:106e24004e4890000080fb00e10f50001800320033
:106e3400e10f500003003c000000e00008003200b5
:106e44008000370001082000810f5000410032000b
:106e540011082000810f50004a00320079003700e9
:106e64002e009000c200dd004e4890000080fb0020
:106e7400630060000100700000e088000000eb0087
:106e840010e088008000200020e088006d003700ba
:106e94004e009000de0090004009de000300200058
:106ea400c0ff2f00010020000202780003017800d7
:106eb4008001780081007800030062008100610095
:106ec400310f9800200f98002e089000be08900003
:106ed40020079800310798004e019000de019000d1
:106ee400f0ff2f0031002000020278000301780037
:106ef4008001780081007800030062008100610055
:106f040081067800000678000c00be004007980057
:106f1400510798002e0090000000a00000e08800b7
:106f24004e009000de0090004a09dd004600de00bd
:106f340000007100c608de000000780010e0880040
:106f44004e0090004a00dd000030a00020e08800e0
:106f54003c0037002e009000c200dd004e48900037
:106f64000080fb00630060000100700000e0880006
:106f74000000eb0010e088008000200020e0880082
:106f8400300037004e009000de0090004009de0023
:106f940003002000c0ff2f0001002000020278003f
:106fa400030178008001780081007800030062000a
:106fb4008100610081057800000578000a00be00a8
:106fc40020079800310798004e019000de019000e0
:106fd400f0ff2f0031002000020278000301780046
:106fe4008001780081007800030062008100610064
:106ff40081047800000478000800be00400798006f
:10700400510798002e0090000000a00000e08800c6
:107014004e009000de0090004a09dd004600de00cc
:1070240000007100c608de000000780010e088004f
:107034004e0090004a00dd000030a00020e08800ef
:10704400000000007e009000104078000080fb00eb
:10705400c800dd000e5090000080fb0001007000ad
:1070640030e088007e0090000080e8001040780046
:107074000080fb00c800dd007e0090000000e800f6
:10708400104078000080fb000100700040e08800a0
:107094007e00900064004000104078000080fb00f7
:1070a400c800dd007e0090006300400010407800be
:1070b4000080fb000100700050e088007e0090001a
:1070c40066004000104078000080fb00c800dd002e
:1070d4007e00900065004000104078000080fb00b6
:1070e4000100700060e088003064a80058150700b3
:1070f400008fbe000b0037001e0890008000eb00dc
:107104000001be001e0078009e0090005515070087
:10711400e14f500003003a003064a90010c0b300ee
:107124000d00370080218000680060000000e0004e
:10713400080032001e0890008000eb000001be0031
:107144001e0078009e00900046150700e14f500095
:10715400e9ff3a000040eb004f06be004f05be00b9
:107164004f04be000080fa00000006000400fa008c
:10717400000f780021479800c0f7210000e0880044
:107184000000eb0010e088008000200020e0880070
:107194001e007800104078000080fb00c800dd006d
:1071a4002e4090000080fb000100700030e0880059
:1071b4001e80e800104078000080fb00c800dd005d
:1071c4001e00e800104078000080fb000100700001
:1071d40040e088009e007800648040001040780001
:1071e4000080fb00c800dd001e0178006300410040
:1071f400104078000080fb000100700050e088001f
:107204009e00780066804000104078000080fb00fb
:10721400c800dd001e0178006500410010407800c0
:107224000080fb000100700060e088003064a8006a
:107234000000000080218000680060000000e00081
:10724400fcff3a000080fa00000006003200fa0059
:10725400889fbe008a1f7800206f980061179800ed
:1072640072179800031f980000000000012180009d
:1072740000402000008060000000e000fbff3200be
:107284002144a9002e6890000080fb000108200022
:10729400810f50005000320011082000810f50006f
:1072a40071003a00a01e210010407800e14f500008
:1072b40066003a0000e580008000eb00c001dd00bc
:1072c4000200200000002000c1ff21000205780018
:1072d40003017800800178008100780003006500d4
:1072e40081006100810478000004780010e58000ca
:1072f4008000eb004609dd00ca01de008301710055
:107304004601dd0000fc2f0031002000020578005a
:107314000301780080017800810078000300650093
:107324008100610081037800000378000600be003c
:10733400000374008183740020e580004a00de00ad
:107344006101b800f003200001002000020478006d
:107354000301780080017800810078000300640054
:107364008100610081027800000278000400be0000
:1073740000007300818073000e81e800809fbe00ce
:10738400806d2e00801f780002007800d7aa0700c5
:10739400e68757000e80e80006120700b01e2100a1
:1073a40010407800e14f500002003a0000c2b300e0
:1073b400f4110700c01e210010407800e14f500076
:1073c40024003a0030e58000804078006e10900080
:1073d4000148780024003700a01e210010407800e6
:1073e400e14f50001d003a0000e58000c200de00bd
:1073f4000e80e800811f7800f16d2e00811f780057
:10740400baaa0700e48757000e80e800e9110700d4
:10741400b01e210010407800e14f500002003a00f5
:1074240000c2b300d7110700c01e2100104078002d
:10743400e14f50000b003a0030e5800080407800b6
:107444006e1090000148780007003700000000002b
:1074540005003700000000000300370000000000b2
:1074640001003700000000000000eb00000f78006e
:10747400200037001e0078000000e0000d003200fc
:107484001e00780000004000ee1090008080400054
:107494001e017800630041000005b00000014000b7
:1074a40000c0210000004100100078000040780076
:1074b400804878001e007800000040000000e800ca
:1074c400ee109000808040001e01780063004100af
:1074d4000005b0000001400000c021000000410090
:1074e400100078004800de000040780080487800f2
:1074f4001e0fe8001e007800e30f5000ddff34008b
:1075040030e58000804078007e10900001487800cb
:1075140010c0b3004f0578004f04be000080fa008d
:10752400000006003600fa00301798004117980052
:107534005217980063179800646f9800051f98000d
:10754400161f9800271f98001e189000e70f500080
:1075540019003e00e4004700030009008018eb0016
:107564001e189000004078006f406000404798006b
:10757400640047000000e8001e1990008e18900077
:10758400c0aa07001e1890008040780064004700dd
:10759400ae1b900001437800800278006e6a900070
:1075a4005e119000ee1190003e109000ce109000fd
:1075b4000ffe070060003700ec00470003000900dd
:1075c4008018eb000040eb00405798001e18900014
:1075d4004800de00004078006f4060000044a000d6
:1075e400404f98001e18900000407800504f9800bb
:1075f4006c0047000080e800620020008e189000b4
:10760400a0aa07006c004700ae1b900086c0b30020
:10761400800278006e6a90005e119000ee11900076
:107624003e109000ce109000f1fd07000000000015
:10763400f400470075004700ae199000010178007e
:10764400800078006e68900000ff07000004a2002c
:107654000004e000f6ff3a005e5090000080fb005a
:107664004400de0000407800e34f500031003a004f
:1076740060002000000f780010c0b300204798007d
:1076840027003700fd004700070009008058eb0081
:107694002e4090006f4060000054a000505f98009e
:1076a4002e4090000040e800204798001e189000eb
:1076b4001e005000e70f500001003600700020004b
:1076c400304798003e4090000081fb000e18900067
:1076d4009e0040007d0047000000e80069aa070002
:1076e4007d0047001e004000ae1b90003e4390000a
:1076f400800278006e6a90005e119000ee11900096
:107704003e109000ce109000b9fd07003e4090005e
:107714000080fb001e0f40001000200066160700ca
:107724001e1890009e007800808f5000d5ff39000d
:1077340001003700000000000080fa00000006008d
:107744003000fa000067980011179800221798007b
:107754003317980044179800551798006617980037
:10776400771798000040eb0070579800f700470027
:107774006f004700be11900001017800800078007e
:107784000e609000b1fe07000004a2000004e000b7
:10779400020032000040eb00c30037007e48900036
:1077a4000080fb004400de00104f98001e4890004b
:1077b4000004e0001b003a007e4890006f40600027
:1077c400204f98007e489000ef4060002e109000fb
:1077d400014878000040eb00004f780009003700b2
:1077e4001e80fb009e109000008040009e80fb00e5
:1077f4008100e800ef804000eec078000148780086
:107804001e4fe8002e4890009e40780080cf500024
:10781400f3ff3900506e2e00e610070010c0b300cd
:10782400a10037001e489000e14f50009d003a002f
:10783400a06e2e00df1007007e4890000080fb0041
:107844006f006000c800dd000e5090000080fb0057
:107854000100700060079800ee009000811f78001e
:10786400f06e2e00801f780020f021009fa90700f1
:10787400e487570020f02100ce1007006f00470076
:107884000080e80062002000800078001e10900054
:10789400fca907000000eb00100798001000370057
:1078a4001e0090009e109000008040001040780060
:1078b4000080fb00801f7800f06f2e00801f78008e
:1078c40020f0210089a90700e487570020f0210057
:1078d400b81007001e0090000000e8001007980090
:1078e4001e009000e50f5000edff34006000200002
:1078f40020079800f8004700030009008018eb00f7
:1079040000c3b300005f98000040eb00105f9800d4
:107914000040eb00205f98000000eb003007980067
:107924000f0037003e009000780040006e40780061
:107934000080fb00801f7800f06f2e00801f78000d
:1079440020f0210069a90700e487570020f02100f6
:10795400981007003e0090000000e80030079800ef
:107964003e009000e70f5000eeff3400780047001f
:10797400be13900086c0b300800278000e629000af
:107984006e119000fe1190004e109000de109000d9
:1079940017fd070040702e008610070010c0b300ca
:1079a400004f98003500370000000000f700470042
:1079b4006f004700be11900001017800800078003c
:1079c4000e60900021fe07000004a2000004e00005
:1079d400f6ff3a007e4890000080fb004400de0081
:1079e40000407800e24f500007003a007e489000c3
:1079f4000080fb00ef0060000e4890000080fb0058
:107a0400808f5000020032000040eb002600370057
:107a14000e4890000040e8006f406000004f98005e
:107a2400ee0090002e00900000805000e70f500000
:107a34000100360070002000604f98006e489000ee
:107a44008080fb006f0047000000e8009e1190005a
:107a54002e019000828141000101780080007800ad
:107a64000300780087a907006e4890000080fb009f
:107a7400ae0090000080400020079800ae00900007
:107a84006e009000808f5000c7ff39006e00900098
:107a9400804078002e1090000148780010c0b30098
:107aa400010037000040eb000080fa0000000600ef
:107ab4000800fa0020079800310798002e00900073
:107ac400be0090004008de00004f7800ae00900039
:107ad4001107980001208000f08f2f0000806000c3
:107ae40000a0a00000208800000000000120800009
:107af400000e20008080600000082000808f50006d
:107b0400faff3a001e80fb00802088009e0090004f
:107b14009120880001208000f08f2f0000806000f9
:107b2400002088000000000001208000000e2000da
:107b3400008060000000e000fbff3a000080fa00d3
:107b4400000006000400fa00822080006112b800e0
:107b5400f20f2000030020000403780005027800df
:107b640082027800830178000501630083016200ca
:107b74008300780002007800c001dd0002002000cc
:107b8400902080008000eb00001f710001977100bd
:107b94001e0078009e0090000080fa00000006009d
:107ba4000200fa00010ea900204ea800284ea800e9
:107bb4002268a8000268a9002a4ea800c3e8a80009
:107bc40011cea90013cea8005200200021572e0088
:107bd400402522002ba907005200200021572e0027
:107be4009025220027a907002071ef0020d1bf00b3
:107bf4002af1b7002ad1bf0029f1b70029d1bf006b
:107c040028f1b70028d1bf0027f1b70027d1bf0062
:107c140025f1b70025d1bf0024f1b70024d1bf005e
:107c240022f1b70010c0b3002ef1b7002ed1bf006f
:107c34002df1b7002dd1bf002cf1b7002cd1bf001e
:107c440026f1b70026d1bf0023f1b700004b200076
:107c5400f08788000031ef00005327001088880067
:107c640080252000208888001000200030888800ab
:107c7400803e20004088880080bb20005088880017
:107c8400007d200060888800000020000115240089
:107c9400a0888800b188880030332300311524007f
:107ca400c0888800d1888800d0cc2c00c1e423008f
:107cb400e0888800f1888800c0c3b300faf0b700f8
:107cc400e0c3b300fbf0b7007200200071572e0030
:107cd40000242200eba807000c31ef000040eb0069
:107ce4002e02070080712100104f78009e80fb0057
:107cf400f0072000008060000000e0002a0032004d
:107d040072002000e1572e0000242200dda80700a5
:107d14009e80fb0000042000008060000000e00062
:107d24000200320010c0b3001c0207009e80fb005a
:107d340000022000008060000000e00002003a0021
:107d440010c0b30022f1b7001e80fb007000600079
:107d54000000e00003003200004b2000f0878800a0
:107d640002003700c0122000f08788001e80fb004c
:107d7400640060000000e0000200320010c0b300a4
:107d840020f1b7001e80fb00620060000000e000ec
:107d94000300320080382100608888000200370028
:107da400803e2000608888000080fa000000060001
:107db4003200fa00881f78000000eb00701798006a
:107dc4000040eb00007798000e00e8000124220038
:107dd400811f780051582e00811f780081022000f5
:107de40017a80700e48757000e00e800710f07008a
:107df40021d1bf000004e0000200320040592e00ef
:107e04000100370090592e000e01e800801f780011
:107e1400d0592e00801f78008102200002007800d3
:107e240007a80700e48757000e00e800610f070069
:107e3400f187800022d1bf000004e000020032007c
:107e4400705b2e0001003700a05b2e000e01e800dd
:107e5400811f7800801f7800e05b2e00801f78006f
:107e64008102200002007800f5a70700e68757008a
:107e74000e00e8004f0f070013888000018880007f
:107e840023d1bf000004e00002003200705b2e002a
:107e940001003700a05b2e000e01e800831f78006c
:107ea400811f7800801f7800405d2e00801f7800bd
:107eb4008102200002007800e1a70700e88757004c
:107ec4000e00e8003b0f070024d1bf000004e000cf
:107ed4000200320040592e000100370090592e0054
:107ee4000e01e800801f7800d05e2e00801f78000d
:107ef4008102200002007800d1a70700e487570020
:107f04000e00e8002b0f0700538880002ad1bf0021
:107f14000004e0000200320041592e000100370045
:107f240091592e0025d1bf000004e0000200320068
:107f3400705b2e0001003700a05b2e000e01e800ec
:107f4400831f7800811f7800801f780040602e0016
:107f5400801f78008102200002007800b8a7070083
:107f6400e88757000e00e800120f070063888000be
:107f74002ad1bf000004e0000200320091592e0013
:107f84000100370041592e0026d1bf000004e00053
:107f940002003200705b2e0001003700a05b2e004f
:107fa4000e01e800831f7800811f7800801f78008d
:107fb40010622e00801f78008102200002007800e9
:107fc4009fa70700e88757000e00e800f90e070096
:107fd4002ed1bf000004e00016003200a08880000b
:107fe400b1888000920220000e014100809fbe00f3
:107ff400d0632e00801f780002007800aca7070031
:10800400e6875700fad0bf00606f9800a088800010
:10801400b1888000ca0107000004e00002003200b9
:108024000040eb000100370010c2b300706f9800ed
:108034000a00370071888000900220000e00400082
:10804400811f780021642e00811f780098a7070003
:10805400e48757000040eb00606f9800218880009f
:1080640027d1bf000004e00002003200705b2e0044
:1080740001003700a05b2e000e01e800811f78008c
:10808400910220008e804000811f7800e1022000d0
:108094008e804000811f7800801f780060642e006d
:1080a400801f7800810220000200780064a7070086
:1080b400ea8757000e00e800be0e07002cd1bf006f
:1080c4000004e00016003200c0888000d1888000df
:1080d400920220000e014100809fbe00d0632e005a
:1080e400801f78000200780071a70700e687570018
:1080f400fbd0bf00606f9800c0888000d1888000ea
:108104008f0107000004e000020032000040eb0091
:108114000100370010c2b300706f98000a003700e6
:1081240081888000900220000e004000811f7800aa
:1081340021642e00811f78005da70700e4875700a3
:108144000040eb00606f98003188800028d1bf00a8
:108154000004e00002003200705b2e0001003700d2
:10816400a05b2e000e01e800811f78009102200020
:108174008e804000811f7800e10220008e80400044
:10818400811f7800801f780040662e00801f7800d1
:10819400810220000200780029a70700ea8757001f
:1081a4000e00e800830e07000040eb00004f78004b
:1081b400fcd0bf000000fb00b1022000810f500082
:1081c40003003200d1022000810f500007003a0062
:1081d4001e80fb00c10f210091407800e002b00036
:1081e400017778001e4fe800020037000040eb00e2
:1081f400606f98002dd1bf000004e0001c00320025
:10820400e0888000f1888000920220000e01410085
:10821400809fbe00d0632e00801f7800020078008b
:1082240023a70700e68757001e84fb00e088800030
:10823400f1888000420107000004e00002003200df
:108244000040eb000100370010c2b300e10220003f
:108254008880400000f778001e80fb000000e800e2
:10826400e002b0008040eb00017778000c0037009a
:1082740091888000900220000e004000811f780049
:1082840021642e00811f780009a70700e4875700a6
:108294001e80fb00e002b0008040eb000177780014
:1082a4004188800029d1bf000004e00002003200b0
:1082b400705b2e0001003700a05b2e000e01e80069
:1082c400811f7800910220008e804000811f780079
:1082d400e10220008e804000811f7800801f78001a
:1082e40010682e00801f78008102200002007800b0
:1082f400d3a60700ea8757000e00e8002d0e0700fa
:108304004f0478000080fa00000006000000fa0024
:1083140013cea80027d1bf000004e00006003200fd
:10832400780107000004e000030032008000eb0045
:10833400006a2e00020007000080fa000000060018
:108344000400fa00000f780011079800316a2e002b
:108354001e00780052a707000000e0000f00320062
:10836400716a2e001e0078004da707000000e0008f
:108374000a003200016a2e001e00780048a7070098
:108384000000e00005003200c16a2e001e007800e3
:1083940043a707000000e00013003a00681207003a
:1083a400000000007c120700800078001e0090008e
:1083b400808f5000fbff3900006b2e00fd0d07007d
:1083c400000000002c0e07000004a2000004e000de
:1083d400fcff3a0013cea900050007009e007800b8
:1083e4004025220039a707000080fa00000006009b
:1083f4000000fa005212070023d1bf000004e0007d
:108404000100320018cea80028d1bf000004e0000b
:1084140003003a0029d1bf000004e000010032004b
:10842400aa1107000040fe004b1207005e1207006d
:108434000080fa00000006001e00fa0090252200c9
:10844400801f780040252200801f7800f06b2e00ea
:10845400801f78000e00780086a60700e687570084
:108464000e007800d30d07000080fa00000006001b
:108474000200fa00004f7800114798001e4178006e
:1084840021122100824878001e41900031122100ff
:10849400824878000080fa00000006000200fa001a
:1084a400004f7800e0888000f1888000a400070075
:1084b4000004e000070032001e4078000004e000e1
:1084c4000400320010c0b30029f1b7007311070093
:1084d400010037002971ef000080fa000000060057
:1084e4000200fa00004f780011479800a08880002d
:1084f400b1888000920007000004e0000700320009
:108504001e80fb0000f0a7000000ea000000ea0063
:108514004f00de0000407800010037000040eb000f
:1085240027f1b700c0888000d1888000840007004c
:108534000004e000080032001e4090000080fb00b0
:1085440000f0a7000000ea000000ea004f00de008f
:1085540000407800010037000040eb0028f1b7002c
:1085640027d1bf000004e00003003a0028d1bf0077
:108574000004e00001003200481107000080fa0006
:10858400000006000200fa00000f78009e00780048
:10859400f18788000080fa00000006000200fa005b
:1085a400004f78001e4178001112210082487800a3
:1085b40021d1bf00614060000080fb0061006000c9
:1085c4004800dd00117080000180a10001007000ee
:1085d400107088000080fa00000006000400fa0011
:1085e400000f7800110798009e0078000188880029
:1085f4009e009000118888000080fa0000000600a8
:108604000200fa00004f78001e417800a1122100f8
:10861400824878000080fa00000006000200fa0098
:10862400004f7800114798001e4178005112210034
:10863400824878001e41900061122100824878002f
:108644000080fa00000006000600fa00004f7800df
:1086540011079800220798001e417800a10f2100fd
:10866400824878001e00900070888800ae00900058
:10867400218888000080fa00000006000600fa0045
:10868400004f780011079800220798001e417800d7
:10869400b10f2100824878001e0090008088880075
:1086a400ae009000318888000080fa0000000600c7
:1086b4000800fa0020479800210798003207980024
:1086c4003e0090008000d100303128000008b8003e
:1086d4004608de00000f78009e007800a00f2000fe
:1086e4008088b900000f78003e0090001e00100042
:1086f400a10f2000808040003e0090001e0050002a
:10870400808f5000030039001e0078000000e00054
:1087140002003a00a10f20001e8f40002e0090009e
:1087240090888800ae409000c20f21000149780073
:108734001e017800428888000080fa0000000600cc
:108744000400fa00889fbe008a1f7800008fbe00d4
:1087540018c0b3006011b8001e0078009e0090009d
:1087640093a107000000e00001003d000044eb007d
:108774000804e000030032000800200009f8230088
:10878400010037006044b800e0908000f190800060
:10879400a7a1070002002000a3472400b9a20700f4
:1087a4001ac0b3000001be000800be007ea107008d
:1087b4000000e000010035000045eb000a407800ad
:1087c4004f0578004f04be000080fa000000060048
:1087d4000000fa0022d1bf000080fa000000060069
:1087e4000000fa00f08780000080fa000000060014
:1087f4000200fa00000f7800716a2e001e00780053
:1088040027a607000000e0000f003200c16a2e0016
:108814001e00780022a607000000e0000a003200d3
:10882400316d2e001e0078001da607000000e00038
:1088340005003200016a2e001e00780018a6070009
:108844000000e00003003a009e007800902522001a
:108854001ea607000080fa00000006000000fa00cf
:10886400889fbe00003a8000680060000000e000bd
:108874002000320023d1bf000004e0001c003200bd
:10888400008880006104b800f08e8000018f8000b1
:108894000001be0000042000010020007ba10700ad
:1088a400823e20008289b900e002b9008401780088
:1088b40003014100833e20000300b8000101410090
:1088c4008200780012002000800f5400818f5c0029
:1088d400010036000001eb0010888000800f510079
:1088e40003003e004067a90010c0b3000200370037
:1088f4000040fe000040eb004f04be000080fa0080
:10890400000006000200fa00881f78000040eb0017
:10891400004f7800b10f210091407800e0c3b3000c
:1089240080cf500043003a002cd1bf000004e00087
:108934002a003200691007004a1007000002be0036
:10894400c0888000d188800018c0b3000001be0038
:108954000400be0016a107000000e00001003c0076
:108964000044eb000804e00074003200f410070037
:108974000a0037005910070007110700800078002b
:1089840032888000803e20008090b900808f5000a3
:108994000200390010c0b300004f78003110070006
:1089a4000002be00c0888000d188800018c0b300d7
:1089b4000001be000400be00fda007000000e000ae
:1089c40001003c000044eb000804e000e9ff3a0029
:1089d400e1100700f4100700580037003f100700ab
:1089e40081888000810f500054003600d4100700a5
:1089f40009003700e8100700800078003288800002
:108a0400803e20008090b900808f50000200390021
:108a140010c0b300004f7800301007008188800038
:108a2400810f5000f3ff3e00cb100700de1007005b
:108a3400420037002cd1bf000004e0002a003200bd
:108a440026100700071007000002be00c08880003f
:108a5400d188800018c0b3000001be000400be002d
:108a6400d1a007000000e000010035000044eb0045
:108a74000804e00031003200b11007000a0037009a
:108a840016100700c41007008000780032888000a8
:108a9400803e20008090b900808f50000200390091
:108aa40010c0b300004f7800ee0f07000002be00b4
:108ab400c0888000d188800018c0b3000001be00c7
:108ac4000400be00b8a007000000e000010035006b
:108ad4000044eb000804e000e9ff3a009e100700a0
:108ae400b110070015003700fc0f070081888000d3
:108af400810f500011003100911007000900370068
:108b0400a51007008000780032888000803e200095
:108b14008090b900808f50000200390010c0b3006b
:108b2400004f7800ed0f070081888000810f50000e
:108b3400f3ff3900881007009b1007001e407800df
:108b44004f0478000080fa00000006001000fa00cc
:108b5400889fbe008a1f78002dd1bf000004e0006a
:108b640042003200dd0f0700be0f0700008fbe0079
:108b740073100700000000008710070080007800d1
:108b840040888000808f5000fbff3900721007007e
:108b940085100700d10f0700803e2000f110070068
:108ba400b00f07002007980031079800e088800084
:108bb400f188800018c0b3006011b8007ca00700e1
:108bc4000000e00001003c000044eb000804e00069
:108bd400130032001e0178009e0190002e009000c8
:108be400be009000b9a007000002be00e08880002b
:108bf400f188800018c0b3000001be000400be006c
:108c04006ba007000000e00001003c000044eb0002
:108c14000804e0005300320010c0b30052003700d3
:108c24001e0178009e0190002e009000be0090006e
:108c3400a6a007000002be00e0888000f188800042
:108c440018c0b3000001be000400be0056a0070017
:108c54000000e000010035000044eb000804e000df
:108c64004000320010c0b3003f0037009b0f0700e4
:108c74008000eb006ea007004007980051079800a1
:108c84002f10070000000000431007008000780048
:108c940040888000808f5000fbff39002e100700b1
:108ca400411007008d0f07008000eb0060a0070053
:108cb4006007980071079800908880000000e00029
:108cc400140032004e019000de0190006e0090000e
:108cd400fe0090007da007000004be009088800084
:108ce4008000eb0052a007001ac0b3000001be00d0
:108cf4000800be002ea007000000e00001003c00b8
:108d04000045eb000a04e0001600320010c0b30076
:108d1400150037004e019000de0190006e009000b7
:108d2400fe00900069a007000004be009088800047
:108d34008000eb003ea007001ac0b3000001be0093
:108d44000800be0018a007000000e0000100350084
:108d54000045eb000a04e0000200320010c0b3003a
:108d6400010037000040eb004f0578004f04be00bf
:088d74000080fa000000060077
:020000040000fa
:020000040001f9
:108d7c000000fa00003a80000080fa0000000600b3
:108d8c000200fa00faff0700000f78001e007800be
:108d9c00240007000004e00002003200000028005c
:108dac00710007001e0078002a0007000004e00094
:108dbc0002003200000024006b0007001e00780047
:108dcc00320007000004e000020032000020200006
:108ddc00650007001e0078003a0007000004e00060
:108dec0002003200000820005f0007001e0078001f
:108dfc00420007000004e0000200320000042000e2
:108e0c00590007001e0078004a0007000004e0002b
:108e1c000200320000012000530007000080fa001d
:108e2c00000006000400fa00100798000040eb0058
:108e3c00004f78001e0090000000e00002003d0092
:108e4c0010c0b300004f78001e4078000080fa007c
:108e5c00000006000400fa00100798000040eb0028
:108e6c00004f78009e0090000000240000806000fd
:108e7c000000e0000200320010c0b300004f780088
:108e8c001e4078000080fa00000006000400fa0082
:108e9c00100798000040eb00004f78009e009000f7
:108eac0000202000008060000000e0000200320082
:108ebc0010c0b300004f78001e4078000080fa000c
:108ecc00000006000400fa00100798000040eb00b8
:108edc00004f78009e009000000820000080600089
:108eec000000e0000200320010c0b300004f780018
:108efc001e4078000080fa00000006000400fa0012
:108f0c00100798000040eb00004f78009e00900086
:108f1c0000042000008060000000e000020032002d
:108f2c0010c0b300004f78001e4078000080fa009b
:108f3c00000006000400fa00100798000040eb0047
:108f4c00004f78001e009000700060000000e000f0
:108f5c000200320010c0b300004f78001e407800b1
:108f6c000080fa00000006000200fa00000f7800f2
:108f7c009e80ea00003a800000806000003a880081
:108f8c000080fa00000006000000fa004027ef0005
:088f9c000080fa00000006004d
:020000040000fa
:020000040001f9
:108fa4000000fa0001428000f0ff28000080600009
:108fb40000c0a0000042880001438000f0f82f00a8
:108fc400008060000040a00000438800314280001f
:108fd40080ff2f00008060000000a0003042880065
:108fe40021428000f0ff28000080600000c0a00043
:0c8ff400204288000080fa000000060007
:020000040000fa
:020000040001f9
:109000000000000000000000000000000000000060
:109010000000000000000000000000000000000050
:109020000000000000000000000000000000000040
:109030000000000000000000000000000000000030
:109040000000000000000000000000000000000020
:109050000000000000000000000000000000000010
:109060000000000000000000000000000000000000
:1090700000000000000000000000000000000000f0
:1090800000000000000000000000000000000000e0
:1090900000000000000000000000000000000000d0
:1090a00000000000000000000000000000000000c0
:1090b00000000000000000000000000000000000b0
:1090c00000000000000000000000000000000000a0
:1090d0000000000000000000000000000000000090
:1090e0000000000000000000000000000000000080
:1090f0000000000000000000000000000000000070
:10910000000000000000000000000000000000005f
:10911000000000000000000000000000000000004f
:10912000000000000000000000000000000000003f
:10913000000000000000000000000000000000002f
:10914000000000000000000000000000000000001f
:10915000000000000000000000000000000000000f
:1091600000000000000000000000000000000000ff
:1091700000000000000000000000000000000000ef
:1091800000000000000000000000000000000000df
:1091900000000000000000000000000000000000cf
:1091a00000000000000000000000000000000000bf
:1091b00000000000000000000000000000000000af
:1091c000000000000000000000000000000000009f
:1091d000000000000000000000000000000000008f
:1091e000000000000000000000000000000000007f
:1091f000000000000000000000000000000000006f
:10920000000000000000000000000000000000005e
:10921000000000000000000000000000000000004e
:10922000000000000000000000000000000000003e
:10923000000000000000000000000000000000002e
:10924000000000000000000000000000000000001e
:10925000000000000000000000000000000000000e
:1092600000000000000000000000000000000000fe
:1092700000000000000000000000000000000000ee
:1092800000000000000000000000000000000000de
:1092900000000000000000000000000000000000ce
:1092a00000000000000000000000000000000000be
:1092b00000000000000000000000000000000000ae
:1092c000000000000000000000000000000000009e
:1092d000000000000000000000000000000000008e
:1092e000000000000000000000000000000000007e
:1092f000000000000000000000000000000000006e
:10930000000000000000000000000000000000005d
:10931000000000000000000000000000000000004d
:10932000000000000000000000000000000000003d
:10933000000000000000000000000000000000002d
:10934000000000000000000000000000000000001d
:10935000000000000000000000000000000000000d
:1093600000000000000000000000000000000000fd
:1093700000000000000000000000000000000000ed
:1093800000000000000000000000000000000000dd
:1093900000000000000000000000000000000000cd
:1093a00000000000000000000000000000000000bd
:1093b00000000000000000000000000000000000ad
:1093c000000000000000000000000000000000009d
:1093d000000000000000000000000000000000008d
:1093e000000000000000000000000000000000007d
:1093f000000000000000000000000000000000006d
:10940000000000000000000000000000000000005c
:10941000000000000000000000000000000000004c
:10942000000000000000000000000000000000003c
:10943000000000000000000000000000000000002c
:10944000000000000000000000000000000000001c
:10945000000000000000000000000000000000000c
:1094600000000000000000000000000000000000fc
:1094700000000000000000000000000000000000ec
:1094800000000000000000000000000000000000dc
:1094900000000000000000000000000000000000cc
:1094a00000000000000000000000000000000000bc
:1094b00000000000000000000000000000000000ac
:1094c000000000000000000000000000000000009c
:1094d000000000000000000000000000000000008c
:1094e000000000000000000000000000000000007c
:1094f000000000000000000000000000000000006c
:10950000000000000000000000000000000000005b
:10951000000000000000000000000000000000004b
:10952000000000000000000000000000000000003b
:10953000000000000000000000000000000000002b
:10954000000000000000000000000000000000001b
:10955000000000000000000000000000000000000b
:1095600000000000000000000000000000000000fb
:1095700000000000000000000000000000000000eb
:1095800000000000000000000000000000000000db
:1095900000000000000000000000000000000000cb
:1095a00000000000000000000000000000000000bb
:1095b00000000000000000000000000000000000ab
:1095c000000000000000000000000000000000009b
:1095d000000000000000000000000000000000008b
:1095e000000000000000000000000000000000007b
:1095f000000000000000000000000000000000006b
:10960000000000000000000000000000000000005a
:10961000000000000000000000000000000000004a
:10962000000000000000000000000000000000003a
:10963000000000000000000000000000000000002a
:10964000000000000000000000000000000000001a
:10965000000000000000000000000000000000000a
:1096600000000000000000000000000000000000fa
:1096700000000000000000000000000000000000ea
:1096800000000000000000000000000000000000da
:1096900000000000000000000000000000000000ca
:1096a00000000000000000000000000000000000ba
:1096b00000000000000000000000000000000000aa
:1096c000000000000000000000000000000000009a
:1096d000000000000000000000000000000000008a
:1096e000000000000000000000000000000000007a
:1096f000000000000000000000000000000000006a
:109700000000000000000000000000000000000059
:109710000000000000000000000000000000000049
:109720000000000000000000000000000000000039
:109730000000000000000000000000000000000029
:109740000000000000000000000000000000000019
:109750000000000000000000000000000000000009
:1097600000000000000000000000000000000000f9
:1097700000000000000000000000000000000000e9
:1097800000000000000000000000000000000000d9
:1097900000000000000000000000000000000000c9
:1097a00000000000000000000000000000000000b9
:1097b00000000000000000000000000000000000a9
:1097c0000000000000000000000000000000000099
:1097d0000000000000000000000000000000000089
:1097e0000000000000000000000000000000000079
:1097f0000000000000000000000000000000000069
:109800000000000000000000000000000000000058
:109810000000000000000000000000000000000048
:109820000000000000000000000000000000000038
:109830000000000000000000000000000000000028
:109840000000000000000000000000000000000018
:109850000000000000000000000000000000000008
:1098600000000000000000000000000000000000f8
:1098700000000000000000000000000000000000e8
:1098800000000000000000000000000000000000d8
:1098900000000000000000000000000000000000c8
:1098a00000000000000000000000000000000000b8
:1098b00000000000000000000000000000000000a8
:1098c0000000000000000000000000000000000098
:1098d0000000000000000000000000000000000088
:1098e0000000000000000000000000000000000078
:1098f0000000000000000000000000000000000068
:109900000000000000000000000000000000000057
:109910000000000000000000000000000000000047
:109920000000000000000000000000000000000037
:109930000000000000000000000000000000000027
:109940000000000000000000000000000000000017
:109950000000000000000000000000000000000007
:1099600000000000000000000000000000000000f7
:1099700000000000000000000000000000000000e7
:1099800000000000000000000000000000000000d7
:1099900000000000000000000000000000000000c7
:1099a00000000000000000000000000000000000b7
:1099b00000000000000000000000000000000000a7
:1099c0000000000000000000000000000000000097
:1099d0000000000000000000000000000000000087
:1099e0000000000000000000000000000000000077
:1099f0000000000000000000000000000000000067
:109a00000000000000000000000000000000000056
:109a10000000000000000000000000000000000046
:109a20000000000000000000000000000000000036
:109a30000000000000000000000000000000000026
:109a40000000000000000000000000000000000016
:109a50000000000000000000000000000000000006
:109a600000000000000000000000000000000000f6
:109a700000000000000000000000000000000000e6
:109a800000000000000000000000000000000000d6
:109a900000000000000000000000000000000000c6
:109aa00000000000000000000000000000000000b6
:109ab00000000000000000000000000000000000a6
:109ac0000000000000000000000000000000000096
:109ad0000000000000000000000000000000000086
:109ae0000000000000000000000000000000000076
:109af0000000000000000000000000000000000066
:109b00000000000000000000000000000000000055
:109b10000000000000000000000000000000000045
:109b20000000000000000000000000000000000035
:109b30000000000000000000000000000000000025
:109b40000000000000000000000000000000000015
:109b50000000000000000000000000000000000005
:109b600000000000000000000000000000000000f5
:109b700000000000000000000000000000000000e5
:109b800000000000000000000000000000000000d5
:109b900000000000000000000000000000000000c5
:109ba00000000000000000000000000000000000b5
:109bb00000000000000000000000000000000000a5
:109bc0000000000000000000000000000000000095
:109bd0000000000000000000000000000000000085
:109be0000000000000000000000000000000000075
:109bf0000000000000000000000000000000000065
:109c00000000000000000000000000000000000054
:109c10000000000000000000000000000000000044
:109c20000000000000000000000000000000000034
:109c30000000000000000000000000000000000024
:109c40000000000000000000000000000000000014
:109c50000000000000000000000000000000000004
:109c600000000000000000000000000000000000f4
:109c700000000000000000000000000000000000e4
:109c800000000000000000000000000000000000d4
:109c900000000000000000000000000000000000c4
:109ca00000000000000000000000000000000000b4
:109cb00000000000000000000000000000000000a4
:109cc0000000000000000000000000000000000094
:109cd0000000000000000000000000000000000084
:109ce0000000000000000000000000000000000074
:109cf0000000000000000000000000000000000064
:109d00000000000000000000000000000000000053
:109d10000000000000000000000000000000000043
:109d20000000000000000000000000000000000033
:109d30000000000000000000000000000000000023
:109d40000000000000000000000000000000000013
:109d50000000000000000000000000000000000003
:109d600000000000000000000000000000000000f3
:109d700000000000000000000000000000000000e3
:109d800000000000000000000000000000000000d3
:109d900000000000000000000000000000000000c3
:109da00000000000000000000000000000000000b3
:109db00000000000000000000000000000000000a3
:109dc0000000000000000000000000000000000093
:109dd0000000000000000000000000000000000083
:109de0000000000000000000000000000000000073
:109df0000000000000000000000000000000000063
:109e00000000000000000000000000000000000052
:109e10000000000000000000000000000000000042
:109e20000000000000000000000000000000000032
:109e30000000000000000000000000000000000022
:109e40000000000000000000000000000000000012
:109e50000000000000000000000000000000000002
:109e600000000000000000000000000000000000f2
:109e700000000000000000000000000000000000e2
:109e800000000000000000000000000000000000d2
:109e900000000000000000000000000000000000c2
:109ea00000000000000000000000000000000000b2
:109eb00000000000000000000000000000000000a2
:109ec0000000000000000000000000000000000092
:109ed0000000000000000000000000000000000082
:109ee0000000000000000000000000000000000072
:109ef0000000000000000000000000000000000062
:109f00000000000000000000000000000000000051
:109f10000000000000000000000000000000000041
:109f20000000000000000000000000000000000031
:109f30000000000000000000000000000000000021
:109f40000000000000000000000000000000000011
:109f50000000000000000000000000000000000001
:109f600000000000000000000000000000000000f1
:109f700000000000000000000000000000000000e1
:109f800000000000000000000000000000000000d1
:109f900000000000000000000000000000000000c1
:109fa00000000000000000000000000000000000b1
:109fb00000000000000000000000000000000000a1
:109fc0000000000000000000000000000000000091
:109fd0000000000000000000000000000000000081
:109fe0000000000000000000000000000000000071
:109ff0000000000000000000000000000000000061
:020000040000fa
:020000040001f9
:10a000000000000000000000000000000000000050
:10a010000000000000000000000000000000000040
:10a020000000000000000000000000000000000030
:10a030000000000000000000000000000000000020
:10a040000000000000000000000000000000000010
:10a050000000000000000000000000000000000000
:10a0600000000000000000000000000000000000f0
:10a0700000000000000000000000000000000000e0
:10a0800000000000000000000000000000000000d0
:10a0900000000000000000000000000000000000c0
:10a0a00000000000000000000000000000000000b0
:10a0b00000000000000000000000000000000000a0
:10a0c0000000000000000000000000000000000090
:10a0d0000000000000000000000000000000000080
:10a0e0000000000000000000000000000000000070
:10a0f0000000000000000000000000000000000060
:10a10000000000000000000000000000000000004f
:10a11000000000000000000000000000000000003f
:10a12000000000000000000000000000000000002f
:10a13000000000000000000000000000000000001f
:10a14000000000000000000000000000000000000f
:10a1500000000000000000000000000000000000ff
:10a1600000000000000000000000000000000000ef
:10a1700000000000000000000000000000000000df
:10a1800000000000000000000000000000000000cf
:10a1900000000000000000000000000000000000bf
:10a1a00000000000000000000000000000000000af
:10a1b000000000000000000000000000000000009f
:10a1c000000000000000000000000000000000008f
:10a1d000000000000000000000000000000000007f
:10a1e000000000000000000000000000000000006f
:10a1f000000000000000000000000000000000005f
:10a20000000000000000000000000000000000004e
:10a21000000000000000000000000000000000003e
:10a22000000000000000000000000000000000002e
:10a23000000000000000000000000000000000001e
:10a24000000000000000000000000000000000000e
:10a2500000000000000000000000000000000000fe
:10a2600000000000000000000000000000000000ee
:10a2700000000000000000000000000000000000de
:10a2800000000000000000000000000000000000ce
:10a2900000000000000000000000000000000000be
:10a2a00000000000000000000000000000000000ae
:10a2b000000000000000000000000000000000009e
:10a2c000000000000000000000000000000000008e
:10a2d000000000000000000000000000000000007e
:10a2e000000000000000000000000000000000006e
:10a2f000000000000000000000000000000000005e
:10a30000000000000000000000000000000000004d
:10a31000000000000000000000000000000000003d
:10a32000000000000000000000000000000000002d
:10a33000000000000000000000000000000000001d
:10a34000000000000000000000000000000000000d
:10a3500000000000000000000000000000000000fd
:10a3600000000000000000000000000000000000ed
:10a3700000000000000000000000000000000000dd
:10a3800000000000000000000000000000000000cd
:10a3900000000000000000000000000000000000bd
:10a3a00000000000000000000000000000000000ad
:10a3b000000000000000000000000000000000009d
:10a3c000000000000000000000000000000000008d
:10a3d000000000000000000000000000000000007d
:10a3e000000000000000000000000000000000006d
:10a3f000000000000000000000000000000000005d
:10a40000000000000000000000000000000000004c
:10a41000000000000000000000000000000000003c
:10a42000000000000000000000000000000000002c
:10a43000000000000000000000000000000000001c
:10a44000000000000000000000000000000000000c
:10a4500000000000000000000000000000000000fc
:10a4600000000000000000000000000000000000ec
:10a4700000000000000000000000000000000000dc
:10a4800000000000000000000000000000000000cc
:10a4900000000000000000000000000000000000bc
:10a4a00000000000000000000000000000000000ac
:10a4b000000000000000000000000000000000009c
:10a4c000000000000000000000000000000000008c
:10a4d000000000000000000000000000000000007c
:10a4e000000000000000000000000000000000006c
:10a4f000000000000000000000000000000000005c
:10a50000000000000000000000000000000000004b
:10a51000000000000000000000000000000000003b
:10a52000000000000000000000000000000000002b
:10a53000000000000000000000000000000000001b
:10a54000000000000000000000000000000000000b
:10a5500000000000000000000000000000000000fb
:10a5600000000000000000000000000000000000eb
:10a5700000000000000000000000000000000000db
:10a5800000000000000000000000000000000000cb
:10a5900000000000000000000000000000000000bb
:10a5a00000000000000000000000000000000000ab
:10a5b000000000000000000000000000000000009b
:10a5c000000000000000000000000000000000008b
:10a5d000000000000000000000000000000000007b
:10a5e000000000000000000000000000000000006b
:10a5f000000000000000000000000000000000005b
:10a60000000000000000000000000000000000004a
:10a61000000000000000000000000000000000003a
:10a62000000000000000000000000000000000002a
:10a63000000000000000000000000000000000001a
:10a64000000000000000000000000000000000000a
:10a6500000000000000000000000000000000000fa
:10a6600000000000000000000000000000000000ea
:10a6700000000000000000000000000000000000da
:10a6800000000000000000000000000000000000ca
:10a6900000000000000000000000000000000000ba
:10a6a00000000000000000000000000000000000aa
:10a6b000000000000000000000000000000000009a
:10a6c000000000000000000000000000000000008a
:10a6d000000000000000000000000000000000007a
:10a6e000000000000000000000000000000000006a
:10a6f000000000000000000000000000000000005a
:10a700000000000000000000000000000000000049
:10a710000000000000000000000000000000000039
:10a720000000000000000000000000000000000029
:10a730000000000000000000000000000000000019
:10a740000000000000000000000000000000000009
:10a7500000000000000000000000000000000000f9
:10a7600000000000000000000000000000000000e9
:10a7700000000000000000000000000000000000d9
:10a7800000000000000000000000000000000000c9
:10a7900000000000000000000000000000000000b9
:10a7a00000000000000000000000000000000000a9
:10a7b0000000000000000000000000000000000099
:10a7c0000000000000000000000000000000000089
:10a7d0000000000000000000000000000000000079
:10a7e0000000000000000000000000000000000069
:10a7f0000000000000000000000000000000000059
:10a800000000000000000000000000000000000048
:10a810000000000000000000000000000000000038
:10a820000000000000000000000000000000000028
:10a830000000000000000000000000000000000018
:10a840000000000000000000000000000000000008
:10a8500000000000000000000000000000000000f8
:10a8600000000000000000000000000000000000e8
:10a8700000000000000000000000000000000000d8
:10a8800000000000000000000000000000000000c8
:10a8900000000000000000000000000000000000b8
:10a8a00000000000000000000000000000000000a8
:10a8b0000000000000000000000000000000000098
:10a8c0000000000000000000000000000000000088
:10a8d0000000000000000000000000000000000078
:10a8e0000000000000000000000000000000000068
:10a8f0000000000000000000000000000000000058
:10a900000000000000000000000000000000000047
:10a910000000000000000000000000000000000037
:10a920000000000000000000000000000000000027
:10a930000000000000000000000000000000000017
:10a940000000000000000000000000000000000007
:10a9500000000000000000000000000000000000f7
:10a9600000000000000000000000000000000000e7
:10a9700000000000000000000000000000000000d7
:10a9800000000000000000000000000000000000c7
:10a9900000000000000000000000000000000000b7
:10a9a00000000000000000000000000000000000a7
:10a9b0000000000000000000000000000000000097
:10a9c0000000000000000000000000000000000087
:10a9d0000000000000000000000000000000000077
:10a9e0000000000000000000000000000000000067
:10a9f0000000000000000000000000000000000057
:10aa00000000000000000000000000000000000046
:10aa10000000000000000000000000000000000036
:10aa20000000000000000000000000000000000026
:10aa30000000000000000000000000000000000016
:10aa40000000000000000000000000000000000006
:10aa500000000000000000000000000000000000f6
:10aa600000000000000000000000000000000000e6
:10aa700000000000000000000000000000000000d6
:10aa800000000000000000000000000000000000c6
:10aa900000000000000000000000000000000000b6
:10aaa00000000000000000000000000000000000a6
:10aab0000000000000000000000000000000000096
:10aac0000000000000000000000000000000000086
:10aad0000000000000000000000000000000000076
:10aae0000000000000000000000000000000000066
:10aaf0000000000000000000000000000000000056
:10ab00000000000000000000000000000000000045
:10ab10000000000000000000000000000000000035
:10ab20000000000000000000000000000000000025
:10ab30000000000000000000000000000000000015
:10ab40000000000000000000000000000000000005
:10ab500000000000000000000000000000000000f5
:10ab600000000000000000000000000000000000e5
:10ab700000000000000000000000000000000000d5
:10ab800000000000000000000000000000000000c5
:10ab900000000000000000000000000000000000b5
:10aba00000000000000000000000000000000000a5
:10abb0000000000000000000000000000000000095
:10abc0000000000000000000000000000000000085
:10abd0000000000000000000000000000000000075
:10abe0000000000000000000000000000000000065
:10abf0000000000000000000000000000000000055
:10ac00000000000000000000000000000000000044
:10ac10000000000000000000000000000000000034
:10ac20000000000000000000000000000000000024
:10ac30000000000000000000000000000000000014
:10ac40000000000000000000000000000000000004
:10ac500000000000000000000000000000000000f4
:10ac600000000000000000000000000000000000e4
:10ac700000000000000000000000000000000000d4
:10ac800000000000000000000000000000000000c4
:10ac900000000000000000000000000000000000b4
:10aca00000000000000000000000000000000000a4
:10acb0000000000000000000000000000000000094
:10acc0000000000000000000000000000000000084
:10acd0000000000000000000000000000000000074
:10ace0000000000000000000000000000000000064
:10acf0000000000000000000000000000000000054
:10ad00000000000000000000000000000000000043
:10ad10000000000000000000000000000000000033
:10ad20000000000000000000000000000000000023
:10ad30000000000000000000000000000000000013
:10ad40000000000000000000000000000000000003
:10ad500000000000000000000000000000000000f3
:10ad600000000000000000000000000000000000e3
:10ad700000000000000000000000000000000000d3
:10ad800000000000000000000000000000000000c3
:10ad900000000000000000000000000000000000b3
:10ada00000000000000000000000000000000000a3
:10adb0000000000000000000000000000000000093
:10adc0000000000000000000000000000000000083
:10add0000000000000000000000000000000000073
:10ade0000000000000000000000000000000000063
:10adf0000000000000000000000000000000000053
:10ae00000000000000000000000000000000000042
:10ae10000000000000000000000000000000000032
:10ae20000000000000000000000000000000000022
:10ae30000000000000000000000000000000000012
:10ae40000000000000000000000000000000000002
:10ae500000000000000000000000000000000000f2
:10ae600000000000000000000000000000000000e2
:10ae700000000000000000000000000000000000d2
:10ae800000000000000000000000000000000000c2
:10ae900000000000000000000000000000000000b2
:10aea00000000000000000000000000000000000a2
:10aeb0000000000000000000000000000000000092
:10aec0000000000000000000000000000000000082
:10aed0000000000000000000000000000000000072
:10aee0000000000000000000000000000000000062
:10aef0000000000000000000000000000000000052
:10af00000000000000000000000000000000000041
:10af10000000000000000000000000000000000031
:10af20000000000000000000000000000000000021
:10af30000000000000000000000000000000000011
:10af40000000000000000000000000000000000001
:10af500000000000000000000000000000000000f1
:10af600000000000000000000000000000000000e1
:10af700000000000000000000000000000000000d1
:10af800000000000000000000000000000000000c1
:10af900000000000000000000000000000000000b1
:10afa00000000000000000000000000000000000a1
:10afb0000000000000000000000000000000000091
:10afc0000000000000000000000000000000000081
:10afd0000000000000000000000000000000000071
:10afe0000000000000000000000000000000000061
:10aff0000000000000000000000000000000000051
:020000040000fa
:020000040001f9
:10b000000400fa00000f7800110798001e40780035
:10b010000080fb00ee00b90080007800c01a2e000e
:10b020000080400090007800f00f2000808f5000da
:10b0300002003a0010c0b300010037000040eb00ee
:10b040000080fa00000006000400fa00000f7800fb
:10b05000110798001e4078000080fb00ee00b90048
:10b0600080007800c01a2e00008040009000780018
:10b07000f00f2000808f500002003a0010c0b30093
:10b08000040137001e4090000080fb000000e0003b
:10b090001f003200e10f500039003a001e407800d6
:10b0a0000080fb00ee00b9008080e800c01a2e008e
:10b0b00000804000100078009e4078008180fb00f6
:10b0c000ee09b900820078000181e800c11a2e0063
:10b0d0008100410091007800110178009e407800c5
:10b0e0008180fb00ee0ab90084017800c11a2e00ad
:10b0f0008180410091007800130020008118dd005c
:10b100008180ea0081006100010878001e0037009c
:10b110001e4078000080fb00ee00b9008080e8004f
:10b12000c01a2e0000804000100078009e40780079
:10b130008180fb00ee09b900820078000181e800ff
:10b14000c11a2e00810041009100780011017800a1
:10b150009e4078008180fb00ee0ab90084017800ef
:10b16000c11a2e0081804100910078001300200058
:10b170008118dd008280700001087800020037002d
:10b1800010c0b300c30037002e4090000080fb00c9
:10b19000e40f500049003200e40f500007003c006b
:10b1a000e20f50000c003200e20f500027003c007c
:10b1b0000000e000b5003200b2003700e60f50009a
:10b1c00077003200e60f500059003500e70f5000bd
:10b1d00090003200ab0037001e4078000080fb007a
:10b1e000ee00b900e8004000c01a2e0000804000c8
:10b1f000100078009e4078008180fb00ee09b900c5
:10b200008200780068814000c11a2e008100410050
:10b2100091007800110178009e4078008180fb0049
:10b22000ee0ab90084017800c11a2e008180410025
:10b2300091007800130020008118dd008180ea0071
:10b240008100610001087800910037001e407800fd
:10b250000080fb00ee00b900e8004000c01a2e009c
:10b2600000804000100078009e4078008180fb0044
:10b27000ee09b9008200780068814000c11a2e00f2
:10b280008100410091007800110178009e40780013
:10b290008180fb00ee0ab90084017800c11a2e00fb
:10b2a0008180410091007800130020008118dd00aa
:10b2b0008280700001087800750037001e40780019
:10b2c0000080fb00ee00b900ea004000c01a2e002a
:10b2d00000804000100078009e4078008180fb00d4
:10b2e000ee09b900820078006a814000c11a2e0080
:10b2f0008100410091007800110178009e407800a3
:10b300008180fb00ee0ab90084017800c11a2e008a
:10b310008180410091007800130020008118dd0039
:10b320008180ea0081006100010878005800370040
:10b330001e4078000080fb00ee00b900ea004000eb
:10b34000c01a2e0000804000100078009e40780057
:10b350008180fb00ee09b900820078006a8140001c
:10b36000c11a2e008100410091007800110178007f
:10b370009e4078008180fb00ee0ab90084017800cd
:10b38000c11a2e0081804100910078001300200036
:10b390008118dd0082807000010878003c003700d1
:10b3a0001e4078000080fb00ee00b900ec00400079
:10b3b000c01a2e0000804000100078009e407800e7
:10b3c0008180fb00ee09b900820078006c814000aa
:10b3d000c11a2e008100410091007800110178000f
:10b3e0009e4078008180fb00ee0ab900840178005d
:10b3f000c11a2e00818041009100780013002000c6
:10b400008118dd008180ea00810061000108780078
:10b410001f0037001e4078000080fb00ee00b900de
:10b42000ec004000c01a2e000080400010007800a0
:10b430009e4078008180fb00ee09b9008200780010
:10b440006c814000c11a2e008100410091007800fb
:10b45000110178009e4078008180fb00ee0ab9005f
:10b4600084017800c11a2e0081804100910078008b
:10b47000130020008118dd00828070000108780030
:10b480000300370010c0b3000200370000000000c6
:10b490000040eb000080fa00000006000400fa0003
:10b4a000000f7800110798001e4078000080fb0014
:10b4b000ee00b90080007800c01a2e000080400025
:10b4c00090007800f00f2000808f500002003a00ba
:10b4d00010c0b3003c0037003e4090000004e00084
:10b4e0001c0032001e4078000080fb00ee00b90016
:10b4f000e4004000c01a2e000080400010007800d8
:10b500009e4078008180fb00ee09b900820078003f
:10b5100064814000c11a2e00810041009100780032
:10b52000110178009e4078008180fb00ee0ab9008e
:10b5300084017800c11a2e008180410091007800ba
:10b54000130020008118dd0082807000010878005f
:10b550001c0037001e4078000080fb00ee00b900a0
:10b56000e4004000c01a2e00008040001000780067
:10b570009e4078008180fb00ee09b90082007800cf
:10b5800064814000c11a2e008100410091007800c2
:10b59000110178009e4078008180fb00ee0ab9001e
:10b5a00084017800c11a2e0081804100910078004a
:10b5b000130020008118dd008180ea008100610015
:10b5c000010878000040eb000080fa00000006004f
:10b5d0000400fa00000f7800110798001e40780060
:10b5e0000080fb00ee00b900e4004000c01a2e000d
:10b5f0000080400010007800900078001e40780025
:10b600000080fb00ee01b900c01a2e0000004100ce
:10b61000100078000008de00004078006140600003
:10b620000080fa00000006000400fa00000f780015
:10b63000110798001e4078000080fb00ee00b90062
:10b64000e6004000c01a2e00008040001000780084
:10b65000900078001e4078000080fb00ee01b900e9
:10b66000c01a2e0000004100100078000008de0023
:10b6700000407800614060000080fa000000060091
:10b680000600fa0010079800210798000040eb0020
:10b69000004f78000040eb00004f78000b003700af
:10b6a0003e4090000080fb0080007800423a2e006f
:10b6b0001e80fb00e300b90000004100799a0700fa
:10b6c0000000e000050032001e4fe8001e40780038
:10b6d000e74f5000f2ff3600010037000000000085
:10b6e0001e4078000080fa00000006000600fa0004
:10b6f00010079800210798000040eb00004f7800e9
:10b700000040eb00004f78000b0037004e409000e7
:10b710000080fb0080007800423a2e001e80fb0073
:10b72000e300b900000041005e9a07000000e0005d
:10b73000050032001e4fe8001e407800e74f500021
:10b74000f2ff360001003700000000001e407800c4
:10b750000080fa00000006000400fa00008fbe001e
:10b760002188a9002168a900800820000011880014
:10b770002222ef001e0178009e019000c01e2400ce
:10b7800051132000c29507004c09dd004400de0083
:10b7900000007100c408de00000078000000e9002d
:10b7a000401188002062a9002168a80021e2a800b9
:10b7b0002342a8000080fa00000006001000fa00f2
:10b7c00060079800710798006e019000fe019000dc
:10b7d000c01e240051132000ad9507004c09dd0068
:10b7e0004400de0000007100c408de00610050006b
:10b7f000e080580020079800310798002e00900044
:10b80000be00900061014000e08148004418dd0066
:10b81000cc10de00810070004410dd000001be008d
:10b82000c01e24005113200099950700400798007e
:10b83000510798006e019000fe0190004e009000ac
:10b84000de009000800f5100818f590011003600fa
:10b850006e019000fe0190004e009000de0090000e
:10b86000000051008180590072950700008fbe00d2
:10b870006e009000fe0090006e9507000001be0073
:10b880001e0078009e0090007f960700008fbe008b
:10b89000100037004e019000de0190006e00900015
:10b8a000fe00900000005100818059006195070062
:10b8b000008fbe006e009000fe0090005d950700b6
:10b8c0000001be001e0078009e0090006e960700ea
:10b8d000008fbe0002002000832c24001e00780090
:10b8e0009e00900047970700008fbe001e00780062
:10b8f0009e009000319507000080fa0000000600cd
:10b900000400fa00b3f307000004e0003000320046
:10b91000b4f30700813e20008180b9001007980031
:10b92000080507000040eb00004f780012003700c8
:10b930001a050700800078001e00900080805000eb
:10b94000f0a52e00808f50000b003e0058d1bf00a4
:10b950000004e000080032001e4078000004a2004d
:10b960000004e0000400320040722e009200070044
:10b9700010c0b300004f780010118000610060001b
:10b980000000e00005003a00040507008000780090
:10b990001e009000808f5000e5ff3900ef04070083
:10b9a000fe040700800078001e009000808f500089
:10b9b000030039008000eb00f0722e0061f20700f6
:10b9c000fa0407000700370051f2070001003700b2
:10b9d0000000000010118000610060000000e00025
:10b9e000f9ff320010118000620060000000e000ea
:10b9f000010032002222a9003011800000407800ae
:10ba00000080fa00000006000600fa00881f780097
:10ba100010079800210798000000eb00000f780045
:10ba2000520037001e0090001e044000b4ff0700c3
:10ba3000004c78006f0207000000e0000c003200ac
:10ba40001e0078000000e00005003a001e00900093
:10ba50001e00400010407800e84f50000400320003
:10ba60001e0090001e0040001040780046000700b5
:10ba70001e0090001e00400010407800ed4f500066
:10ba800007003a001e0078000000e00004003a00c1
:10ba9000810422001e0090008d99070037003700b6
:10baa0001e0090001e00400010407800e84f50003b
:10bab00013003a001e0078000000e0001000320081
:10bac0004c0207000000e0000600320000c2b30094
:10bad0002d0007001e0090001e004000104078005e
:10bae000290007001e0fe9001e0078000000e0009a
:10baf0001e003a000000eb00000f78001b0037002a
:10bb00001e0090001e00400010407800ea4f5000d8
:10bb1000050032001e0090001e004000104078001a
:10bb2000ed4f500008003a001e0090001e0040003b
:10bb30008040eb00014878009e00900080042200c5
:10bb4000639907000d0037001e0090001e004000a2
:10bb500010407800e84f500003003a000000eb006e
:10bb6000000f7800010037001e0fe8002e00900043
:10bb70000000e9009e0f5000aaff3e004f0478002d
:10bb80000080fa00000006000200fa00004f780072
:10bb900000000000111180000020200000806000e3
:10bba0000000e000fbff3a001e80fb00201188002f
:10bbb0000080fa00000006000200fa00000f780082
:10bbc0000b00370000000000111180000020200051
:10bbd000008060000000e000fbff3a001e007800db
:10bbe000104078000000fb00201188001e0fe800c4
:10bbf0001e007800104078000004e000f1ff3a00d9
:10bc00000080fa00000006000000fa001011800019
:10bc100000407800614060000080fb0000f0a70059
:10bc20000000ea000000ea004f00de00004078005b
:10bc30000080fa00000006000000fa0011118000e8
:10bc400000102000008060000000e00007003200cb
:10bc50001111800000402000008060000000e00022
:10bc60000200320010002000010037000000eb004d
:10bc7000004078000080fa00000006000000fa0092
:10bc8000101180004800de00614060000080fb0071
:10bc900000f0a7000000ea000000ea004f00de000c
:10bca000004078000080fa00000006000000fa0062
:10bcb000101180000080fa00000006000000fa0069
:10bcc000d1ff07000080fa00000006000000fa0023
:10bcd000d9ff07000080fa00000006000000fa000b
:10bce000c9ff07000080fa00000006000000fa000b
:0cbcf000e2ff07000080fa0000000600e0
:020000040000fa
:020000040001f9
:10bcfc00ce1100000400000080000000ce1b0000ec
:10bd0c002000000080000000d211000002000000a2
:10bd1c0082000000ffff0000042200001e00000053
:10bd2c00800000008a100000380000008000000035
:10bd3c00842200000400000082000000ffffff00ce
:10bd4c00ff000000c8110000060000008000000089
:10bd5c002a20000082000000800000003211000048
:10bd6c003600000080000000222200001e000000af
:10bd7c0080000000c21000003800000080000000ad
:10bd8c00ac2000005a000000800000006811000088
:10bd9c0036000000800000005e180000da0200008f
:10bdac0080000000481000004200000080000000ed
:10bdbc0006210000500000008200000053544e0089
:10bdcc003231320030207200312e30000000000081
:10bddc00005354004e3231003230200076352e00a4
:10bdec00362e350000005300544e320031323000f4
:10bdfc00207635002e362e0035205b003230320096
:10be0c00302e3100302e3100345d00000000000077
:10be1c0000323100323031003031350034333000f3
:10be2c003300000000000000381b000096000000ea
:10be3c00800000000010000048000000800000009e
:10be4c009e1100000c000000820000000100800028
:10be5c0025000000802500000001000040220000a9
:10be6c001e00000080000000fa10000038000000e6
:10be7c0080000000d6110000880600008000000041
:10be8c00b61100000a000000820000000100390019
:10be9c00300000009e02000000000000aa1100000b
:10beac000c00000080000000001e000020010000bb
:10bebc0080000000001c0000000200008000000058
:10becc00c01100000800000080000000d411000028
:10bedc000200000080000000fe1b000002000000b9
:10beec00800000008c220000020000008000000096
:10befc00ee1b00001000000082000000494e4600be
:10bf0c0000696e0066004e00414e00006e616e00ce
:10bf1c00000000005e2200001e00000082000000f5
:10bf2c00286e69006c29000025006800076c090068
:10bf3c004c836a009074a0007ac00000806888006e
:10bf4c0000846c00820081007c220000080000004c
:10bf5c0082000000696e6600006e61006e000000d9
:10bf6c00ce2100003600000082000000696e6600e1
:10bf7c00696e6900747900006e616e0000000a0041
:10bf8c00000000006400000000e803000000100046
:10bf9c0027000000a0860100004042000f00800036
:10bfac009698000000e1f500055f70008900ff0025
:10bfbc00092f0f00201f00000a0100008200000062
:10bfcc00000102000407030006050000ffffff004c
:10bfdc00ffffff00ffffff00ffffff00ffffff0061
:10bfec00ffffff00ffffff00ffffff00ffffff0051
:10bffc00ffffff00ffffff00ffffff00ffffff0041
:10c00c00ffffff00ffffff00ffffff00ff0001002d
:10c01c0002030400050607000809ff00ffffff00ec
:10c02c00ffffff000a0b0c000d0e0f001011120089
:10c03c001314150016171800191a1b001c1d1e00ce
:10c04c001f2021002223ff00ffffff00ffff0a003b
:10c05c000b0c0d000e0f100011121300141516000e
:10c06c00171819001a1b1c001d1e1f00202122006e
:10c07c0023ffff00ffffff00ffffff00ffffff009c
:10c08c00ffffff00ffffff00ffffff00ffffff00b0
:10c09c00ffffff00ffffff00ffffff00ffffff00a0
:10c0ac00ffffff00ffffff00ffffff00ffffff0090
:10c0bc00ffffff00ffffff00ffffff00ffffff0080
:10c0cc00ffffff00ffffff00ffffff00ffffff0070
:10c0dc00ffffff00ffffff00ffffff00ffffff0060
:10c0ec00ffffff00ffffff00ffffff00ffffff0050
:10c0fc00ffffff00ffffff00ffffff00ffffff0040
:10c10c00ffffff00ffffff00ffffff00ffffff002f
:10c11c00ffffff00ffffff00ffffff00ffffff001f
:10c12c00ffff0000882200000400000080000000d7
:10c13c008e2200000200000080000000562100004a
:10c14c003c00000082000000010003000000000021
:10c15c00000000000000000000001e00490000006c
:10c16c000000000000944800224a0000000000007b
:10c17c0000000000000000000000000000000000b3
:10c18c0000000000000000000000000000000000a3
:10c19c0000000000000000009022000002000000df
:10c1ac0080000000922100003c0000008200000092
:10c1bc00010003000000000000000000000000006f
:10c1cc0000001e0049000000000000000094480020
:10c1dc00224a0000000000000000000000000000e7
:10c1ec000000000000000000000000000000000043
:10c1fc000000000000000000000000000000000033
:10c20c0092220000020000008200000001000000e9
:10c21c0094220000020000008000000000000000da
:020000040000fa
:020000040001f9
:10c22c000000fa00803e2000408f8800601e210034
:10c23c0011c0b30001487800701e21008040eb0053
:10c24c0001487800a01e21008040eb0001487800d6
:10c25c00b01e210011c0b30001487800c01e21009f
:10c26c008040eb0001487800d01e210011c0b300c3
:10c27c0001487800e01e210001c8b3000148780095
:10c28c00f07d200001002000808f8800918f8800b5
:10c29c00103f2300b18d2100e08f8800f18f8800c2
:10c2ac00f07d20000100200060b6880071b6880087
:10c2bc00807e200001002000a08f8800b18f8800b4
:10c2cc0010112f00a18d2100009088001190880082
:10c2dc00f0ff200001002000c08f8800d18f880063
:10c2ec006000b800209088003190880090202100d8
:10c2fc008040eb0001487800e07a210021c0b300b7
:10c30c0001487800002321008040eb0001487800b0
:10c31c00102321008040eb000148780020232100ed
:10c32c008040eb0001487800302321008040eb0076
:10c33c0001487800402f21008040eb000148780034
:10c34c00502f210011c0b30001487800602f21004c
:10c35c008040eb00014878006000b800f09788003e
:10c36c0001988800203021008040eb0001487800c3
:10c37c00303021008040eb0001487800006d210036
:10c38c008040eb00014878002000070010000700f7
:10c39c000040eb000080fa00000006000000fa00ec
:10c3ac00d2002000e1702e00e083210033970700bb
:10c3bc000080fa00000006000000fa00601e210058
:10c3cc008040eb00014878000080fa000000060075
:10c3dc000000fa00601e210011c0b3000148780073
:10c3ec000080fa00000006000000fa00601e210028
:10c3fc00104078000080fb000000ea004f00de00d7
:10c40c00004078000080fa00000006000000fa00ee
:10c41c00701e21008040eb00014878000080fa007b
:10c42c00000006000000fa00701e210011c0b300cd
:10c43c00014878000080fa00000006000000fa00b5
:10c44c00701e2100104078000080fb000000ea0004
:10c45c004f00de00004078000080fa00000006006b
:10c46c000a00fa004007980010c0b300b4f1b700fe
:10c47c0064004700801f78008e1f7800b0712e007a
:10c48c00801f78004e009000a3960700e6875700a7
:10c49c001e0078009e009000c08d8800d18d880011
:10c4ac002e009000be009000e08d8800f18d880079
:10c4bc000080fa00000006000400fa00000f78006b
:10c4cc00110798000080fa00000006000000fa0036
:10c4dc000080fa00000006000000fa0010c0b30053
:10c4ec00b5f1b7000080fa00000006000000fa0069
:10c4fc00b4d1bf000004e00005003200b5d1bf008c
:10c50c000004e0000200320010c0b300100037003d
:10c51c00b4d1bf000004a2000004e000020032000d
:10c52c0020c0b3000a003700b4d1bf000004e00003
:10c53c0006003200b5d1bf000004a2000004e000e8
:10c54c000200320030c0b300010037000040eb00a5
:10c55c000080fa00000006000000fa0030ff07001f
:10c56c00e1e407000080fa00000006000000fa0079
:10c57c00c07a2100104078000080fa00000006000c
:020000040000fa
:020000040001f9
:10c58c000800fa0020079800310798002e000700d9
:10c59c00823e2000030020003a920700008fbe006c
:10c5ac00010037000000000027000700823e200039
:10c5bc0003002000339207003e015000ae8158006a
:10c5cc002e009000be009000800f5100818f59000a
:10c5dc00f4ff3e000080fa00000006000400fa00a0
:10c5ec00008fbe000080fa00000006000000fa0078
:10c5fc0013e1a9001221a90012c1a9009108800021
:10c60c00f0fc2f00008060000040a0009008880023
:10c61c000a21ef00c0d4210070088800214280005c
:10c62c0080ff2f00008060000000a00020428800e6
:10c63c000108a9002108a80013e1a80011e1a80035
:10c64c000080fa00000006000000fa00208e800036
:10c65c00318e80000080fa00000006001000fa0005
:10c66c0040079800510798006207980073079800dc
:10c67c00228e8000338e8000028fbe004e00900010
:10c68c00de0090001e0178009e019000800f51008a
:10c69c00818f59000d0039004e009000de00900093
:10c6ac003e011000ae8118006e009000fe0090005c
:10c6bc00800f5100818f59000200390010c0b30067
:10c6cc00160037000040eb0014003700f2ff2f007b
:10c6dc00f3ff23004e009000de009000000051009c
:10c6ec008180590020079800310798002e00900097
:10c6fc00be0090003e014000ae8148006e009000ec
:10c70c00fe009000800f5100818f5900020039000b
:10c71c0010c0b300010037000040eb000080fa00ad
:10c72c00000006000800fa00200798003107980066
:10c73c00228e8000338e8000028fbe002e0090006f
:10c74c00be0090001e0178009e019000800f5100e9
:10c75c00818f5900060039002e009000be00900019
:10c76c003e011000ae8118000200be000800370028
:10c77c002e009000be0090003e011000ae8118000b
:10c78c00f0ff2f00f1ff23000200400083804800df
:08c79c000080fa000000060015
:020000040000fa
:020000040001f9
:10c7a4000000fe00422822000019780001097800e8
:10c7b400000006000000fe000000eb008000eb001b
:10c7c400f8ff07002e27ef00000006000000fe001f
:10c7d4000000fe00801f7800811f7800821f78000f
:10c7e4004128220012468000c3e8a90031007800e5
:10c7f40070398800110078007039880029e7a80092
:10c80400000000000000000029e7af00feff370031
:10c8140002f0a700c3e8a8004f017800cf00780019
:10c824004f007800000006000000fe00a202800015
:10c83400a10288009080ba001000ba00a202880009
:10c84400000006000000fe00a2028000a102880091
:10c854001000ba00a2028800000006000000fe00da
:10c86400f27f20000001610008003a003200240039
:10c87400423988005039880061398800ece30200ad
:10c88400000000001000200029a7af0000002000d5
:10c89400000006000000fe0029e7af00feff37009d
:10c8a4000000a700130037000010a7001100370094
:10c8b400613988005039880010002400403988000c
:10c8c400a0028000a10f2000a10288000100200026
:10c8d4008208bb008398bb008408bb008598bb001a
:10c8e400ece3020000000000a00288001000200019
:10c8f40029a7af0000002000000006000000fe0091
:10c9040029e7af00feff37000000a700140037003e
:10c914000010a700120037006139880050398800e0
:10c92400a10280001000240040398800a00f2000dc
:10c93400a0028800000020000208bb00f20f2000c3
:10c944000298bb000308bb000298bb00ece30200a2
:10c9540000000000a10288001000200029a7af00f9
:10c964000000200000000600f27f200000006100ab
:10c974000000060002802f0000006100f2ff2f007b
:08c984008100610000000600c3
:020000040000fa
:020000040001f9
:10c98c000000fa00000ea80001198000f0cf2f0063
:10c99c00008060000019880001198000f0f12f0060
:10c9ac0000806000001988002083a9002043a800a3
:10c9bc002143a90011198000f0cf2f0000806000e6
:10c9cc00101988002019800000f0a00020198800a0
:10c9dc0021198000f00f2e00008060000080a00064
:10c9ec00201988002463ef001119800030f82f0003
:10c9fc0000806000101988004119800000fe2f0093
:10ca0c00008060004019880028e3a9001e0ea800d1
:10ca1c0001a8a90021a8a90021e3a80025e3a800ea
:10ca2c0001198000000e2000010070000019880020
:10ca3c0021a3a900b0132000108688000080fa0002
:10ca4c00000006000200fa00000f78009e0078003b
:10ca5c00118688000080fa00000006000000fa0031
:10ca6c000118800010868000000178001100090078
:10ca7c008280d8008000eb00eb9007000080fa0069
:10ca8c00000006000000fa00001880000080fa0088
:10ca9c00000006000200fa002023a8000000eb00b2
:10caac00000f7800010037001e0fe8001003200073
:10cabc009e007800808f5000fbff36000080fa004b
:10cacc00000006000000fa002023a9000080fa00f4
:10cadc00000006000000fa00faff0700000000004a
:10caec0000198000610060000000e000fcff3200d3
:10cafc00e4ff07000080fa00000006000000fa00c6
:10cb0c00042eef00142eef00242eef00342eef0035
:10cb1c00442eef00542eef00642eef0030f921006c
:10cb2c0000708800f0fd2f0080708800f0df23007b
:10cb3c0000718800001620008071880000002f0012
:10cb4c00007288003000200080728800003c2000b9
:10cb5c00007388000c2eef001c2eef002c2eef0023
:10cb6c003c2eef004c2eef005c2eef006c2eef00f5
:10cb7c000a2eef001a2eef002a2eef003a2eef00ad
:10cb8c004a2eef005a2eef006a2eef00062eef0011
:10cb9c00162eef00262eef00362eef00462eef005d
:10cbac00562eef00662eef00308121007070880049
:10cbbc0030102000f07088007080200070718800a8
:10cbcc0000002f0070728800113a8000f00b2000da
:10cbdc000081600060042000710520002374200097
:10cbec0080497800814978008249780011348000ae
:10cbfc00f00f2c00008060000080a0001034880032
:10cc0c002136800000f82f00808060006002200038
:10cc1c00010070002036880061348000f00f2c0079
:10cc2c008080600000e0200001007000603488000b
:10cc3c00a136800000f82f008080600000062000e4
:10cc4c0001007000a0368800103a800000017800c6
:10cc5c000260a000600420007105200023742000f5
:10cc6c008049780081497800824978000080fa0078
:10cc7c00000006000000fa000021ef0020732000e5
:10cc8c00100888000000280020088800408e8000d2
:10cc9c000000e00002003a00c0682e001e000700f1
:10ccac000068a9002068a800ca71ef000080fa0093
:10ccbc00000006000200fa00000f78009e007800c9
:10cccc0011088800ca71ef000080fa00000006000d
:10ccdc000000fa00100880000080fa000000060036
:10ccec000200fa00000f78009e007800010888000e
:10ccfc00ca71ef000080fa00000006000000fa0084
:10cd0c00000880000080fa00000006000000fa0015
:10cd1c000080fa00000006000200fa00000f780004
:10cd2c002068a9009e007800418e88002068a80029
:10cd3c000080fa00000006000000fa00ca71ef0043
:10cd4c002068a80005e1a8000080fa000000060099
:10cd5c000000fa0005e1a9002068a9000080fa0093
:10cd6c00000006000200fa00a11c2100914078008e
:10cd7c00014f78001e4078000004e00001003200f2
:10cd8c00ca71ef001e4078000080fa000000060017
:10cd9c000000fa00608e80000080fa00000006009f
:10cdac000000fa00cc31ef000080fa000000060011
:10cdbc001e00fa00889fbe0000047800510f9800f6
:10cdcc00425f98000000eb00200798005e0890007e
:10cddc00c3940700100798004e5890000000fb0009
:10cdec00800078001e009000aa960700000f7800c3
:10cdfc0011003700ae0490001e007800b8940700b4
:10ce0c00800078000900e800000040006400400049
:10ce1c00013778002e0090000000e80020079800f1
:10ce2c004e5890000000fb00800078000000eb00e2
:10ce3c0098960700000f78001e0078000000e000b4
:10ce4c00030032002e009000e90f5000e9ff34007f
:10ce5c001e0090006e940700e40047000a000900d1
:10ce6c00311c78006801b100080078004f04be0046
:10ce7c000080fa00000006000400fa001007980079
:10ce8c000000eb00000f7800070037009e009000b8
:10ce9c001e00e800000040000080400010007800f8
:10ceac005b9407001e0fe8001e0090001000780035
:10cebc009e0f5000f5ff3c000080fa0000000600b9
:10cecc000000fa0000042300203a88004827ef00f5
:10cedc004e27ef00a0022000303a88006027ef00b8
:10ceec006227ef006427ef006627ef006c27ef0046
:10cefc001200200080072000a109200033742000bc
:10cf0c00804978008149780082497800120020001d
:10cf1c0060042000710520002374200080497800f3
:10cf2c00814978008249780000000000103a8000a6
:10cf3c00610060000000e000fcff3a00000000000f
:10cf4c00113a800000022000008060000000e00028
:10cf5c00fbff32000080fa00000006000200fa001d
:10cf6c00000f78000300370000e2240001002000cd
:10cf7c004f0007001e00780000f0a7000000ea0038
:10cf8c000000ea004f00de00004078001e0fe900b0
:10cf9c000004e000f4ff3a000080fa0000000600f4
:10cfac000000fa002300070085de0700d0002000f7
:10cfbc00f2fa070040732e00fcfa0700d0002000a4
:10cfcc00eefa0700e0032000ecfa0700c103200092
:10cfdc00a00c220089fa070018fd07000004e000ed
:10cfec0002003200a0002000e4fa0700a00c22008e
:10cffc00a5bf0700f5ff37000200fa00000f78000c
:10d00c0021028000200f2000008060001e007000b4
:10d01c00200288000080fa00000006000000fa00e0
:10d02c00c3e8a80000000000000000000080fa0027
:10d03c00000006000000fa00b0fe0700a0ff070089
:10d04c00d5ef07000058220001002000bff90700af
:10d05c00d5e50700f1ff070000022000e6ff0700fe
:10d06c00cefc070003ff070045fe0700caea0700d5
:08d07c000080fa00000006002c
:020000040000fa
:020000040001f9
:10d084000200fa00000f78009e007800918e88005c
:10d094000000fe000080fa00000006000000fa0014
:10d0a400e0bc21008007780060be210000018800f8
:08d0b4000080fa0000000600f4
:020000040000fa
:020000040001f9
:10d0bc00f03fb1000180b10006003500ee0309001d
:10d0cc0000000000403fb1000180b100fbff3d00bb
:10d0dc001000b000203fb0000200350000800900b5
:08d0ec00000000000000060036
:020000040000fa
:020000040001f9
:10d0f400809fbe00ec80570031007800708e88005d
:10d1040011007800d0f1b7004f00be000000060007
:020000040000fa
:020000040005f5
:045fe000cfff0000ef
:020000040000fa
:020000040005f5
:045fe400ffff0000bb
:020000040000fa
:020000040005f5
:045fe8007fff000037
:020000040000fa
:020000040005f5
:045fec007fff000033
:020000040000fa
:020000040005f5
:045ff00078ff000036
:020000040000fa
:020000040005f5
:045ff400ffffff00ac
:00000001FF
